<?xml version="1.0" encoding="UTF-8" standalone="no"?><gpx xmlns="http://www.topografix.com/GPX/1/1" xmlns:xsi="http://www.w3.org/2001/XMLSchema-instance" creator="Suunto app" version="1.1" xsi:schemaLocation="http://www.topografix.com/GPX/1/1 http://www.topografix.com/GPX/1/1/gpx.xsd"><metadata><name>suuntoapp-DownhillSkiing-2026-03-13T09-18-26Z</name><desc>Raw Suunto app export, committed as recorded except for two removals: the per-point &lt;extensions&gt; subtree (heart rate) and the &lt;author&gt; block, neither of which any parser or test here reads. Coordinates, elevations and per-point timestamps are untouched.</desc></metadata><trk><name>suuntoapp-DownhillSkiing-2026-03-13T09-18-26Z</name><trkseg><trkpt lat="46.09963" lon="7.268552"><ele>2735.4</ele><time>2026-03-13T09:18:37Z</time></trkpt><trkpt lat="46.099605" lon="7.268567"><ele>2735.4</ele><time>2026-03-13T09:18:38Z</time></trkpt><trkpt lat="46.099582" lon="7.268597"><ele>2735.6</ele><time>2026-03-13T09:18:40Z</time></trkpt><trkpt lat="46.099562" lon="7.268612"><ele>2735.6</ele><time>2026-03-13T09:18:41Z</time></trkpt><trkpt lat="46.099542" lon="7.268637"><ele>2735.6</ele><time>2026-03-13T09:18:42Z</time></trkpt><trkpt lat="46.099525" lon="7.268657"><ele>2735.4</ele><time>2026-03-13T09:18:43Z</time></trkpt><trkpt lat="46.099505" lon="7.268682"><ele>2735.2</ele><time>2026-03-13T09:18:44Z</time></trkpt><trkpt lat="46.099485" lon="7.268722"><ele>2735.0</ele><time>2026-03-13T09:18:45Z</time></trkpt><trkpt lat="46.099472" lon="7.268772"><ele>2734.8</ele><time>2026-03-13T09:18:46Z</time></trkpt><trkpt lat="46.09946" lon="7.268832"><ele>2734.8</ele><time>2026-03-13T09:18:47Z</time></trkpt><trkpt lat="46.099452" lon="7.26891"><ele>2734.4</ele><time>2026-03-13T09:18:48Z</time></trkpt><trkpt lat="46.09944" lon="7.268992"><ele>2734.2</ele><time>2026-03-13T09:18:49Z</time></trkpt><trkpt lat="46.099432" lon="7.269085"><ele>2733.6</ele><time>2026-03-13T09:18:50Z</time></trkpt><trkpt lat="46.099437" lon="7.269187"><ele>2733.0</ele><time>2026-03-13T09:18:51Z</time></trkpt><trkpt lat="46.099437" lon="7.269287"><ele>2732.6</ele><time>2026-03-13T09:18:52Z</time></trkpt><trkpt lat="46.099417" lon="7.269382"><ele>2732.2</ele><time>2026-03-13T09:18:53Z</time></trkpt><trkpt lat="46.099402" lon="7.269477"><ele>2731.6</ele><time>2026-03-13T09:18:54Z</time></trkpt><trkpt lat="46.099407" lon="7.269572"><ele>2731.2</ele><time>2026-03-13T09:18:55Z</time></trkpt><trkpt lat="46.099415" lon="7.269667"><ele>2730.8</ele><time>2026-03-13T09:18:56Z</time></trkpt><trkpt lat="46.099417" lon="7.26976"><ele>2730.4</ele><time>2026-03-13T09:18:57Z</time></trkpt><trkpt lat="46.099397" lon="7.26985"><ele>2730.0</ele><time>2026-03-13T09:18:58Z</time></trkpt><trkpt lat="46.099372" lon="7.269927"><ele>2729.4</ele><time>2026-03-13T09:18:59Z</time></trkpt><trkpt lat="46.099352" lon="7.27001"><ele>2728.6</ele><time>2026-03-13T09:19:00Z</time></trkpt><trkpt lat="46.099337" lon="7.270102"><ele>2728.0</ele><time>2026-03-13T09:19:01Z</time></trkpt><trkpt lat="46.099317" lon="7.270187"><ele>2727.4</ele><time>2026-03-13T09:19:02Z</time></trkpt><trkpt lat="46.09928" lon="7.270262"><ele>2726.6</ele><time>2026-03-13T09:19:03Z</time></trkpt><trkpt lat="46.099245" lon="7.270342"><ele>2726.0</ele><time>2026-03-13T09:19:04Z</time></trkpt><trkpt lat="46.09921" lon="7.270435"><ele>2725.4</ele><time>2026-03-13T09:19:05Z</time></trkpt><trkpt lat="46.099157" lon="7.270507"><ele>2724.8</ele><time>2026-03-13T09:19:06Z</time></trkpt><trkpt lat="46.099117" lon="7.27059"><ele>2724.2</ele><time>2026-03-13T09:19:07Z</time></trkpt><trkpt lat="46.099097" lon="7.2707"><ele>2723.4</ele><time>2026-03-13T09:19:08Z</time></trkpt><trkpt lat="46.099057" lon="7.270795"><ele>2722.6</ele><time>2026-03-13T09:19:09Z</time></trkpt><trkpt lat="46.099003" lon="7.270865"><ele>2721.8</ele><time>2026-03-13T09:19:10Z</time></trkpt><trkpt lat="46.098942" lon="7.270902"><ele>2720.8</ele><time>2026-03-13T09:19:11Z</time></trkpt><trkpt lat="46.098877" lon="7.270917"><ele>2719.2</ele><time>2026-03-13T09:19:12Z</time></trkpt><trkpt lat="46.098807" lon="7.270897"><ele>2717.4</ele><time>2026-03-13T09:19:13Z</time></trkpt><trkpt lat="46.098742" lon="7.270847"><ele>2716.4</ele><time>2026-03-13T09:19:14Z</time></trkpt><trkpt lat="46.098692" lon="7.270792"><ele>2715.4</ele><time>2026-03-13T09:19:15Z</time></trkpt><trkpt lat="46.098647" lon="7.270735"><ele>2714.0</ele><time>2026-03-13T09:19:16Z</time></trkpt><trkpt lat="46.098602" lon="7.270672"><ele>2712.4</ele><time>2026-03-13T09:19:17Z</time></trkpt><trkpt lat="46.098553" lon="7.270607"><ele>2710.8</ele><time>2026-03-13T09:19:18Z</time></trkpt><trkpt lat="46.0985" lon="7.270562"><ele>2709.4</ele><time>2026-03-13T09:19:19Z</time></trkpt><trkpt lat="46.09845" lon="7.270565"><ele>2707.8</ele><time>2026-03-13T09:19:20Z</time></trkpt><trkpt lat="46.098417" lon="7.270597"><ele>2706.2</ele><time>2026-03-13T09:19:21Z</time></trkpt><trkpt lat="46.09839" lon="7.270652"><ele>2704.4</ele><time>2026-03-13T09:19:22Z</time></trkpt><trkpt lat="46.09837" lon="7.270732"><ele>2702.6</ele><time>2026-03-13T09:19:23Z</time></trkpt><trkpt lat="46.09832" lon="7.2708"><ele>2700.8</ele><time>2026-03-13T09:19:24Z</time></trkpt><trkpt lat="46.098252" lon="7.270795"><ele>2698.8</ele><time>2026-03-13T09:19:25Z</time></trkpt><trkpt lat="46.098192" lon="7.270745"><ele>2696.2</ele><time>2026-03-13T09:19:26Z</time></trkpt><trkpt lat="46.098122" lon="7.270712"><ele>2693.4</ele><time>2026-03-13T09:19:27Z</time></trkpt><trkpt lat="46.098057" lon="7.270737"><ele>2691.2</ele><time>2026-03-13T09:19:28Z</time></trkpt><trkpt lat="46.098" lon="7.270787"><ele>2688.8</ele><time>2026-03-13T09:19:29Z</time></trkpt><trkpt lat="46.097947" lon="7.27086"><ele>2686.2</ele><time>2026-03-13T09:19:30Z</time></trkpt><trkpt lat="46.097857" lon="7.270937"><ele>2683.0</ele><time>2026-03-13T09:19:31Z</time></trkpt><trkpt lat="46.097772" lon="7.270992"><ele>2679.0</ele><time>2026-03-13T09:19:32Z</time></trkpt><trkpt lat="46.097662" lon="7.271017"><ele>2674.4</ele><time>2026-03-13T09:19:33Z</time></trkpt><trkpt lat="46.097537" lon="7.271047"><ele>2670.2</ele><time>2026-03-13T09:19:34Z</time></trkpt><trkpt lat="46.0974" lon="7.271127"><ele>2666.6</ele><time>2026-03-13T09:19:35Z</time></trkpt><trkpt lat="46.097272" lon="7.27123"><ele>2663.6</ele><time>2026-03-13T09:19:36Z</time></trkpt><trkpt lat="46.097167" lon="7.27134"><ele>2659.4</ele><time>2026-03-13T09:19:37Z</time></trkpt><trkpt lat="46.097057" lon="7.271412"><ele>2654.6</ele><time>2026-03-13T09:19:38Z</time></trkpt><trkpt lat="46.096947" lon="7.271457"><ele>2650.6</ele><time>2026-03-13T09:19:39Z</time></trkpt><trkpt lat="46.096862" lon="7.271453"><ele>2647.6</ele><time>2026-03-13T09:19:40Z</time></trkpt><trkpt lat="46.096792" lon="7.271422"><ele>2645.0</ele><time>2026-03-13T09:19:41Z</time></trkpt><trkpt lat="46.096747" lon="7.271367"><ele>2642.4</ele><time>2026-03-13T09:19:42Z</time></trkpt><trkpt lat="46.096687" lon="7.271362"><ele>2640.4</ele><time>2026-03-13T09:19:43Z</time></trkpt><trkpt lat="46.09663" lon="7.271327"><ele>2638.4</ele><time>2026-03-13T09:19:44Z</time></trkpt><trkpt lat="46.096602" lon="7.27127"><ele>2636.0</ele><time>2026-03-13T09:19:45Z</time></trkpt><trkpt lat="46.096567" lon="7.27121"><ele>2634.0</ele><time>2026-03-13T09:19:46Z</time></trkpt><trkpt lat="46.096517" lon="7.271197"><ele>2632.4</ele><time>2026-03-13T09:19:47Z</time></trkpt><trkpt lat="46.096462" lon="7.271197"><ele>2630.6</ele><time>2026-03-13T09:19:48Z</time></trkpt><trkpt lat="46.096427" lon="7.271137"><ele>2628.8</ele><time>2026-03-13T09:19:49Z</time></trkpt><trkpt lat="46.096435" lon="7.271067"><ele>2627.0</ele><time>2026-03-13T09:19:50Z</time></trkpt><trkpt lat="46.096432" lon="7.271022"><ele>2625.6</ele><time>2026-03-13T09:19:51Z</time></trkpt><trkpt lat="46.096432" lon="7.270992"><ele>2624.2</ele><time>2026-03-13T09:19:52Z</time></trkpt><trkpt lat="46.096427" lon="7.270952"><ele>2622.4</ele><time>2026-03-13T09:19:54Z</time></trkpt><trkpt lat="46.096407" lon="7.270925"><ele>2621.6</ele><time>2026-03-13T09:19:55Z</time></trkpt><trkpt lat="46.096387" lon="7.270925"><ele>2621.0</ele><time>2026-03-13T09:19:56Z</time></trkpt><trkpt lat="46.096367" lon="7.270932"><ele>2620.4</ele><time>2026-03-13T09:19:57Z</time></trkpt><trkpt lat="46.096337" lon="7.270935"><ele>2619.6</ele><time>2026-03-13T09:19:58Z</time></trkpt><trkpt lat="46.09631" lon="7.270895"><ele>2618.8</ele><time>2026-03-13T09:19:59Z</time></trkpt><trkpt lat="46.096305" lon="7.270845"><ele>2617.8</ele><time>2026-03-13T09:20:00Z</time></trkpt><trkpt lat="46.09629" lon="7.270792"><ele>2615.2</ele><time>2026-03-13T09:20:01Z</time></trkpt><trkpt lat="46.096257" lon="7.270772"><ele>2614.2</ele><time>2026-03-13T09:20:02Z</time></trkpt><trkpt lat="46.09622" lon="7.270752"><ele>2613.0</ele><time>2026-03-13T09:20:03Z</time></trkpt><trkpt lat="46.096187" lon="7.27069"><ele>2611.6</ele><time>2026-03-13T09:20:04Z</time></trkpt><trkpt lat="46.09618" lon="7.270632"><ele>2609.6</ele><time>2026-03-13T09:20:05Z</time></trkpt><trkpt lat="46.096162" lon="7.270577"><ele>2607.8</ele><time>2026-03-13T09:20:06Z</time></trkpt><trkpt lat="46.096122" lon="7.270562"><ele>2605.8</ele><time>2026-03-13T09:20:07Z</time></trkpt><trkpt lat="46.096077" lon="7.270522"><ele>2603.6</ele><time>2026-03-13T09:20:08Z</time></trkpt><trkpt lat="46.096062" lon="7.270457"><ele>2601.4</ele><time>2026-03-13T09:20:09Z</time></trkpt><trkpt lat="46.096027" lon="7.270407"><ele>2599.0</ele><time>2026-03-13T09:20:10Z</time></trkpt><trkpt lat="46.095975" lon="7.270405"><ele>2596.8</ele><time>2026-03-13T09:20:11Z</time></trkpt><trkpt lat="46.09591" lon="7.270387"><ele>2594.2</ele><time>2026-03-13T09:20:12Z</time></trkpt><trkpt lat="46.095882" lon="7.27032"><ele>2591.6</ele><time>2026-03-13T09:20:13Z</time></trkpt><trkpt lat="46.095865" lon="7.270232"><ele>2588.8</ele><time>2026-03-13T09:20:14Z</time></trkpt><trkpt lat="46.095823" lon="7.270165"><ele>2586.4</ele><time>2026-03-13T09:20:15Z</time></trkpt><trkpt lat="46.095753" lon="7.270145"><ele>2583.4</ele><time>2026-03-13T09:20:16Z</time></trkpt><trkpt lat="46.095677" lon="7.270067"><ele>2580.2</ele><time>2026-03-13T09:20:17Z</time></trkpt><trkpt lat="46.095605" lon="7.269977"><ele>2577.0</ele><time>2026-03-13T09:20:18Z</time></trkpt><trkpt lat="46.095532" lon="7.269832"><ele>2573.6</ele><time>2026-03-13T09:20:19Z</time></trkpt><trkpt lat="46.095425" lon="7.269752"><ele>2570.4</ele><time>2026-03-13T09:20:20Z</time></trkpt><trkpt lat="46.095307" lon="7.269715"><ele>2567.8</ele><time>2026-03-13T09:20:21Z</time></trkpt><trkpt lat="46.095185" lon="7.269652"><ele>2564.8</ele><time>2026-03-13T09:20:22Z</time></trkpt><trkpt lat="46.09507" lon="7.269557"><ele>2561.6</ele><time>2026-03-13T09:20:23Z</time></trkpt><trkpt lat="46.094965" lon="7.269452"><ele>2558.4</ele><time>2026-03-13T09:20:24Z</time></trkpt><trkpt lat="46.094867" lon="7.269345"><ele>2555.4</ele><time>2026-03-13T09:20:25Z</time></trkpt><trkpt lat="46.094747" lon="7.269282"><ele>2553.4</ele><time>2026-03-13T09:20:26Z</time></trkpt><trkpt lat="46.09462" lon="7.269297"><ele>2551.6</ele><time>2026-03-13T09:20:27Z</time></trkpt><trkpt lat="46.094487" lon="7.269342"><ele>2549.6</ele><time>2026-03-13T09:20:28Z</time></trkpt><trkpt lat="46.094352" lon="7.269347"><ele>2546.4</ele><time>2026-03-13T09:20:29Z</time></trkpt><trkpt lat="46.094222" lon="7.269282"><ele>2542.2</ele><time>2026-03-13T09:20:30Z</time></trkpt><trkpt lat="46.09409" lon="7.269205"><ele>2539.2</ele><time>2026-03-13T09:20:31Z</time></trkpt><trkpt lat="46.09394" lon="7.269177"><ele>2536.6</ele><time>2026-03-13T09:20:32Z</time></trkpt><trkpt lat="46.093783" lon="7.269192"><ele>2534.0</ele><time>2026-03-13T09:20:33Z</time></trkpt><trkpt lat="46.093632" lon="7.269172"><ele>2531.4</ele><time>2026-03-13T09:20:34Z</time></trkpt><trkpt lat="46.093487" lon="7.269132"><ele>2528.0</ele><time>2026-03-13T09:20:35Z</time></trkpt><trkpt lat="46.09336" lon="7.26907"><ele>2524.6</ele><time>2026-03-13T09:20:36Z</time></trkpt><trkpt lat="46.09322" lon="7.269042"><ele>2522.0</ele><time>2026-03-13T09:20:37Z</time></trkpt><trkpt lat="46.093082" lon="7.269027"><ele>2519.8</ele><time>2026-03-13T09:20:38Z</time></trkpt><trkpt lat="46.092947" lon="7.268982"><ele>2517.4</ele><time>2026-03-13T09:20:39Z</time></trkpt><trkpt lat="46.092822" lon="7.26893"><ele>2514.8</ele><time>2026-03-13T09:20:40Z</time></trkpt><trkpt lat="46.092702" lon="7.268905"><ele>2512.2</ele><time>2026-03-13T09:20:41Z</time></trkpt><trkpt lat="46.092592" lon="7.2689"><ele>2510.2</ele><time>2026-03-13T09:20:42Z</time></trkpt><trkpt lat="46.0925" lon="7.268882"><ele>2508.2</ele><time>2026-03-13T09:20:43Z</time></trkpt><trkpt lat="46.092415" lon="7.268857"><ele>2506.6</ele><time>2026-03-13T09:20:44Z</time></trkpt><trkpt lat="46.092332" lon="7.268837"><ele>2505.4</ele><time>2026-03-13T09:20:45Z</time></trkpt><trkpt lat="46.092242" lon="7.26883"><ele>2504.6</ele><time>2026-03-13T09:20:46Z</time></trkpt><trkpt lat="46.092152" lon="7.268845"><ele>2503.8</ele><time>2026-03-13T09:20:47Z</time></trkpt><trkpt lat="46.09206" lon="7.268882"><ele>2502.8</ele><time>2026-03-13T09:20:48Z</time></trkpt><trkpt lat="46.091967" lon="7.268927"><ele>2501.8</ele><time>2026-03-13T09:20:49Z</time></trkpt><trkpt lat="46.09188" lon="7.268992"><ele>2500.8</ele><time>2026-03-13T09:20:50Z</time></trkpt><trkpt lat="46.0918" lon="7.269067"><ele>2499.8</ele><time>2026-03-13T09:20:51Z</time></trkpt><trkpt lat="46.091717" lon="7.269132"><ele>2498.8</ele><time>2026-03-13T09:20:52Z</time></trkpt><trkpt lat="46.091622" lon="7.269187"><ele>2498.0</ele><time>2026-03-13T09:20:53Z</time></trkpt><trkpt lat="46.091515" lon="7.26922"><ele>2496.8</ele><time>2026-03-13T09:20:54Z</time></trkpt><trkpt lat="46.09141" lon="7.269232"><ele>2495.6</ele><time>2026-03-13T09:20:55Z</time></trkpt><trkpt lat="46.091307" lon="7.269227"><ele>2494.4</ele><time>2026-03-13T09:20:56Z</time></trkpt><trkpt lat="46.091202" lon="7.269207"><ele>2493.4</ele><time>2026-03-13T09:20:57Z</time></trkpt><trkpt lat="46.091105" lon="7.269167"><ele>2492.4</ele><time>2026-03-13T09:20:58Z</time></trkpt><trkpt lat="46.091012" lon="7.269112"><ele>2491.4</ele><time>2026-03-13T09:20:59Z</time></trkpt><trkpt lat="46.09093" lon="7.269037"><ele>2490.2</ele><time>2026-03-13T09:21:00Z</time></trkpt><trkpt lat="46.090857" lon="7.26895"><ele>2489.2</ele><time>2026-03-13T09:21:01Z</time></trkpt><trkpt lat="46.090792" lon="7.268848"><ele>2488.4</ele><time>2026-03-13T09:21:02Z</time></trkpt><trkpt lat="46.09072" lon="7.268762"><ele>2487.4</ele><time>2026-03-13T09:21:03Z</time></trkpt><trkpt lat="46.090642" lon="7.268697"><ele>2486.6</ele><time>2026-03-13T09:21:04Z</time></trkpt><trkpt lat="46.090562" lon="7.26864"><ele>2485.8</ele><time>2026-03-13T09:21:05Z</time></trkpt><trkpt lat="46.090487" lon="7.268572"><ele>2485.2</ele><time>2026-03-13T09:21:06Z</time></trkpt><trkpt lat="46.090415" lon="7.268505"><ele>2484.4</ele><time>2026-03-13T09:21:07Z</time></trkpt><trkpt lat="46.09033" lon="7.26846"><ele>2483.6</ele><time>2026-03-13T09:21:08Z</time></trkpt><trkpt lat="46.090245" lon="7.268412"><ele>2482.8</ele><time>2026-03-13T09:21:09Z</time></trkpt><trkpt lat="46.090167" lon="7.268337"><ele>2482.0</ele><time>2026-03-13T09:21:10Z</time></trkpt><trkpt lat="46.090092" lon="7.268262"><ele>2481.2</ele><time>2026-03-13T09:21:11Z</time></trkpt><trkpt lat="46.09001" lon="7.26821"><ele>2480.2</ele><time>2026-03-13T09:21:12Z</time></trkpt><trkpt lat="46.089937" lon="7.26815"><ele>2479.4</ele><time>2026-03-13T09:21:13Z</time></trkpt><trkpt lat="46.089877" lon="7.268072"><ele>2478.6</ele><time>2026-03-13T09:21:14Z</time></trkpt><trkpt lat="46.08982" lon="7.267995"><ele>2478.0</ele><time>2026-03-13T09:21:15Z</time></trkpt><trkpt lat="46.089752" lon="7.267928"><ele>2477.4</ele><time>2026-03-13T09:21:16Z</time></trkpt><trkpt lat="46.089687" lon="7.267857"><ele>2476.8</ele><time>2026-03-13T09:21:17Z</time></trkpt><trkpt lat="46.089618" lon="7.267787"><ele>2476.2</ele><time>2026-03-13T09:21:18Z</time></trkpt><trkpt lat="46.08955" lon="7.267735"><ele>2475.6</ele><time>2026-03-13T09:21:19Z</time></trkpt><trkpt lat="46.089482" lon="7.267697"><ele>2475.0</ele><time>2026-03-13T09:21:20Z</time></trkpt><trkpt lat="46.089412" lon="7.26768"><ele>2474.6</ele><time>2026-03-13T09:21:21Z</time></trkpt><trkpt lat="46.089342" lon="7.267667"><ele>2474.2</ele><time>2026-03-13T09:21:22Z</time></trkpt><trkpt lat="46.089267" lon="7.267657"><ele>2473.8</ele><time>2026-03-13T09:21:23Z</time></trkpt><trkpt lat="46.089202" lon="7.267627"><ele>2473.2</ele><time>2026-03-13T09:21:24Z</time></trkpt><trkpt lat="46.089152" lon="7.267582"><ele>2472.8</ele><time>2026-03-13T09:21:25Z</time></trkpt><trkpt lat="46.089105" lon="7.26755"><ele>2472.4</ele><time>2026-03-13T09:21:26Z</time></trkpt><trkpt lat="46.089077" lon="7.267562"><ele>2472.0</ele><time>2026-03-13T09:21:27Z</time></trkpt><trkpt lat="46.08906" lon="7.267592"><ele>2471.4</ele><time>2026-03-13T09:21:29Z</time></trkpt><trkpt lat="46.089057" lon="7.267637"><ele>2471.0</ele><time>2026-03-13T09:21:31Z</time></trkpt><trkpt lat="46.089062" lon="7.267667"><ele>2470.8</ele><time>2026-03-13T09:21:32Z</time></trkpt><trkpt lat="46.08907" lon="7.267715"><ele>2470.8</ele><time>2026-03-13T09:21:33Z</time></trkpt><trkpt lat="46.089077" lon="7.267775"><ele>2470.6</ele><time>2026-03-13T09:21:34Z</time></trkpt><trkpt lat="46.089092" lon="7.267857"><ele>2470.2</ele><time>2026-03-13T09:21:35Z</time></trkpt><trkpt lat="46.089112" lon="7.267947"><ele>2469.8</ele><time>2026-03-13T09:21:36Z</time></trkpt><trkpt lat="46.089137" lon="7.268045"><ele>2469.2</ele><time>2026-03-13T09:21:37Z</time></trkpt><trkpt lat="46.089157" lon="7.268147"><ele>2468.6</ele><time>2026-03-13T09:21:38Z</time></trkpt><trkpt lat="46.089175" lon="7.26826"><ele>2468.0</ele><time>2026-03-13T09:21:39Z</time></trkpt><trkpt lat="46.089177" lon="7.268372"><ele>2467.2</ele><time>2026-03-13T09:21:40Z</time></trkpt><trkpt lat="46.089157" lon="7.268452"><ele>2466.2</ele><time>2026-03-13T09:21:41Z</time></trkpt><trkpt lat="46.089127" lon="7.2685"><ele>2465.2</ele><time>2026-03-13T09:21:42Z</time></trkpt><trkpt lat="46.089092" lon="7.268487"><ele>2464.0</ele><time>2026-03-13T09:21:43Z</time></trkpt><trkpt lat="46.089055" lon="7.268417"><ele>2462.6</ele><time>2026-03-13T09:21:44Z</time></trkpt><trkpt lat="46.088997" lon="7.26838"><ele>2461.2</ele><time>2026-03-13T09:21:45Z</time></trkpt><trkpt lat="46.088927" lon="7.268332"><ele>2459.6</ele><time>2026-03-13T09:21:46Z</time></trkpt><trkpt lat="46.088882" lon="7.26826"><ele>2457.4</ele><time>2026-03-13T09:21:47Z</time></trkpt><trkpt lat="46.08883" lon="7.268227"><ele>2455.4</ele><time>2026-03-13T09:21:48Z</time></trkpt><trkpt lat="46.088762" lon="7.268177"><ele>2453.4</ele><time>2026-03-13T09:21:49Z</time></trkpt><trkpt lat="46.088722" lon="7.268102"><ele>2451.0</ele><time>2026-03-13T09:21:50Z</time></trkpt><trkpt lat="46.088655" lon="7.268057"><ele>2448.6</ele><time>2026-03-13T09:21:51Z</time></trkpt><trkpt lat="46.088575" lon="7.268017"><ele>2446.4</ele><time>2026-03-13T09:21:52Z</time></trkpt><trkpt lat="46.088512" lon="7.267957"><ele>2443.8</ele><time>2026-03-13T09:21:53Z</time></trkpt><trkpt lat="46.088447" lon="7.267945"><ele>2441.2</ele><time>2026-03-13T09:21:54Z</time></trkpt><trkpt lat="46.088365" lon="7.267937"><ele>2438.4</ele><time>2026-03-13T09:21:55Z</time></trkpt><trkpt lat="46.088282" lon="7.267932"><ele>2435.4</ele><time>2026-03-13T09:21:56Z</time></trkpt><trkpt lat="46.088212" lon="7.267992"><ele>2432.6</ele><time>2026-03-13T09:21:57Z</time></trkpt><trkpt lat="46.088127" lon="7.268042"><ele>2430.0</ele><time>2026-03-13T09:21:58Z</time></trkpt><trkpt lat="46.088035" lon="7.268092"><ele>2427.2</ele><time>2026-03-13T09:21:59Z</time></trkpt><trkpt lat="46.087965" lon="7.268213"><ele>2424.2</ele><time>2026-03-13T09:22:00Z</time></trkpt><trkpt lat="46.08791" lon="7.268373"><ele>2421.4</ele><time>2026-03-13T09:22:01Z</time></trkpt><trkpt lat="46.087832" lon="7.268527"><ele>2417.4</ele><time>2026-03-13T09:22:02Z</time></trkpt><trkpt lat="46.087745" lon="7.268658"><ele>2413.8</ele><time>2026-03-13T09:22:03Z</time></trkpt><trkpt lat="46.087682" lon="7.268817"><ele>2411.8</ele><time>2026-03-13T09:22:04Z</time></trkpt><trkpt lat="46.087607" lon="7.26895"><ele>2409.2</ele><time>2026-03-13T09:22:05Z</time></trkpt><trkpt lat="46.087522" lon="7.269032"><ele>2406.8</ele><time>2026-03-13T09:22:06Z</time></trkpt><trkpt lat="46.087447" lon="7.269072"><ele>2405.0</ele><time>2026-03-13T09:22:07Z</time></trkpt><trkpt lat="46.087372" lon="7.269092"><ele>2403.6</ele><time>2026-03-13T09:22:08Z</time></trkpt><trkpt lat="46.087302" lon="7.269112"><ele>2402.8</ele><time>2026-03-13T09:22:09Z</time></trkpt><trkpt lat="46.087237" lon="7.269135"><ele>2402.2</ele><time>2026-03-13T09:22:10Z</time></trkpt><trkpt lat="46.087165" lon="7.269182"><ele>2401.4</ele><time>2026-03-13T09:22:11Z</time></trkpt><trkpt lat="46.08708" lon="7.26921"><ele>2400.6</ele><time>2026-03-13T09:22:12Z</time></trkpt><trkpt lat="46.087007" lon="7.269172"><ele>2399.2</ele><time>2026-03-13T09:22:13Z</time></trkpt><trkpt lat="46.086937" lon="7.269115"><ele>2397.6</ele><time>2026-03-13T09:22:14Z</time></trkpt><trkpt lat="46.086847" lon="7.269062"><ele>2396.2</ele><time>2026-03-13T09:22:15Z</time></trkpt><trkpt lat="46.086747" lon="7.269067"><ele>2394.4</ele><time>2026-03-13T09:22:16Z</time></trkpt><trkpt lat="46.086637" lon="7.269022"><ele>2391.4</ele><time>2026-03-13T09:22:17Z</time></trkpt><trkpt lat="46.086542" lon="7.268942"><ele>2388.2</ele><time>2026-03-13T09:22:18Z</time></trkpt><trkpt lat="46.086457" lon="7.268862"><ele>2386.0</ele><time>2026-03-13T09:22:19Z</time></trkpt><trkpt lat="46.086353" lon="7.268847"><ele>2385.0</ele><time>2026-03-13T09:22:20Z</time></trkpt><trkpt lat="46.086252" lon="7.268852"><ele>2383.8</ele><time>2026-03-13T09:22:21Z</time></trkpt><trkpt lat="46.086157" lon="7.268812"><ele>2382.0</ele><time>2026-03-13T09:22:22Z</time></trkpt><trkpt lat="46.086082" lon="7.268722"><ele>2380.0</ele><time>2026-03-13T09:22:23Z</time></trkpt><trkpt lat="46.085987" lon="7.268642"><ele>2378.6</ele><time>2026-03-13T09:22:24Z</time></trkpt><trkpt lat="46.085877" lon="7.268612"><ele>2377.4</ele><time>2026-03-13T09:22:25Z</time></trkpt><trkpt lat="46.085757" lon="7.268582"><ele>2375.4</ele><time>2026-03-13T09:22:26Z</time></trkpt><trkpt lat="46.085635" lon="7.268502"><ele>2373.2</ele><time>2026-03-13T09:22:27Z</time></trkpt><trkpt lat="46.085537" lon="7.2684"><ele>2370.4</ele><time>2026-03-13T09:22:28Z</time></trkpt><trkpt lat="46.085442" lon="7.268297"><ele>2368.0</ele><time>2026-03-13T09:22:29Z</time></trkpt><trkpt lat="46.085342" lon="7.26825"><ele>2366.4</ele><time>2026-03-13T09:22:30Z</time></trkpt><trkpt lat="46.08524" lon="7.268205"><ele>2365.0</ele><time>2026-03-13T09:22:31Z</time></trkpt><trkpt lat="46.085142" lon="7.268145"><ele>2363.8</ele><time>2026-03-13T09:22:32Z</time></trkpt><trkpt lat="46.085045" lon="7.26809"><ele>2362.6</ele><time>2026-03-13T09:22:33Z</time></trkpt><trkpt lat="46.084935" lon="7.268062"><ele>2361.2</ele><time>2026-03-13T09:22:34Z</time></trkpt><trkpt lat="46.084822" lon="7.268067"><ele>2359.8</ele><time>2026-03-13T09:22:35Z</time></trkpt><trkpt lat="46.084705" lon="7.268127"><ele>2358.4</ele><time>2026-03-13T09:22:36Z</time></trkpt><trkpt lat="46.084582" lon="7.268207"><ele>2356.8</ele><time>2026-03-13T09:22:37Z</time></trkpt><trkpt lat="46.084453" lon="7.268252"><ele>2354.6</ele><time>2026-03-13T09:22:38Z</time></trkpt><trkpt lat="46.084342" lon="7.268352"><ele>2352.2</ele><time>2026-03-13T09:22:39Z</time></trkpt><trkpt lat="46.084247" lon="7.268487"><ele>2350.0</ele><time>2026-03-13T09:22:40Z</time></trkpt><trkpt lat="46.084127" lon="7.268572"><ele>2347.4</ele><time>2026-03-13T09:22:41Z</time></trkpt><trkpt lat="46.083997" lon="7.2686"><ele>2344.4</ele><time>2026-03-13T09:22:42Z</time></trkpt><trkpt lat="46.083867" lon="7.268675"><ele>2341.8</ele><time>2026-03-13T09:22:43Z</time></trkpt><trkpt lat="46.083745" lon="7.268802"><ele>2339.4</ele><time>2026-03-13T09:22:44Z</time></trkpt><trkpt lat="46.083602" lon="7.268867"><ele>2336.2</ele><time>2026-03-13T09:22:45Z</time></trkpt><trkpt lat="46.083462" lon="7.268907"><ele>2333.0</ele><time>2026-03-13T09:22:46Z</time></trkpt><trkpt lat="46.083332" lon="7.268882"><ele>2329.4</ele><time>2026-03-13T09:22:47Z</time></trkpt><trkpt lat="46.083217" lon="7.268877"><ele>2327.6</ele><time>2026-03-13T09:22:48Z</time></trkpt><trkpt lat="46.083117" lon="7.268917"><ele>2326.4</ele><time>2026-03-13T09:22:49Z</time></trkpt><trkpt lat="46.083015" lon="7.268962"><ele>2325.2</ele><time>2026-03-13T09:22:50Z</time></trkpt><trkpt lat="46.082912" lon="7.269017"><ele>2323.8</ele><time>2026-03-13T09:22:51Z</time></trkpt><trkpt lat="46.082812" lon="7.269092"><ele>2322.6</ele><time>2026-03-13T09:22:52Z</time></trkpt><trkpt lat="46.082715" lon="7.269177"><ele>2321.2</ele><time>2026-03-13T09:22:53Z</time></trkpt><trkpt lat="46.082607" lon="7.269237"><ele>2319.6</ele><time>2026-03-13T09:22:54Z</time></trkpt><trkpt lat="46.0825" lon="7.269265"><ele>2318.2</ele><time>2026-03-13T09:22:55Z</time></trkpt><trkpt lat="46.082395" lon="7.269265"><ele>2316.6</ele><time>2026-03-13T09:22:56Z</time></trkpt><trkpt lat="46.082292" lon="7.269272"><ele>2315.2</ele><time>2026-03-13T09:22:57Z</time></trkpt><trkpt lat="46.082202" lon="7.26932"><ele>2314.0</ele><time>2026-03-13T09:22:58Z</time></trkpt><trkpt lat="46.082112" lon="7.269375"><ele>2312.6</ele><time>2026-03-13T09:22:59Z</time></trkpt><trkpt lat="46.082022" lon="7.269382"><ele>2310.8</ele><time>2026-03-13T09:23:00Z</time></trkpt><trkpt lat="46.081932" lon="7.269362"><ele>2309.0</ele><time>2026-03-13T09:23:01Z</time></trkpt><trkpt lat="46.081837" lon="7.269377"><ele>2308.0</ele><time>2026-03-13T09:23:02Z</time></trkpt><trkpt lat="46.08174" lon="7.269362"><ele>2307.0</ele><time>2026-03-13T09:23:03Z</time></trkpt><trkpt lat="46.081653" lon="7.269322"><ele>2305.6</ele><time>2026-03-13T09:23:04Z</time></trkpt><trkpt lat="46.081567" lon="7.269327"><ele>2304.2</ele><time>2026-03-13T09:23:05Z</time></trkpt><trkpt lat="46.08148" lon="7.269357"><ele>2302.8</ele><time>2026-03-13T09:23:06Z</time></trkpt><trkpt lat="46.081402" lon="7.269332"><ele>2301.6</ele><time>2026-03-13T09:23:07Z</time></trkpt><trkpt lat="46.081332" lon="7.269287"><ele>2299.8</ele><time>2026-03-13T09:23:08Z</time></trkpt><trkpt lat="46.081252" lon="7.26927"><ele>2298.6</ele><time>2026-03-13T09:23:09Z</time></trkpt><trkpt lat="46.081172" lon="7.2693"><ele>2297.4</ele><time>2026-03-13T09:23:10Z</time></trkpt><trkpt lat="46.081097" lon="7.26935"><ele>2295.8</ele><time>2026-03-13T09:23:11Z</time></trkpt><trkpt lat="46.08103" lon="7.269412"><ele>2294.4</ele><time>2026-03-13T09:23:12Z</time></trkpt><trkpt lat="46.08095" lon="7.269452"><ele>2292.8</ele><time>2026-03-13T09:23:13Z</time></trkpt><trkpt lat="46.080862" lon="7.269445"><ele>2291.0</ele><time>2026-03-13T09:23:14Z</time></trkpt><trkpt lat="46.080767" lon="7.269422"><ele>2289.2</ele><time>2026-03-13T09:23:15Z</time></trkpt><trkpt lat="46.080667" lon="7.269465"><ele>2287.2</ele><time>2026-03-13T09:23:16Z</time></trkpt><trkpt lat="46.080572" lon="7.269535"><ele>2284.8</ele><time>2026-03-13T09:23:17Z</time></trkpt><trkpt lat="46.080467" lon="7.269547"><ele>2282.4</ele><time>2026-03-13T09:23:18Z</time></trkpt><trkpt lat="46.080362" lon="7.269555"><ele>2280.4</ele><time>2026-03-13T09:23:19Z</time></trkpt><trkpt lat="46.080267" lon="7.269595"><ele>2278.6</ele><time>2026-03-13T09:23:20Z</time></trkpt><trkpt lat="46.080187" lon="7.269652"><ele>2277.2</ele><time>2026-03-13T09:23:21Z</time></trkpt><trkpt lat="46.080115" lon="7.269712"><ele>2276.0</ele><time>2026-03-13T09:23:22Z</time></trkpt><trkpt lat="46.080052" lon="7.26978"><ele>2275.0</ele><time>2026-03-13T09:23:23Z</time></trkpt><trkpt lat="46.079992" lon="7.269847"><ele>2274.2</ele><time>2026-03-13T09:23:24Z</time></trkpt><trkpt lat="46.079942" lon="7.269898"><ele>2273.6</ele><time>2026-03-13T09:23:25Z</time></trkpt><trkpt lat="46.079912" lon="7.269922"><ele>2272.8</ele><time>2026-03-13T09:23:26Z</time></trkpt><trkpt lat="46.079915" lon="7.269937"><ele>2270.4</ele><time>2026-03-13T09:24:01Z</time></trkpt><trkpt lat="46.079907" lon="7.269967"><ele>2270.4</ele><time>2026-03-13T09:24:06Z</time></trkpt><trkpt lat="46.079912" lon="7.269992"><ele>2270.2</ele><time>2026-03-13T09:24:10Z</time></trkpt><trkpt lat="46.079912" lon="7.270022"><ele>2270.4</ele><time>2026-03-13T09:24:18Z</time></trkpt><trkpt lat="46.079908" lon="7.270047"><ele>2270.2</ele><time>2026-03-13T09:24:22Z</time></trkpt><trkpt lat="46.0799" lon="7.27007"><ele>2270.2</ele><time>2026-03-13T09:24:27Z</time></trkpt><trkpt lat="46.079897" lon="7.270105"><ele>2270.0</ele><time>2026-03-13T09:24:33Z</time></trkpt><trkpt lat="46.079895" lon="7.270132"><ele>2269.8</ele><time>2026-03-13T09:24:40Z</time></trkpt><trkpt lat="46.08009" lon="7.270422"><ele>2270.4</ele><time>2026-03-13T09:33:30Z</time></trkpt><trkpt lat="46.08011" lon="7.270435"><ele>2270.4</ele><time>2026-03-13T09:33:33Z</time></trkpt><trkpt lat="46.080127" lon="7.270445"><ele>2270.4</ele><time>2026-03-13T09:33:44Z</time></trkpt><trkpt lat="46.080147" lon="7.270435"><ele>2270.4</ele><time>2026-03-13T09:33:47Z</time></trkpt><trkpt lat="46.080235" lon="7.270335"><ele>2270.2</ele><time>2026-03-13T09:33:58Z</time></trkpt><trkpt lat="46.080265" lon="7.270312"><ele>2270.2</ele><time>2026-03-13T09:34:01Z</time></trkpt><trkpt lat="46.080272" lon="7.270302"><ele>2270.2</ele><time>2026-03-13T09:34:02Z</time></trkpt><trkpt lat="46.080252" lon="7.270337"><ele>2270.2</ele><time>2026-03-13T09:34:09Z</time></trkpt><trkpt lat="46.080232" lon="7.270347"><ele>2270.4</ele><time>2026-03-13T09:34:49Z</time></trkpt><trkpt lat="46.089097" lon="7.304535"><ele>2914.0</ele><time>2026-03-13T09:41:32Z</time></trkpt><trkpt lat="46.089257" lon="7.304117"><ele>2914.0</ele><time>2026-03-13T09:41:33Z</time></trkpt><trkpt lat="46.089222" lon="7.303817"><ele>2914.0</ele><time>2026-03-13T09:41:34Z</time></trkpt><trkpt lat="46.088797" lon="7.3045"><ele>2914.2</ele><time>2026-03-13T09:41:35Z</time></trkpt><trkpt lat="46.084745" lon="7.300882"><ele>2914.4</ele><time>2026-03-13T09:41:38Z</time></trkpt><trkpt lat="46.084763" lon="7.300902"><ele>2914.4</ele><time>2026-03-13T09:41:39Z</time></trkpt><trkpt lat="46.08476" lon="7.300927"><ele>2914.6</ele><time>2026-03-13T09:41:43Z</time></trkpt><trkpt lat="46.084763" lon="7.300957"><ele>2914.6</ele><time>2026-03-13T09:41:47Z</time></trkpt><trkpt lat="46.084767" lon="7.300997"><ele>2913.8</ele><time>2026-03-13T09:42:06Z</time></trkpt><trkpt lat="46.084775" lon="7.301022"><ele>2913.6</ele><time>2026-03-13T09:42:08Z</time></trkpt><trkpt lat="46.084775" lon="7.30105"><ele>2913.4</ele><time>2026-03-13T09:42:10Z</time></trkpt><trkpt lat="46.084757" lon="7.301065"><ele>2913.2</ele><time>2026-03-13T09:42:12Z</time></trkpt><trkpt lat="46.084737" lon="7.301077"><ele>2913.2</ele><time>2026-03-13T09:42:15Z</time></trkpt><trkpt lat="46.084717" lon="7.30109"><ele>2913.6</ele><time>2026-03-13T09:42:21Z</time></trkpt><trkpt lat="46.084707" lon="7.301112"><ele>2913.4</ele><time>2026-03-13T09:42:34Z</time></trkpt><trkpt lat="46.084687" lon="7.301112"><ele>2913.2</ele><time>2026-03-13T09:42:42Z</time></trkpt><trkpt lat="46.084667" lon="7.301117"><ele>2912.2</ele><time>2026-03-13T09:42:49Z</time></trkpt><trkpt lat="46.084647" lon="7.301122"><ele>2911.4</ele><time>2026-03-13T09:42:55Z</time></trkpt><trkpt lat="46.084627" lon="7.301112"><ele>2910.6</ele><time>2026-03-13T09:42:59Z</time></trkpt><trkpt lat="46.084627" lon="7.301085"><ele>2909.8</ele><time>2026-03-13T09:43:04Z</time></trkpt><trkpt lat="46.084608" lon="7.301085"><ele>2908.4</ele><time>2026-03-13T09:43:14Z</time></trkpt><trkpt lat="46.084607" lon="7.301117"><ele>2908.2</ele><time>2026-03-13T09:43:18Z</time></trkpt><trkpt lat="46.08462" lon="7.301145"><ele>2908.0</ele><time>2026-03-13T09:43:22Z</time></trkpt><trkpt lat="46.084622" lon="7.301177"><ele>2907.4</ele><time>2026-03-13T09:43:26Z</time></trkpt><trkpt lat="46.084612" lon="7.301202"><ele>2907.0</ele><time>2026-03-13T09:43:28Z</time></trkpt><trkpt lat="46.084605" lon="7.301227"><ele>2906.6</ele><time>2026-03-13T09:43:36Z</time></trkpt><trkpt lat="46.084582" lon="7.30122"><ele>2907.0</ele><time>2026-03-13T09:44:12Z</time></trkpt><trkpt lat="46.084565" lon="7.301212"><ele>2907.2</ele><time>2026-03-13T09:44:14Z</time></trkpt><trkpt lat="46.084542" lon="7.301207"><ele>2907.2</ele><time>2026-03-13T09:45:19Z</time></trkpt><trkpt lat="46.084525" lon="7.301215"><ele>2907.2</ele><time>2026-03-13T09:45:20Z</time></trkpt><trkpt lat="46.0845" lon="7.301227"><ele>2907.2</ele><time>2026-03-13T09:45:21Z</time></trkpt><trkpt lat="46.084472" lon="7.301237"><ele>2907.2</ele><time>2026-03-13T09:45:22Z</time></trkpt><trkpt lat="46.08445" lon="7.301252"><ele>2907.4</ele><time>2026-03-13T09:45:23Z</time></trkpt><trkpt lat="46.084432" lon="7.301262"><ele>2907.4</ele><time>2026-03-13T09:45:24Z</time></trkpt><trkpt lat="46.084415" lon="7.301282"><ele>2907.4</ele><time>2026-03-13T09:45:26Z</time></trkpt><trkpt lat="46.084392" lon="7.301292"><ele>2907.2</ele><time>2026-03-13T09:45:46Z</time></trkpt><trkpt lat="46.084355" lon="7.301312"><ele>2907.0</ele><time>2026-03-13T09:45:48Z</time></trkpt><trkpt lat="46.08433" lon="7.301325"><ele>2907.0</ele><time>2026-03-13T09:45:49Z</time></trkpt><trkpt lat="46.0843" lon="7.301342"><ele>2907.0</ele><time>2026-03-13T09:45:50Z</time></trkpt><trkpt lat="46.084272" lon="7.301367"><ele>2907.0</ele><time>2026-03-13T09:45:51Z</time></trkpt><trkpt lat="46.084242" lon="7.301392"><ele>2906.8</ele><time>2026-03-13T09:45:52Z</time></trkpt><trkpt lat="46.084215" lon="7.30142"><ele>2906.6</ele><time>2026-03-13T09:45:53Z</time></trkpt><trkpt lat="46.084192" lon="7.301437"><ele>2906.6</ele><time>2026-03-13T09:45:54Z</time></trkpt><trkpt lat="46.084162" lon="7.301452"><ele>2906.4</ele><time>2026-03-13T09:45:55Z</time></trkpt><trkpt lat="46.084137" lon="7.301465"><ele>2906.4</ele><time>2026-03-13T09:45:56Z</time></trkpt><trkpt lat="46.084117" lon="7.301475"><ele>2906.2</ele><time>2026-03-13T09:45:57Z</time></trkpt><trkpt lat="46.084092" lon="7.301485"><ele>2906.2</ele><time>2026-03-13T09:45:58Z</time></trkpt><trkpt lat="46.084072" lon="7.301492"><ele>2906.2</ele><time>2026-03-13T09:45:59Z</time></trkpt><trkpt lat="46.08405" lon="7.301502"><ele>2906.0</ele><time>2026-03-13T09:46:00Z</time></trkpt><trkpt lat="46.084025" lon="7.301512"><ele>2905.8</ele><time>2026-03-13T09:46:01Z</time></trkpt><trkpt lat="46.083992" lon="7.301527"><ele>2905.6</ele><time>2026-03-13T09:46:02Z</time></trkpt><trkpt lat="46.083957" lon="7.301557"><ele>2905.4</ele><time>2026-03-13T09:46:03Z</time></trkpt><trkpt lat="46.083925" lon="7.301605"><ele>2905.2</ele><time>2026-03-13T09:46:04Z</time></trkpt><trkpt lat="46.083907" lon="7.301668"><ele>2904.8</ele><time>2026-03-13T09:46:05Z</time></trkpt><trkpt lat="46.083895" lon="7.301737"><ele>2904.4</ele><time>2026-03-13T09:46:06Z</time></trkpt><trkpt lat="46.083872" lon="7.301802"><ele>2903.8</ele><time>2026-03-13T09:46:07Z</time></trkpt><trkpt lat="46.083832" lon="7.301827"><ele>2903.4</ele><time>2026-03-13T09:46:08Z</time></trkpt><trkpt lat="46.083797" lon="7.301802"><ele>2902.8</ele><time>2026-03-13T09:46:09Z</time></trkpt><trkpt lat="46.083772" lon="7.30176"><ele>2902.0</ele><time>2026-03-13T09:46:10Z</time></trkpt><trkpt lat="46.083755" lon="7.301702"><ele>2901.2</ele><time>2026-03-13T09:46:11Z</time></trkpt><trkpt lat="46.083715" lon="7.301667"><ele>2900.6</ele><time>2026-03-13T09:46:12Z</time></trkpt><trkpt lat="46.08367" lon="7.30162"><ele>2899.6</ele><time>2026-03-13T09:46:13Z</time></trkpt><trkpt lat="46.083652" lon="7.301567"><ele>2898.0</ele><time>2026-03-13T09:46:14Z</time></trkpt><trkpt lat="46.083642" lon="7.301522"><ele>2896.0</ele><time>2026-03-13T09:46:15Z</time></trkpt><trkpt lat="46.083627" lon="7.301487"><ele>2894.0</ele><time>2026-03-13T09:46:16Z</time></trkpt><trkpt lat="46.083617" lon="7.30146"><ele>2892.4</ele><time>2026-03-13T09:46:17Z</time></trkpt><trkpt lat="46.083612" lon="7.30144"><ele>2890.8</ele><time>2026-03-13T09:46:18Z</time></trkpt><trkpt lat="46.083605" lon="7.301412"><ele>2889.4</ele><time>2026-03-13T09:46:19Z</time></trkpt><trkpt lat="46.083597" lon="7.301383"><ele>2888.2</ele><time>2026-03-13T09:46:20Z</time></trkpt><trkpt lat="46.083582" lon="7.301345"><ele>2887.0</ele><time>2026-03-13T09:46:21Z</time></trkpt><trkpt lat="46.083553" lon="7.301272"><ele>2885.8</ele><time>2026-03-13T09:46:22Z</time></trkpt><trkpt lat="46.083502" lon="7.301175"><ele>2884.2</ele><time>2026-03-13T09:46:23Z</time></trkpt><trkpt lat="46.083477" lon="7.301032"><ele>2881.6</ele><time>2026-03-13T09:46:24Z</time></trkpt><trkpt lat="46.083462" lon="7.300885"><ele>2878.6</ele><time>2026-03-13T09:46:25Z</time></trkpt><trkpt lat="46.083412" lon="7.300762"><ele>2876.2</ele><time>2026-03-13T09:46:26Z</time></trkpt><trkpt lat="46.083377" lon="7.300632"><ele>2873.4</ele><time>2026-03-13T09:46:27Z</time></trkpt><trkpt lat="46.083367" lon="7.300507"><ele>2871.2</ele><time>2026-03-13T09:46:28Z</time></trkpt><trkpt lat="46.083325" lon="7.300407"><ele>2869.6</ele><time>2026-03-13T09:46:29Z</time></trkpt><trkpt lat="46.083267" lon="7.300337"><ele>2868.2</ele><time>2026-03-13T09:46:30Z</time></trkpt><trkpt lat="46.083227" lon="7.300255"><ele>2866.8</ele><time>2026-03-13T09:46:31Z</time></trkpt><trkpt lat="46.083192" lon="7.300182"><ele>2865.6</ele><time>2026-03-13T09:46:32Z</time></trkpt><trkpt lat="46.083152" lon="7.300162"><ele>2864.8</ele><time>2026-03-13T09:46:33Z</time></trkpt><trkpt lat="46.083135" lon="7.30017"><ele>2863.0</ele><time>2026-03-13T09:46:35Z</time></trkpt><trkpt lat="46.083135" lon="7.300192"><ele>2861.2</ele><time>2026-03-13T09:46:43Z</time></trkpt><trkpt lat="46.0831" lon="7.300187"><ele>2861.0</ele><time>2026-03-13T09:46:49Z</time></trkpt><trkpt lat="46.083057" lon="7.300175"><ele>2861.0</ele><time>2026-03-13T09:46:50Z</time></trkpt><trkpt lat="46.083022" lon="7.300167"><ele>2860.8</ele><time>2026-03-13T09:46:51Z</time></trkpt><trkpt lat="46.082982" lon="7.300177"><ele>2860.2</ele><time>2026-03-13T09:46:52Z</time></trkpt><trkpt lat="46.082937" lon="7.300207"><ele>2859.6</ele><time>2026-03-13T09:46:53Z</time></trkpt><trkpt lat="46.0829" lon="7.300247"><ele>2859.0</ele><time>2026-03-13T09:46:54Z</time></trkpt><trkpt lat="46.082867" lon="7.300295"><ele>2858.0</ele><time>2026-03-13T09:46:55Z</time></trkpt><trkpt lat="46.082852" lon="7.300317"><ele>2857.2</ele><time>2026-03-13T09:46:56Z</time></trkpt><trkpt lat="46.082827" lon="7.300337"><ele>2855.0</ele><time>2026-03-13T09:47:19Z</time></trkpt><trkpt lat="46.082807" lon="7.300372"><ele>2854.8</ele><time>2026-03-13T09:47:23Z</time></trkpt><trkpt lat="46.082793" lon="7.300442"><ele>2854.8</ele><time>2026-03-13T09:47:25Z</time></trkpt><trkpt lat="46.082785" lon="7.300472"><ele>2854.6</ele><time>2026-03-13T09:47:26Z</time></trkpt><trkpt lat="46.082772" lon="7.300492"><ele>2854.2</ele><time>2026-03-13T09:47:27Z</time></trkpt><trkpt lat="46.082747" lon="7.300522"><ele>2853.4</ele><time>2026-03-13T09:47:29Z</time></trkpt><trkpt lat="46.08273" lon="7.300562"><ele>2852.8</ele><time>2026-03-13T09:47:30Z</time></trkpt><trkpt lat="46.082707" lon="7.300602"><ele>2852.0</ele><time>2026-03-13T09:47:31Z</time></trkpt><trkpt lat="46.082692" lon="7.30063"><ele>2851.2</ele><time>2026-03-13T09:47:32Z</time></trkpt><trkpt lat="46.082652" lon="7.300677"><ele>2849.6</ele><time>2026-03-13T09:47:34Z</time></trkpt><trkpt lat="46.082627" lon="7.300742"><ele>2848.8</ele><time>2026-03-13T09:47:35Z</time></trkpt><trkpt lat="46.082607" lon="7.300825"><ele>2847.6</ele><time>2026-03-13T09:47:36Z</time></trkpt><trkpt lat="46.082582" lon="7.300897"><ele>2846.4</ele><time>2026-03-13T09:47:37Z</time></trkpt><trkpt lat="46.08255" lon="7.300945"><ele>2845.0</ele><time>2026-03-13T09:47:38Z</time></trkpt><trkpt lat="46.082515" lon="7.300967"><ele>2844.0</ele><time>2026-03-13T09:47:39Z</time></trkpt><trkpt lat="46.082477" lon="7.300985"><ele>2843.2</ele><time>2026-03-13T09:47:40Z</time></trkpt><trkpt lat="46.082437" lon="7.300997"><ele>2842.6</ele><time>2026-03-13T09:47:41Z</time></trkpt><trkpt lat="46.082407" lon="7.301007"><ele>2842.2</ele><time>2026-03-13T09:47:42Z</time></trkpt><trkpt lat="46.082377" lon="7.301017"><ele>2841.8</ele><time>2026-03-13T09:47:43Z</time></trkpt><trkpt lat="46.082342" lon="7.301022"><ele>2841.4</ele><time>2026-03-13T09:47:44Z</time></trkpt><trkpt lat="46.082302" lon="7.301032"><ele>2841.0</ele><time>2026-03-13T09:47:45Z</time></trkpt><trkpt lat="46.082257" lon="7.301045"><ele>2840.6</ele><time>2026-03-13T09:47:46Z</time></trkpt><trkpt lat="46.082207" lon="7.30106"><ele>2840.0</ele><time>2026-03-13T09:47:47Z</time></trkpt><trkpt lat="46.082157" lon="7.301075"><ele>2839.4</ele><time>2026-03-13T09:47:48Z</time></trkpt><trkpt lat="46.082112" lon="7.30109"><ele>2838.8</ele><time>2026-03-13T09:47:49Z</time></trkpt><trkpt lat="46.082072" lon="7.301107"><ele>2838.2</ele><time>2026-03-13T09:47:50Z</time></trkpt><trkpt lat="46.082045" lon="7.301115"><ele>2837.4</ele><time>2026-03-13T09:47:51Z</time></trkpt><trkpt lat="46.082025" lon="7.301122"><ele>2836.6</ele><time>2026-03-13T09:47:52Z</time></trkpt><trkpt lat="46.082007" lon="7.301127"><ele>2836.0</ele><time>2026-03-13T09:47:53Z</time></trkpt><trkpt lat="46.081987" lon="7.301127"><ele>2834.8</ele><time>2026-03-13T09:47:55Z</time></trkpt><trkpt lat="46.081962" lon="7.301132"><ele>2833.6</ele><time>2026-03-13T09:47:57Z</time></trkpt><trkpt lat="46.08192" lon="7.301147"><ele>2833.0</ele><time>2026-03-13T09:47:58Z</time></trkpt><trkpt lat="46.081877" lon="7.301157"><ele>2832.4</ele><time>2026-03-13T09:47:59Z</time></trkpt><trkpt lat="46.081862" lon="7.301167"><ele>2831.6</ele><time>2026-03-13T09:48:00Z</time></trkpt><trkpt lat="46.081852" lon="7.301155"><ele>2829.4</ele><time>2026-03-13T09:48:09Z</time></trkpt><trkpt lat="46.081842" lon="7.301132"><ele>2828.2</ele><time>2026-03-13T09:48:13Z</time></trkpt><trkpt lat="46.08182" lon="7.301125"><ele>2826.8</ele><time>2026-03-13T09:48:19Z</time></trkpt><trkpt lat="46.081802" lon="7.301112"><ele>2825.6</ele><time>2026-03-13T09:48:22Z</time></trkpt><trkpt lat="46.081782" lon="7.30111"><ele>2825.2</ele><time>2026-03-13T09:48:23Z</time></trkpt><trkpt lat="46.081757" lon="7.301115"><ele>2824.8</ele><time>2026-03-13T09:48:24Z</time></trkpt><trkpt lat="46.081732" lon="7.301122"><ele>2824.4</ele><time>2026-03-13T09:48:25Z</time></trkpt><trkpt lat="46.081695" lon="7.301142"><ele>2823.8</ele><time>2026-03-13T09:48:26Z</time></trkpt><trkpt lat="46.081652" lon="7.301157"><ele>2823.0</ele><time>2026-03-13T09:48:27Z</time></trkpt><trkpt lat="46.08161" lon="7.30117"><ele>2822.2</ele><time>2026-03-13T09:48:28Z</time></trkpt><trkpt lat="46.081572" lon="7.301182"><ele>2821.4</ele><time>2026-03-13T09:48:29Z</time></trkpt><trkpt lat="46.081542" lon="7.301195"><ele>2820.6</ele><time>2026-03-13T09:48:30Z</time></trkpt><trkpt lat="46.08151" lon="7.301212"><ele>2819.8</ele><time>2026-03-13T09:48:31Z</time></trkpt><trkpt lat="46.081472" lon="7.301242"><ele>2819.2</ele><time>2026-03-13T09:48:32Z</time></trkpt><trkpt lat="46.081442" lon="7.30127"><ele>2818.6</ele><time>2026-03-13T09:48:33Z</time></trkpt><trkpt lat="46.081407" lon="7.3013"><ele>2818.0</ele><time>2026-03-13T09:48:34Z</time></trkpt><trkpt lat="46.081377" lon="7.301325"><ele>2817.2</ele><time>2026-03-13T09:48:35Z</time></trkpt><trkpt lat="46.081345" lon="7.301352"><ele>2816.6</ele><time>2026-03-13T09:48:36Z</time></trkpt><trkpt lat="46.081322" lon="7.301375"><ele>2816.2</ele><time>2026-03-13T09:48:37Z</time></trkpt><trkpt lat="46.081302" lon="7.301397"><ele>2815.6</ele><time>2026-03-13T09:48:38Z</time></trkpt><trkpt lat="46.081282" lon="7.301417"><ele>2815.0</ele><time>2026-03-13T09:48:39Z</time></trkpt><trkpt lat="46.08126" lon="7.301442"><ele>2814.6</ele><time>2026-03-13T09:48:40Z</time></trkpt><trkpt lat="46.081237" lon="7.301467"><ele>2814.0</ele><time>2026-03-13T09:48:41Z</time></trkpt><trkpt lat="46.081212" lon="7.301497"><ele>2813.4</ele><time>2026-03-13T09:48:42Z</time></trkpt><trkpt lat="46.081192" lon="7.301527"><ele>2812.8</ele><time>2026-03-13T09:48:43Z</time></trkpt><trkpt lat="46.081177" lon="7.301542"><ele>2812.2</ele><time>2026-03-13T09:48:44Z</time></trkpt><trkpt lat="46.081157" lon="7.30157"><ele>2810.6</ele><time>2026-03-13T09:48:47Z</time></trkpt><trkpt lat="46.081137" lon="7.30159"><ele>2810.4</ele><time>2026-03-13T09:48:48Z</time></trkpt><trkpt lat="46.081107" lon="7.301617"><ele>2810.0</ele><time>2026-03-13T09:48:49Z</time></trkpt><trkpt lat="46.081077" lon="7.301642"><ele>2809.4</ele><time>2026-03-13T09:48:50Z</time></trkpt><trkpt lat="46.081057" lon="7.301662"><ele>2808.8</ele><time>2026-03-13T09:48:51Z</time></trkpt><trkpt lat="46.081022" lon="7.30171"><ele>2807.8</ele><time>2026-03-13T09:48:53Z</time></trkpt><trkpt lat="46.080997" lon="7.301727"><ele>2807.2</ele><time>2026-03-13T09:48:54Z</time></trkpt><trkpt lat="46.080972" lon="7.301742"><ele>2806.8</ele><time>2026-03-13T09:48:55Z</time></trkpt><trkpt lat="46.080947" lon="7.30175"><ele>2806.2</ele><time>2026-03-13T09:48:56Z</time></trkpt><trkpt lat="46.080925" lon="7.301757"><ele>2805.8</ele><time>2026-03-13T09:48:57Z</time></trkpt><trkpt lat="46.080907" lon="7.301763"><ele>2805.6</ele><time>2026-03-13T09:48:58Z</time></trkpt><trkpt lat="46.080877" lon="7.301772"><ele>2805.2</ele><time>2026-03-13T09:49:00Z</time></trkpt><trkpt lat="46.080857" lon="7.30178"><ele>2805.2</ele><time>2026-03-13T09:49:01Z</time></trkpt><trkpt lat="46.080823" lon="7.301792"><ele>2805.0</ele><time>2026-03-13T09:49:02Z</time></trkpt><trkpt lat="46.080787" lon="7.301792"><ele>2804.8</ele><time>2026-03-13T09:49:03Z</time></trkpt><trkpt lat="46.08075" lon="7.301792"><ele>2804.4</ele><time>2026-03-13T09:49:04Z</time></trkpt><trkpt lat="46.080707" lon="7.301787"><ele>2804.0</ele><time>2026-03-13T09:49:05Z</time></trkpt><trkpt lat="46.080667" lon="7.301775"><ele>2803.4</ele><time>2026-03-13T09:49:06Z</time></trkpt><trkpt lat="46.080627" lon="7.301763"><ele>2803.0</ele><time>2026-03-13T09:49:07Z</time></trkpt><trkpt lat="46.080595" lon="7.301757"><ele>2802.6</ele><time>2026-03-13T09:49:08Z</time></trkpt><trkpt lat="46.080575" lon="7.30176"><ele>2802.2</ele><time>2026-03-13T09:49:09Z</time></trkpt><trkpt lat="46.080552" lon="7.301763"><ele>2800.6</ele><time>2026-03-13T09:49:16Z</time></trkpt><trkpt lat="46.08053" lon="7.301772"><ele>2800.2</ele><time>2026-03-13T09:49:18Z</time></trkpt><trkpt lat="46.080507" lon="7.30179"><ele>2799.8</ele><time>2026-03-13T09:49:20Z</time></trkpt><trkpt lat="46.080487" lon="7.301802"><ele>2799.6</ele><time>2026-03-13T09:49:21Z</time></trkpt><trkpt lat="46.080472" lon="7.30182"><ele>2799.2</ele><time>2026-03-13T09:49:22Z</time></trkpt><trkpt lat="46.080452" lon="7.30183"><ele>2798.8</ele><time>2026-03-13T09:49:23Z</time></trkpt><trkpt lat="46.080425" lon="7.301847"><ele>2798.2</ele><time>2026-03-13T09:49:24Z</time></trkpt><trkpt lat="46.080395" lon="7.301858"><ele>2797.6</ele><time>2026-03-13T09:49:25Z</time></trkpt><trkpt lat="46.080355" lon="7.301885"><ele>2796.8</ele><time>2026-03-13T09:49:26Z</time></trkpt><trkpt lat="46.080305" lon="7.301922"><ele>2796.0</ele><time>2026-03-13T09:49:27Z</time></trkpt><trkpt lat="46.080252" lon="7.301957"><ele>2794.8</ele><time>2026-03-13T09:49:28Z</time></trkpt><trkpt lat="46.080202" lon="7.301977"><ele>2793.4</ele><time>2026-03-13T09:49:29Z</time></trkpt><trkpt lat="46.080147" lon="7.302005"><ele>2792.4</ele><time>2026-03-13T09:49:30Z</time></trkpt><trkpt lat="46.080092" lon="7.30203"><ele>2791.2</ele><time>2026-03-13T09:49:31Z</time></trkpt><trkpt lat="46.080037" lon="7.302052"><ele>2790.2</ele><time>2026-03-13T09:49:32Z</time></trkpt><trkpt lat="46.079982" lon="7.302077"><ele>2789.2</ele><time>2026-03-13T09:49:33Z</time></trkpt><trkpt lat="46.079927" lon="7.302102"><ele>2788.4</ele><time>2026-03-13T09:49:34Z</time></trkpt><trkpt lat="46.079882" lon="7.302127"><ele>2787.6</ele><time>2026-03-13T09:49:35Z</time></trkpt><trkpt lat="46.079835" lon="7.30215"><ele>2786.8</ele><time>2026-03-13T09:49:36Z</time></trkpt><trkpt lat="46.07979" lon="7.302167"><ele>2786.2</ele><time>2026-03-13T09:49:37Z</time></trkpt><trkpt lat="46.079747" lon="7.302182"><ele>2785.6</ele><time>2026-03-13T09:49:38Z</time></trkpt><trkpt lat="46.079702" lon="7.302197"><ele>2785.0</ele><time>2026-03-13T09:49:39Z</time></trkpt><trkpt lat="46.07965" lon="7.302217"><ele>2784.6</ele><time>2026-03-13T09:49:40Z</time></trkpt><trkpt lat="46.079597" lon="7.30223"><ele>2783.8</ele><time>2026-03-13T09:49:41Z</time></trkpt><trkpt lat="46.079542" lon="7.302242"><ele>2783.4</ele><time>2026-03-13T09:49:42Z</time></trkpt><trkpt lat="46.079487" lon="7.302252"><ele>2782.8</ele><time>2026-03-13T09:49:43Z</time></trkpt><trkpt lat="46.07944" lon="7.302257"><ele>2782.0</ele><time>2026-03-13T09:49:44Z</time></trkpt><trkpt lat="46.079392" lon="7.302257"><ele>2781.6</ele><time>2026-03-13T09:49:45Z</time></trkpt><trkpt lat="46.079342" lon="7.302262"><ele>2781.0</ele><time>2026-03-13T09:49:46Z</time></trkpt><trkpt lat="46.079297" lon="7.30226"><ele>2780.4</ele><time>2026-03-13T09:49:47Z</time></trkpt><trkpt lat="46.079257" lon="7.302252"><ele>2780.0</ele><time>2026-03-13T09:49:48Z</time></trkpt><trkpt lat="46.079222" lon="7.302247"><ele>2779.4</ele><time>2026-03-13T09:49:49Z</time></trkpt><trkpt lat="46.079187" lon="7.302247"><ele>2779.2</ele><time>2026-03-13T09:49:50Z</time></trkpt><trkpt lat="46.079155" lon="7.302247"><ele>2778.8</ele><time>2026-03-13T09:49:51Z</time></trkpt><trkpt lat="46.079112" lon="7.302247"><ele>2778.4</ele><time>2026-03-13T09:49:52Z</time></trkpt><trkpt lat="46.07907" lon="7.302247"><ele>2778.0</ele><time>2026-03-13T09:49:53Z</time></trkpt><trkpt lat="46.079025" lon="7.302247"><ele>2777.4</ele><time>2026-03-13T09:49:54Z</time></trkpt><trkpt lat="46.078947" lon="7.302262"><ele>2776.6</ele><time>2026-03-13T09:49:56Z</time></trkpt><trkpt lat="46.078907" lon="7.302272"><ele>2776.0</ele><time>2026-03-13T09:49:57Z</time></trkpt><trkpt lat="46.078862" lon="7.30228"><ele>2775.8</ele><time>2026-03-13T09:49:58Z</time></trkpt><trkpt lat="46.078812" lon="7.302292"><ele>2775.2</ele><time>2026-03-13T09:49:59Z</time></trkpt><trkpt lat="46.078762" lon="7.302307"><ele>2774.6</ele><time>2026-03-13T09:50:00Z</time></trkpt><trkpt lat="46.07871" lon="7.30232"><ele>2773.4</ele><time>2026-03-13T09:50:01Z</time></trkpt><trkpt lat="46.07866" lon="7.302332"><ele>2773.0</ele><time>2026-03-13T09:50:02Z</time></trkpt><trkpt lat="46.07861" lon="7.302347"><ele>2772.4</ele><time>2026-03-13T09:50:03Z</time></trkpt><trkpt lat="46.078562" lon="7.302362"><ele>2772.0</ele><time>2026-03-13T09:50:04Z</time></trkpt><trkpt lat="46.078522" lon="7.302372"><ele>2771.6</ele><time>2026-03-13T09:50:05Z</time></trkpt><trkpt lat="46.078482" lon="7.302382"><ele>2771.2</ele><time>2026-03-13T09:50:06Z</time></trkpt><trkpt lat="46.078447" lon="7.302392"><ele>2770.8</ele><time>2026-03-13T09:50:07Z</time></trkpt><trkpt lat="46.078407" lon="7.302405"><ele>2770.4</ele><time>2026-03-13T09:50:08Z</time></trkpt><trkpt lat="46.078365" lon="7.302417"><ele>2770.0</ele><time>2026-03-13T09:50:09Z</time></trkpt><trkpt lat="46.07833" lon="7.302427"><ele>2769.6</ele><time>2026-03-13T09:50:10Z</time></trkpt><trkpt lat="46.078295" lon="7.302435"><ele>2769.2</ele><time>2026-03-13T09:50:11Z</time></trkpt><trkpt lat="46.078257" lon="7.302447"><ele>2768.8</ele><time>2026-03-13T09:50:12Z</time></trkpt><trkpt lat="46.078217" lon="7.302462"><ele>2768.2</ele><time>2026-03-13T09:50:13Z</time></trkpt><trkpt lat="46.078177" lon="7.30248"><ele>2767.8</ele><time>2026-03-13T09:50:14Z</time></trkpt><trkpt lat="46.078135" lon="7.302497"><ele>2767.2</ele><time>2026-03-13T09:50:15Z</time></trkpt><trkpt lat="46.078097" lon="7.302515"><ele>2766.6</ele><time>2026-03-13T09:50:16Z</time></trkpt><trkpt lat="46.07806" lon="7.302535"><ele>2766.2</ele><time>2026-03-13T09:50:17Z</time></trkpt><trkpt lat="46.078022" lon="7.302552"><ele>2765.8</ele><time>2026-03-13T09:50:18Z</time></trkpt><trkpt lat="46.077987" lon="7.302565"><ele>2765.4</ele><time>2026-03-13T09:50:19Z</time></trkpt><trkpt lat="46.077952" lon="7.302577"><ele>2764.8</ele><time>2026-03-13T09:50:20Z</time></trkpt><trkpt lat="46.077915" lon="7.302587"><ele>2764.4</ele><time>2026-03-13T09:50:21Z</time></trkpt><trkpt lat="46.07788" lon="7.302595"><ele>2764.0</ele><time>2026-03-13T09:50:22Z</time></trkpt><trkpt lat="46.077845" lon="7.302597"><ele>2763.6</ele><time>2026-03-13T09:50:23Z</time></trkpt><trkpt lat="46.077807" lon="7.302602"><ele>2763.2</ele><time>2026-03-13T09:50:24Z</time></trkpt><trkpt lat="46.077772" lon="7.30261"><ele>2762.8</ele><time>2026-03-13T09:50:25Z</time></trkpt><trkpt lat="46.077742" lon="7.302615"><ele>2762.4</ele><time>2026-03-13T09:50:26Z</time></trkpt><trkpt lat="46.07771" lon="7.302617"><ele>2762.0</ele><time>2026-03-13T09:50:27Z</time></trkpt><trkpt lat="46.07768" lon="7.30262"><ele>2761.6</ele><time>2026-03-13T09:50:28Z</time></trkpt><trkpt lat="46.07765" lon="7.302622"><ele>2761.2</ele><time>2026-03-13T09:50:29Z</time></trkpt><trkpt lat="46.077615" lon="7.302627"><ele>2760.8</ele><time>2026-03-13T09:50:30Z</time></trkpt><trkpt lat="46.077585" lon="7.302632"><ele>2760.4</ele><time>2026-03-13T09:50:31Z</time></trkpt><trkpt lat="46.077567" lon="7.302637"><ele>2760.0</ele><time>2026-03-13T09:50:32Z</time></trkpt><trkpt lat="46.077547" lon="7.302627"><ele>2758.8</ele><time>2026-03-13T09:57:41Z</time></trkpt><trkpt lat="46.077542" lon="7.302642"><ele>2761.0</ele><time>2026-03-13T10:02:04Z</time></trkpt><trkpt lat="46.077525" lon="7.302645"><ele>2761.0</ele><time>2026-03-13T10:02:07Z</time></trkpt><trkpt lat="46.077505" lon="7.302647"><ele>2762.0</ele><time>2026-03-13T10:02:46Z</time></trkpt><trkpt lat="46.077482" lon="7.302645"><ele>2762.2</ele><time>2026-03-13T10:02:50Z</time></trkpt><trkpt lat="46.077462" lon="7.302642"><ele>2762.2</ele><time>2026-03-13T10:02:53Z</time></trkpt><trkpt lat="46.07744" lon="7.302637"><ele>2762.4</ele><time>2026-03-13T10:02:57Z</time></trkpt><trkpt lat="46.077417" lon="7.30263"><ele>2762.8</ele><time>2026-03-13T10:03:01Z</time></trkpt><trkpt lat="46.077402" lon="7.30264"><ele>2763.2</ele><time>2026-03-13T10:03:06Z</time></trkpt><trkpt lat="46.077392" lon="7.302662"><ele>2764.0</ele><time>2026-03-13T10:03:12Z</time></trkpt><trkpt lat="46.077387" lon="7.302687"><ele>2764.6</ele><time>2026-03-13T10:03:16Z</time></trkpt><trkpt lat="46.077382" lon="7.302712"><ele>2765.0</ele><time>2026-03-13T10:03:20Z</time></trkpt><trkpt lat="46.077362" lon="7.302735"><ele>2768.2</ele><time>2026-03-13T10:04:03Z</time></trkpt><trkpt lat="46.077347" lon="7.302782"><ele>2768.4</ele><time>2026-03-13T10:04:05Z</time></trkpt><trkpt lat="46.077337" lon="7.302812"><ele>2768.4</ele><time>2026-03-13T10:04:06Z</time></trkpt><trkpt lat="46.07733" lon="7.302837"><ele>2768.8</ele><time>2026-03-13T10:04:07Z</time></trkpt><trkpt lat="46.077315" lon="7.302872"><ele>2769.2</ele><time>2026-03-13T10:04:09Z</time></trkpt><trkpt lat="46.0773" lon="7.302897"><ele>2769.4</ele><time>2026-03-13T10:04:12Z</time></trkpt><trkpt lat="46.077287" lon="7.302915"><ele>2769.2</ele><time>2026-03-13T10:04:15Z</time></trkpt><trkpt lat="46.077272" lon="7.302932"><ele>2769.0</ele><time>2026-03-13T10:04:18Z</time></trkpt><trkpt lat="46.077252" lon="7.302947"><ele>2769.2</ele><time>2026-03-13T10:04:30Z</time></trkpt><trkpt lat="46.077232" lon="7.302967"><ele>2769.4</ele><time>2026-03-13T10:04:32Z</time></trkpt><trkpt lat="46.077215" lon="7.302987"><ele>2769.6</ele><time>2026-03-13T10:04:35Z</time></trkpt><trkpt lat="46.077205" lon="7.303007"><ele>2770.6</ele><time>2026-03-13T10:04:39Z</time></trkpt><trkpt lat="46.077192" lon="7.303027"><ele>2771.4</ele><time>2026-03-13T10:04:44Z</time></trkpt><trkpt lat="46.077182" lon="7.303037"><ele>2774.0</ele><time>2026-03-13T10:05:10Z</time></trkpt><trkpt lat="46.077167" lon="7.303062"><ele>2774.0</ele><time>2026-03-13T10:05:12Z</time></trkpt><trkpt lat="46.077147" lon="7.30309"><ele>2774.0</ele><time>2026-03-13T10:05:14Z</time></trkpt><trkpt lat="46.077137" lon="7.30311"><ele>2774.0</ele><time>2026-03-13T10:05:16Z</time></trkpt><trkpt lat="46.077135" lon="7.303137"><ele>2774.4</ele><time>2026-03-13T10:05:20Z</time></trkpt><trkpt lat="46.077137" lon="7.303167"><ele>2775.0</ele><time>2026-03-13T10:05:25Z</time></trkpt><trkpt lat="46.077132" lon="7.303192"><ele>2776.0</ele><time>2026-03-13T10:05:30Z</time></trkpt><trkpt lat="46.077132" lon="7.303225"><ele>2776.6</ele><time>2026-03-13T10:05:34Z</time></trkpt><trkpt lat="46.077132" lon="7.303255"><ele>2776.8</ele><time>2026-03-13T10:05:38Z</time></trkpt><trkpt lat="46.077132" lon="7.303282"><ele>2777.2</ele><time>2026-03-13T10:05:42Z</time></trkpt><trkpt lat="46.077132" lon="7.303312"><ele>2777.8</ele><time>2026-03-13T10:05:46Z</time></trkpt><trkpt lat="46.077127" lon="7.303337"><ele>2778.6</ele><time>2026-03-13T10:05:49Z</time></trkpt><trkpt lat="46.077122" lon="7.303365"><ele>2779.2</ele><time>2026-03-13T10:05:53Z</time></trkpt><trkpt lat="46.077122" lon="7.303392"><ele>2779.4</ele><time>2026-03-13T10:05:56Z</time></trkpt><trkpt lat="46.077115" lon="7.303417"><ele>2779.8</ele><time>2026-03-13T10:06:01Z</time></trkpt><trkpt lat="46.077097" lon="7.30344"><ele>2780.6</ele><time>2026-03-13T10:06:06Z</time></trkpt><trkpt lat="46.077082" lon="7.303467"><ele>2781.2</ele><time>2026-03-13T10:06:11Z</time></trkpt><trkpt lat="46.077067" lon="7.303482"><ele>2781.4</ele><time>2026-03-13T10:06:15Z</time></trkpt><trkpt lat="46.077052" lon="7.303507"><ele>2781.8</ele><time>2026-03-13T10:06:19Z</time></trkpt><trkpt lat="46.077037" lon="7.303527"><ele>2782.6</ele><time>2026-03-13T10:06:24Z</time></trkpt><trkpt lat="46.077022" lon="7.303552"><ele>2782.6</ele><time>2026-03-13T10:06:28Z</time></trkpt><trkpt lat="46.077007" lon="7.303567"><ele>2783.0</ele><time>2026-03-13T10:06:31Z</time></trkpt><trkpt lat="46.076992" lon="7.303587"><ele>2783.4</ele><time>2026-03-13T10:06:35Z</time></trkpt><trkpt lat="46.076977" lon="7.30361"><ele>2783.8</ele><time>2026-03-13T10:06:39Z</time></trkpt><trkpt lat="46.076967" lon="7.30363"><ele>2784.4</ele><time>2026-03-13T10:06:43Z</time></trkpt><trkpt lat="46.076957" lon="7.303652"><ele>2784.4</ele><time>2026-03-13T10:06:48Z</time></trkpt><trkpt lat="46.076945" lon="7.303672"><ele>2785.0</ele><time>2026-03-13T10:06:52Z</time></trkpt><trkpt lat="46.076925" lon="7.303687"><ele>2785.8</ele><time>2026-03-13T10:06:56Z</time></trkpt><trkpt lat="46.076907" lon="7.303697"><ele>2786.0</ele><time>2026-03-13T10:07:00Z</time></trkpt><trkpt lat="46.07689" lon="7.303717"><ele>2786.8</ele><time>2026-03-13T10:07:04Z</time></trkpt><trkpt lat="46.076872" lon="7.303733"><ele>2787.4</ele><time>2026-03-13T10:07:08Z</time></trkpt><trkpt lat="46.076852" lon="7.303747"><ele>2787.6</ele><time>2026-03-13T10:07:12Z</time></trkpt><trkpt lat="46.076837" lon="7.303767"><ele>2787.8</ele><time>2026-03-13T10:07:16Z</time></trkpt><trkpt lat="46.076817" lon="7.303782"><ele>2788.2</ele><time>2026-03-13T10:07:20Z</time></trkpt><trkpt lat="46.076802" lon="7.303795"><ele>2788.8</ele><time>2026-03-13T10:07:24Z</time></trkpt><trkpt lat="46.076787" lon="7.303815"><ele>2789.4</ele><time>2026-03-13T10:07:27Z</time></trkpt><trkpt lat="46.076777" lon="7.303835"><ele>2789.8</ele><time>2026-03-13T10:07:30Z</time></trkpt><trkpt lat="46.076767" lon="7.30386"><ele>2790.0</ele><time>2026-03-13T10:07:34Z</time></trkpt><trkpt lat="46.07676" lon="7.303887"><ele>2790.4</ele><time>2026-03-13T10:07:38Z</time></trkpt><trkpt lat="46.076745" lon="7.303912"><ele>2791.0</ele><time>2026-03-13T10:07:42Z</time></trkpt><trkpt lat="46.076728" lon="7.303937"><ele>2791.4</ele><time>2026-03-13T10:07:46Z</time></trkpt><trkpt lat="46.076717" lon="7.303957"><ele>2791.4</ele><time>2026-03-13T10:07:49Z</time></trkpt><trkpt lat="46.076702" lon="7.303972"><ele>2792.0</ele><time>2026-03-13T10:07:52Z</time></trkpt><trkpt lat="46.076682" lon="7.303985"><ele>2792.6</ele><time>2026-03-13T10:07:57Z</time></trkpt><trkpt lat="46.076665" lon="7.304"><ele>2793.2</ele><time>2026-03-13T10:08:01Z</time></trkpt><trkpt lat="46.076647" lon="7.304002"><ele>2793.6</ele><time>2026-03-13T10:08:04Z</time></trkpt><trkpt lat="46.076622" lon="7.304007"><ele>2794.4</ele><time>2026-03-13T10:08:08Z</time></trkpt><trkpt lat="46.076605" lon="7.304005"><ele>2794.8</ele><time>2026-03-13T10:08:13Z</time></trkpt><trkpt lat="46.076582" lon="7.304005"><ele>2795.2</ele><time>2026-03-13T10:08:16Z</time></trkpt><trkpt lat="46.076565" lon="7.304002"><ele>2795.6</ele><time>2026-03-13T10:08:19Z</time></trkpt><trkpt lat="46.076557" lon="7.303977"><ele>2797.2</ele><time>2026-03-13T10:09:13Z</time></trkpt><trkpt lat="46.076532" lon="7.303992"><ele>2797.0</ele><time>2026-03-13T10:09:16Z</time></trkpt><trkpt lat="46.076517" lon="7.304017"><ele>2797.0</ele><time>2026-03-13T10:09:18Z</time></trkpt><trkpt lat="46.076502" lon="7.304042"><ele>2797.4</ele><time>2026-03-13T10:09:20Z</time></trkpt><trkpt lat="46.076487" lon="7.304067"><ele>2797.4</ele><time>2026-03-13T10:09:23Z</time></trkpt><trkpt lat="46.076475" lon="7.304087"><ele>2798.4</ele><time>2026-03-13T10:09:27Z</time></trkpt><trkpt lat="46.076467" lon="7.304112"><ele>2799.4</ele><time>2026-03-13T10:09:31Z</time></trkpt><trkpt lat="46.076462" lon="7.304135"><ele>2799.8</ele><time>2026-03-13T10:09:33Z</time></trkpt><trkpt lat="46.07645" lon="7.304162"><ele>2801.0</ele><time>2026-03-13T10:09:37Z</time></trkpt><trkpt lat="46.076442" lon="7.30419"><ele>2801.8</ele><time>2026-03-13T10:09:41Z</time></trkpt><trkpt lat="46.076425" lon="7.304212"><ele>2802.2</ele><time>2026-03-13T10:09:45Z</time></trkpt><trkpt lat="46.076405" lon="7.304227"><ele>2803.0</ele><time>2026-03-13T10:09:49Z</time></trkpt><trkpt lat="46.076392" lon="7.304247"><ele>2803.4</ele><time>2026-03-13T10:09:53Z</time></trkpt><trkpt lat="46.076382" lon="7.304267"><ele>2804.0</ele><time>2026-03-13T10:09:57Z</time></trkpt><trkpt lat="46.076367" lon="7.304285"><ele>2804.6</ele><time>2026-03-13T10:10:01Z</time></trkpt><trkpt lat="46.076357" lon="7.304305"><ele>2805.4</ele><time>2026-03-13T10:10:05Z</time></trkpt><trkpt lat="46.076337" lon="7.304332"><ele>2806.4</ele><time>2026-03-13T10:10:22Z</time></trkpt><trkpt lat="46.07632" lon="7.30435"><ele>2806.6</ele><time>2026-03-13T10:11:05Z</time></trkpt><trkpt lat="46.076295" lon="7.30438"><ele>2806.6</ele><time>2026-03-13T10:11:07Z</time></trkpt><trkpt lat="46.076275" lon="7.304412"><ele>2806.8</ele><time>2026-03-13T10:11:09Z</time></trkpt><trkpt lat="46.076267" lon="7.304437"><ele>2807.0</ele><time>2026-03-13T10:11:11Z</time></trkpt><trkpt lat="46.076262" lon="7.304462"><ele>2807.2</ele><time>2026-03-13T10:11:13Z</time></trkpt><trkpt lat="46.07626" lon="7.304492"><ele>2807.8</ele><time>2026-03-13T10:11:16Z</time></trkpt><trkpt lat="46.076257" lon="7.304517"><ele>2808.2</ele><time>2026-03-13T10:11:19Z</time></trkpt><trkpt lat="46.07626" lon="7.304552"><ele>2809.0</ele><time>2026-03-13T10:11:22Z</time></trkpt><trkpt lat="46.076267" lon="7.304582"><ele>2809.8</ele><time>2026-03-13T10:11:25Z</time></trkpt><trkpt lat="46.076275" lon="7.304607"><ele>2810.2</ele><time>2026-03-13T10:11:27Z</time></trkpt><trkpt lat="46.076278" lon="7.304632"><ele>2810.8</ele><time>2026-03-13T10:11:29Z</time></trkpt><trkpt lat="46.076265" lon="7.304652"><ele>2811.6</ele><time>2026-03-13T10:11:33Z</time></trkpt><trkpt lat="46.076247" lon="7.304657"><ele>2812.2</ele><time>2026-03-13T10:11:36Z</time></trkpt><trkpt lat="46.076232" lon="7.30466"><ele>2813.2</ele><time>2026-03-13T10:11:44Z</time></trkpt><trkpt lat="46.076212" lon="7.304662"><ele>2813.8</ele><time>2026-03-13T10:11:48Z</time></trkpt><trkpt lat="46.076192" lon="7.30466"><ele>2814.2</ele><time>2026-03-13T10:11:50Z</time></trkpt><trkpt lat="46.076167" lon="7.304657"><ele>2814.4</ele><time>2026-03-13T10:11:53Z</time></trkpt><trkpt lat="46.076147" lon="7.304657"><ele>2814.8</ele><time>2026-03-13T10:11:56Z</time></trkpt><trkpt lat="46.076127" lon="7.304647"><ele>2815.2</ele><time>2026-03-13T10:11:59Z</time></trkpt><trkpt lat="46.076105" lon="7.304637"><ele>2816.0</ele><time>2026-03-13T10:12:03Z</time></trkpt><trkpt lat="46.076102" lon="7.304662"><ele>2816.8</ele><time>2026-03-13T10:12:10Z</time></trkpt><trkpt lat="46.076102" lon="7.304685"><ele>2819.4</ele><time>2026-03-13T10:12:20Z</time></trkpt><trkpt lat="46.076105" lon="7.304717"><ele>2820.0</ele><time>2026-03-13T10:12:22Z</time></trkpt><trkpt lat="46.076107" lon="7.304755"><ele>2820.0</ele><time>2026-03-13T10:12:24Z</time></trkpt><trkpt lat="46.076107" lon="7.304787"><ele>2820.4</ele><time>2026-03-13T10:12:26Z</time></trkpt><trkpt lat="46.0761" lon="7.304812"><ele>2820.8</ele><time>2026-03-13T10:12:29Z</time></trkpt><trkpt lat="46.076082" lon="7.304825"><ele>2821.2</ele><time>2026-03-13T10:12:33Z</time></trkpt><trkpt lat="46.076065" lon="7.304832"><ele>2821.4</ele><time>2026-03-13T10:12:36Z</time></trkpt><trkpt lat="46.076047" lon="7.30485"><ele>2822.2</ele><time>2026-03-13T10:12:39Z</time></trkpt><trkpt lat="46.076027" lon="7.304855"><ele>2822.8</ele><time>2026-03-13T10:12:44Z</time></trkpt><trkpt lat="46.076012" lon="7.304862"><ele>2823.4</ele><time>2026-03-13T10:12:48Z</time></trkpt><trkpt lat="46.07599" lon="7.304867"><ele>2824.4</ele><time>2026-03-13T10:12:54Z</time></trkpt><trkpt lat="46.075967" lon="7.304875"><ele>2825.6</ele><time>2026-03-13T10:13:21Z</time></trkpt><trkpt lat="46.07595" lon="7.30488"><ele>2825.6</ele><time>2026-03-13T10:13:23Z</time></trkpt><trkpt lat="46.075927" lon="7.304887"><ele>2825.6</ele><time>2026-03-13T10:13:25Z</time></trkpt><trkpt lat="46.075905" lon="7.304897"><ele>2826.2</ele><time>2026-03-13T10:13:27Z</time></trkpt><trkpt lat="46.075882" lon="7.304905"><ele>2826.6</ele><time>2026-03-13T10:13:31Z</time></trkpt><trkpt lat="46.075862" lon="7.304905"><ele>2827.0</ele><time>2026-03-13T10:13:34Z</time></trkpt><trkpt lat="46.075842" lon="7.304908"><ele>2827.6</ele><time>2026-03-13T10:13:39Z</time></trkpt><trkpt lat="46.075817" lon="7.304917"><ele>2828.0</ele><time>2026-03-13T10:13:43Z</time></trkpt><trkpt lat="46.0758" lon="7.304927"><ele>2828.8</ele><time>2026-03-13T10:13:47Z</time></trkpt><trkpt lat="46.07578" lon="7.304927"><ele>2829.4</ele><time>2026-03-13T10:13:50Z</time></trkpt><trkpt lat="46.075762" lon="7.304937"><ele>2830.0</ele><time>2026-03-13T10:13:53Z</time></trkpt><trkpt lat="46.075747" lon="7.304952"><ele>2830.6</ele><time>2026-03-13T10:13:56Z</time></trkpt><trkpt lat="46.07573" lon="7.304962"><ele>2831.2</ele><time>2026-03-13T10:13:59Z</time></trkpt><trkpt lat="46.07571" lon="7.304973"><ele>2832.0</ele><time>2026-03-13T10:14:02Z</time></trkpt><trkpt lat="46.075687" lon="7.304977"><ele>2832.4</ele><time>2026-03-13T10:14:06Z</time></trkpt><trkpt lat="46.075662" lon="7.304982"><ele>2832.8</ele><time>2026-03-13T10:14:09Z</time></trkpt><trkpt lat="46.07564" lon="7.304992"><ele>2833.2</ele><time>2026-03-13T10:14:13Z</time></trkpt><trkpt lat="46.075617" lon="7.305007"><ele>2833.6</ele><time>2026-03-13T10:14:16Z</time></trkpt><trkpt lat="46.0756" lon="7.30502"><ele>2833.8</ele><time>2026-03-13T10:14:19Z</time></trkpt><trkpt lat="46.075582" lon="7.305022"><ele>2834.2</ele><time>2026-03-13T10:14:22Z</time></trkpt><trkpt lat="46.075562" lon="7.305022"><ele>2834.6</ele><time>2026-03-13T10:14:25Z</time></trkpt><trkpt lat="46.075542" lon="7.305035"><ele>2835.0</ele><time>2026-03-13T10:14:28Z</time></trkpt><trkpt lat="46.075527" lon="7.30505"><ele>2835.2</ele><time>2026-03-13T10:14:31Z</time></trkpt><trkpt lat="46.075507" lon="7.305062"><ele>2835.6</ele><time>2026-03-13T10:14:34Z</time></trkpt><trkpt lat="46.07549" lon="7.305077"><ele>2836.0</ele><time>2026-03-13T10:14:37Z</time></trkpt><trkpt lat="46.075475" lon="7.305092"><ele>2836.6</ele><time>2026-03-13T10:14:40Z</time></trkpt><trkpt lat="46.075457" lon="7.305107"><ele>2836.8</ele><time>2026-03-13T10:14:43Z</time></trkpt><trkpt lat="46.075435" lon="7.305117"><ele>2837.0</ele><time>2026-03-13T10:14:46Z</time></trkpt><trkpt lat="46.075415" lon="7.305125"><ele>2837.4</ele><time>2026-03-13T10:14:50Z</time></trkpt><trkpt lat="46.075392" lon="7.305137"><ele>2838.0</ele><time>2026-03-13T10:14:54Z</time></trkpt><trkpt lat="46.075377" lon="7.305152"><ele>2838.4</ele><time>2026-03-13T10:14:57Z</time></trkpt><trkpt lat="46.075357" lon="7.305152"><ele>2839.0</ele><time>2026-03-13T10:15:01Z</time></trkpt><trkpt lat="46.075335" lon="7.305162"><ele>2839.6</ele><time>2026-03-13T10:15:05Z</time></trkpt><trkpt lat="46.075317" lon="7.30517"><ele>2840.0</ele><time>2026-03-13T10:15:09Z</time></trkpt><trkpt lat="46.075302" lon="7.305177"><ele>2840.8</ele><time>2026-03-13T10:15:13Z</time></trkpt><trkpt lat="46.075277" lon="7.305182"><ele>2841.2</ele><time>2026-03-13T10:15:17Z</time></trkpt><trkpt lat="46.075257" lon="7.305175"><ele>2842.0</ele><time>2026-03-13T10:15:21Z</time></trkpt><trkpt lat="46.075237" lon="7.305177"><ele>2842.4</ele><time>2026-03-13T10:15:25Z</time></trkpt><trkpt lat="46.075212" lon="7.305175"><ele>2843.2</ele><time>2026-03-13T10:15:30Z</time></trkpt><trkpt lat="46.075192" lon="7.305172"><ele>2843.2</ele><time>2026-03-13T10:15:34Z</time></trkpt><trkpt lat="46.075172" lon="7.305177"><ele>2843.4</ele><time>2026-03-13T10:15:37Z</time></trkpt><trkpt lat="46.075147" lon="7.305172"><ele>2843.8</ele><time>2026-03-13T10:15:40Z</time></trkpt><trkpt lat="46.075127" lon="7.305167"><ele>2844.2</ele><time>2026-03-13T10:15:43Z</time></trkpt><trkpt lat="46.075102" lon="7.305163"><ele>2845.0</ele><time>2026-03-13T10:15:48Z</time></trkpt><trkpt lat="46.07508" lon="7.305162"><ele>2845.6</ele><time>2026-03-13T10:15:52Z</time></trkpt><trkpt lat="46.075062" lon="7.305162"><ele>2846.4</ele><time>2026-03-13T10:15:57Z</time></trkpt><trkpt lat="46.07504" lon="7.305155"><ele>2847.2</ele><time>2026-03-13T10:16:02Z</time></trkpt><trkpt lat="46.075025" lon="7.305137"><ele>2847.8</ele><time>2026-03-13T10:16:08Z</time></trkpt><trkpt lat="46.07501" lon="7.305127"><ele>2848.8</ele><time>2026-03-13T10:16:15Z</time></trkpt><trkpt lat="46.074987" lon="7.305112"><ele>2850.6</ele><time>2026-03-13T10:16:27Z</time></trkpt><trkpt lat="46.074957" lon="7.30509"><ele>2851.0</ele><time>2026-03-13T10:16:29Z</time></trkpt><trkpt lat="46.074932" lon="7.305062"><ele>2851.4</ele><time>2026-03-13T10:16:31Z</time></trkpt><trkpt lat="46.074917" lon="7.305042"><ele>2852.0</ele><time>2026-03-13T10:16:35Z</time></trkpt><trkpt lat="46.074902" lon="7.30503"><ele>2852.8</ele><time>2026-03-13T10:16:41Z</time></trkpt><trkpt lat="46.074892" lon="7.305017"><ele>2854.2</ele><time>2026-03-13T10:16:51Z</time></trkpt><trkpt lat="46.074885" lon="7.305007"><ele>2856.2</ele><time>2026-03-13T10:17:06Z</time></trkpt><trkpt lat="46.074855" lon="7.30497"><ele>2856.4</ele><time>2026-03-13T10:17:08Z</time></trkpt><trkpt lat="46.074837" lon="7.30495"><ele>2856.4</ele><time>2026-03-13T10:17:09Z</time></trkpt><trkpt lat="46.074812" lon="7.304917"><ele>2856.6</ele><time>2026-03-13T10:17:11Z</time></trkpt><trkpt lat="46.074797" lon="7.304902"><ele>2857.2</ele><time>2026-03-13T10:17:14Z</time></trkpt><trkpt lat="46.074787" lon="7.304892"><ele>2859.0</ele><time>2026-03-13T10:17:30Z</time></trkpt><trkpt lat="46.074765" lon="7.304872"><ele>2859.6</ele><time>2026-03-13T10:17:33Z</time></trkpt><trkpt lat="46.074747" lon="7.304857"><ele>2859.8</ele><time>2026-03-13T10:17:35Z</time></trkpt><trkpt lat="46.074735" lon="7.30484"><ele>2860.2</ele><time>2026-03-13T10:17:38Z</time></trkpt><trkpt lat="46.074735" lon="7.304865"><ele>2861.8</ele><time>2026-03-13T10:18:07Z</time></trkpt><trkpt lat="46.074725" lon="7.30489"><ele>2861.8</ele><time>2026-03-13T10:18:09Z</time></trkpt><trkpt lat="46.07472" lon="7.304917"><ele>2861.8</ele><time>2026-03-13T10:18:12Z</time></trkpt><trkpt lat="46.07471" lon="7.304942"><ele>2862.4</ele><time>2026-03-13T10:18:15Z</time></trkpt><trkpt lat="46.074697" lon="7.30496"><ele>2863.0</ele><time>2026-03-13T10:18:18Z</time></trkpt><trkpt lat="46.074687" lon="7.304982"><ele>2863.6</ele><time>2026-03-13T10:18:22Z</time></trkpt><trkpt lat="46.07468" lon="7.30501"><ele>2864.0</ele><time>2026-03-13T10:18:26Z</time></trkpt><trkpt lat="46.074677" lon="7.305035"><ele>2866.0</ele><time>2026-03-13T10:18:41Z</time></trkpt><trkpt lat="46.07467" lon="7.30508"><ele>2866.2</ele><time>2026-03-13T10:18:43Z</time></trkpt><trkpt lat="46.074665" lon="7.305117"><ele>2866.6</ele><time>2026-03-13T10:18:45Z</time></trkpt><trkpt lat="46.074657" lon="7.305152"><ele>2867.2</ele><time>2026-03-13T10:18:48Z</time></trkpt><trkpt lat="46.074652" lon="7.305182"><ele>2868.0</ele><time>2026-03-13T10:18:52Z</time></trkpt><trkpt lat="46.074647" lon="7.305212"><ele>2869.0</ele><time>2026-03-13T10:18:56Z</time></trkpt><trkpt lat="46.074647" lon="7.30524"><ele>2869.2</ele><time>2026-03-13T10:18:59Z</time></trkpt><trkpt lat="46.074642" lon="7.305272"><ele>2869.8</ele><time>2026-03-13T10:19:03Z</time></trkpt><trkpt lat="46.074635" lon="7.305302"><ele>2870.4</ele><time>2026-03-13T10:19:07Z</time></trkpt><trkpt lat="46.074632" lon="7.305332"><ele>2871.0</ele><time>2026-03-13T10:19:11Z</time></trkpt><trkpt lat="46.074632" lon="7.30536"><ele>2871.4</ele><time>2026-03-13T10:19:14Z</time></trkpt><trkpt lat="46.074627" lon="7.305382"><ele>2872.0</ele><time>2026-03-13T10:19:17Z</time></trkpt><trkpt lat="46.074617" lon="7.305415"><ele>2872.6</ele><time>2026-03-13T10:19:21Z</time></trkpt><trkpt lat="46.074615" lon="7.30544"><ele>2873.0</ele><time>2026-03-13T10:19:25Z</time></trkpt><trkpt lat="46.07461" lon="7.305467"><ele>2873.6</ele><time>2026-03-13T10:19:28Z</time></trkpt><trkpt lat="46.074602" lon="7.305492"><ele>2874.0</ele><time>2026-03-13T10:19:32Z</time></trkpt><trkpt lat="46.074592" lon="7.305522"><ele>2874.8</ele><time>2026-03-13T10:19:36Z</time></trkpt><trkpt lat="46.07459" lon="7.30555"><ele>2875.4</ele><time>2026-03-13T10:19:40Z</time></trkpt><trkpt lat="46.07459" lon="7.305577"><ele>2876.2</ele><time>2026-03-13T10:19:44Z</time></trkpt><trkpt lat="46.074592" lon="7.305607"><ele>2876.6</ele><time>2026-03-13T10:19:49Z</time></trkpt><trkpt lat="46.0746" lon="7.305637"><ele>2877.2</ele><time>2026-03-13T10:19:54Z</time></trkpt><trkpt lat="46.074607" lon="7.305662"><ele>2877.8</ele><time>2026-03-13T10:19:58Z</time></trkpt><trkpt lat="46.074625" lon="7.305685"><ele>2878.6</ele><time>2026-03-13T10:20:03Z</time></trkpt><trkpt lat="46.074637" lon="7.30571"><ele>2879.6</ele><time>2026-03-13T10:20:08Z</time></trkpt><trkpt lat="46.074652" lon="7.305727"><ele>2880.2</ele><time>2026-03-13T10:20:13Z</time></trkpt><trkpt lat="46.074652" lon="7.30575"><ele>2882.8</ele><time>2026-03-13T10:20:34Z</time></trkpt><trkpt lat="46.074655" lon="7.305787"><ele>2883.2</ele><time>2026-03-13T10:20:36Z</time></trkpt><trkpt lat="46.074652" lon="7.305827"><ele>2883.4</ele><time>2026-03-13T10:20:38Z</time></trkpt><trkpt lat="46.074635" lon="7.30585"><ele>2884.0</ele><time>2026-03-13T10:20:41Z</time></trkpt><trkpt lat="46.074612" lon="7.305852"><ele>2885.2</ele><time>2026-03-13T10:20:46Z</time></trkpt><trkpt lat="46.074587" lon="7.305857"><ele>2889.6</ele><time>2026-03-13T10:21:21Z</time></trkpt><trkpt lat="46.074562" lon="7.305857"><ele>2889.8</ele><time>2026-03-13T10:21:22Z</time></trkpt><trkpt lat="46.074532" lon="7.30586"><ele>2889.8</ele><time>2026-03-13T10:21:23Z</time></trkpt><trkpt lat="46.074507" lon="7.305862"><ele>2890.0</ele><time>2026-03-13T10:21:24Z</time></trkpt><trkpt lat="46.074482" lon="7.305865"><ele>2890.2</ele><time>2026-03-13T10:21:25Z</time></trkpt><trkpt lat="46.074455" lon="7.305867"><ele>2890.4</ele><time>2026-03-13T10:21:27Z</time></trkpt><trkpt lat="46.074435" lon="7.305862"><ele>2890.8</ele><time>2026-03-13T10:21:31Z</time></trkpt><trkpt lat="46.074417" lon="7.305865"><ele>2891.0</ele><time>2026-03-13T10:21:34Z</time></trkpt><trkpt lat="46.074397" lon="7.305857"><ele>2891.4</ele><time>2026-03-13T10:21:39Z</time></trkpt><trkpt lat="46.074377" lon="7.305857"><ele>2892.0</ele><time>2026-03-13T10:21:43Z</time></trkpt><trkpt lat="46.07436" lon="7.305852"><ele>2892.6</ele><time>2026-03-13T10:21:46Z</time></trkpt><trkpt lat="46.07434" lon="7.305852"><ele>2893.2</ele><time>2026-03-13T10:21:51Z</time></trkpt><trkpt lat="46.074317" lon="7.305847"><ele>2893.6</ele><time>2026-03-13T10:21:58Z</time></trkpt><trkpt lat="46.074285" lon="7.305837"><ele>2898.0</ele><time>2026-03-13T10:22:45Z</time></trkpt><trkpt lat="46.074252" lon="7.305827"><ele>2898.2</ele><time>2026-03-13T10:22:46Z</time></trkpt><trkpt lat="46.07421" lon="7.305815"><ele>2898.0</ele><time>2026-03-13T10:22:47Z</time></trkpt><trkpt lat="46.07417" lon="7.305802"><ele>2898.0</ele><time>2026-03-13T10:22:48Z</time></trkpt><trkpt lat="46.074137" lon="7.305795"><ele>2898.0</ele><time>2026-03-13T10:22:49Z</time></trkpt><trkpt lat="46.074117" lon="7.30579"><ele>2898.2</ele><time>2026-03-13T10:22:50Z</time></trkpt><trkpt lat="46.074107" lon="7.305812"><ele>2898.6</ele><time>2026-03-13T10:23:19Z</time></trkpt><trkpt lat="46.074112" lon="7.30584"><ele>2898.8</ele><time>2026-03-13T10:23:21Z</time></trkpt><trkpt lat="46.07412" lon="7.305872"><ele>2899.2</ele><time>2026-03-13T10:23:24Z</time></trkpt><trkpt lat="46.07413" lon="7.305893"><ele>2899.6</ele><time>2026-03-13T10:23:27Z</time></trkpt><trkpt lat="46.074142" lon="7.305912"><ele>2900.2</ele><time>2026-03-13T10:23:30Z</time></trkpt><trkpt lat="46.074157" lon="7.305937"><ele>2901.0</ele><time>2026-03-13T10:23:34Z</time></trkpt><trkpt lat="46.07417" lon="7.305952"><ele>2901.6</ele><time>2026-03-13T10:23:39Z</time></trkpt><trkpt lat="46.074182" lon="7.305972"><ele>2902.4</ele><time>2026-03-13T10:23:47Z</time></trkpt><trkpt lat="46.074192" lon="7.306"><ele>2903.8</ele><time>2026-03-13T10:23:58Z</time></trkpt><trkpt lat="46.074202" lon="7.306022"><ele>2903.8</ele><time>2026-03-13T10:23:59Z</time></trkpt><trkpt lat="46.07422" lon="7.306067"><ele>2904.4</ele><time>2026-03-13T10:24:01Z</time></trkpt><trkpt lat="46.07423" lon="7.306087"><ele>2904.6</ele><time>2026-03-13T10:24:03Z</time></trkpt><trkpt lat="46.074237" lon="7.306115"><ele>2905.2</ele><time>2026-03-13T10:24:08Z</time></trkpt><trkpt lat="46.074245" lon="7.306137"><ele>2905.6</ele><time>2026-03-13T10:24:11Z</time></trkpt><trkpt lat="46.07425" lon="7.30617"><ele>2906.2</ele><time>2026-03-13T10:24:15Z</time></trkpt><trkpt lat="46.07425" lon="7.306195"><ele>2906.8</ele><time>2026-03-13T10:24:19Z</time></trkpt><trkpt lat="46.074257" lon="7.306217"><ele>2907.4</ele><time>2026-03-13T10:24:23Z</time></trkpt><trkpt lat="46.074267" lon="7.306242"><ele>2908.0</ele><time>2026-03-13T10:24:28Z</time></trkpt><trkpt lat="46.074275" lon="7.306272"><ele>2908.6</ele><time>2026-03-13T10:24:32Z</time></trkpt><trkpt lat="46.074282" lon="7.306302"><ele>2909.4</ele><time>2026-03-13T10:24:38Z</time></trkpt><trkpt lat="46.074295" lon="7.306325"><ele>2910.0</ele><time>2026-03-13T10:24:42Z</time></trkpt><trkpt lat="46.074302" lon="7.306355"><ele>2910.6</ele><time>2026-03-13T10:24:47Z</time></trkpt><trkpt lat="46.074307" lon="7.30638"><ele>2911.2</ele><time>2026-03-13T10:24:51Z</time></trkpt><trkpt lat="46.074315" lon="7.306402"><ele>2912.4</ele><time>2026-03-13T10:25:01Z</time></trkpt><trkpt lat="46.074327" lon="7.306433"><ele>2913.8</ele><time>2026-03-13T10:25:09Z</time></trkpt><trkpt lat="46.074337" lon="7.306455"><ele>2915.2</ele><time>2026-03-13T10:25:34Z</time></trkpt><trkpt lat="46.074332" lon="7.30648"><ele>2916.0</ele><time>2026-03-13T10:25:55Z</time></trkpt><trkpt lat="46.074312" lon="7.306477"><ele>2916.4</ele><time>2026-03-13T10:25:57Z</time></trkpt><trkpt lat="46.074285" lon="7.30647"><ele>2916.4</ele><time>2026-03-13T10:25:59Z</time></trkpt><trkpt lat="46.07426" lon="7.306462"><ele>2917.0</ele><time>2026-03-13T10:26:03Z</time></trkpt><trkpt lat="46.074237" lon="7.306457"><ele>2917.4</ele><time>2026-03-13T10:26:07Z</time></trkpt><trkpt lat="46.074215" lon="7.306457"><ele>2918.2</ele><time>2026-03-13T10:26:12Z</time></trkpt><trkpt lat="46.074195" lon="7.306455"><ele>2918.6</ele><time>2026-03-13T10:26:16Z</time></trkpt><trkpt lat="46.074172" lon="7.30645"><ele>2919.2</ele><time>2026-03-13T10:26:20Z</time></trkpt><trkpt lat="46.074152" lon="7.306447"><ele>2919.6</ele><time>2026-03-13T10:26:24Z</time></trkpt><trkpt lat="46.074135" lon="7.306442"><ele>2920.2</ele><time>2026-03-13T10:26:28Z</time></trkpt><trkpt lat="46.074115" lon="7.306437"><ele>2920.4</ele><time>2026-03-13T10:26:32Z</time></trkpt><trkpt lat="46.074095" lon="7.306437"><ele>2921.4</ele><time>2026-03-13T10:26:38Z</time></trkpt><trkpt lat="46.074072" lon="7.306442"><ele>2922.4</ele><time>2026-03-13T10:26:54Z</time></trkpt><trkpt lat="46.074062" lon="7.306462"><ele>2923.2</ele><time>2026-03-13T10:27:35Z</time></trkpt><trkpt lat="46.074067" lon="7.306495"><ele>2923.6</ele><time>2026-03-13T10:27:38Z</time></trkpt><trkpt lat="46.074082" lon="7.306525"><ele>2923.8</ele><time>2026-03-13T10:27:41Z</time></trkpt><trkpt lat="46.074097" lon="7.306552"><ele>2924.8</ele><time>2026-03-13T10:27:46Z</time></trkpt><trkpt lat="46.074107" lon="7.306567"><ele>2926.6</ele><time>2026-03-13T10:28:00Z</time></trkpt><trkpt lat="46.074122" lon="7.306593"><ele>2927.0</ele><time>2026-03-13T10:28:02Z</time></trkpt><trkpt lat="46.074137" lon="7.306627"><ele>2927.4</ele><time>2026-03-13T10:28:04Z</time></trkpt><trkpt lat="46.074147" lon="7.306657"><ele>2928.0</ele><time>2026-03-13T10:28:07Z</time></trkpt><trkpt lat="46.074152" lon="7.306682"><ele>2928.6</ele><time>2026-03-13T10:28:11Z</time></trkpt><trkpt lat="46.074162" lon="7.306702"><ele>2929.0</ele><time>2026-03-13T10:28:15Z</time></trkpt><trkpt lat="46.074177" lon="7.30672"><ele>2929.8</ele><time>2026-03-13T10:28:19Z</time></trkpt><trkpt lat="46.07419" lon="7.306737"><ele>2930.2</ele><time>2026-03-13T10:28:22Z</time></trkpt><trkpt lat="46.074202" lon="7.306755"><ele>2931.0</ele><time>2026-03-13T10:28:26Z</time></trkpt><trkpt lat="46.074217" lon="7.306777"><ele>2931.8</ele><time>2026-03-13T10:28:31Z</time></trkpt><trkpt lat="46.074227" lon="7.306797"><ele>2932.6</ele><time>2026-03-13T10:28:36Z</time></trkpt><trkpt lat="46.074242" lon="7.306817"><ele>2933.2</ele><time>2026-03-13T10:28:41Z</time></trkpt><trkpt lat="46.074262" lon="7.306842"><ele>2937.0</ele><time>2026-03-13T10:29:22Z</time></trkpt><trkpt lat="46.074285" lon="7.306865"><ele>2937.4</ele><time>2026-03-13T10:29:25Z</time></trkpt><trkpt lat="46.074302" lon="7.306885"><ele>2937.6</ele><time>2026-03-13T10:29:26Z</time></trkpt><trkpt lat="46.07432" lon="7.306905"><ele>2937.8</ele><time>2026-03-13T10:29:27Z</time></trkpt><trkpt lat="46.074337" lon="7.306922"><ele>2938.0</ele><time>2026-03-13T10:29:28Z</time></trkpt><trkpt lat="46.074357" lon="7.306947"><ele>2938.4</ele><time>2026-03-13T10:29:30Z</time></trkpt><trkpt lat="46.074372" lon="7.306967"><ele>2938.8</ele><time>2026-03-13T10:29:33Z</time></trkpt><trkpt lat="46.074387" lon="7.306985"><ele>2939.4</ele><time>2026-03-13T10:29:37Z</time></trkpt><trkpt lat="46.0744" lon="7.307002"><ele>2939.8</ele><time>2026-03-13T10:29:41Z</time></trkpt><trkpt lat="46.074417" lon="7.30702"><ele>2940.4</ele><time>2026-03-13T10:29:45Z</time></trkpt><trkpt lat="46.074427" lon="7.307038"><ele>2940.6</ele><time>2026-03-13T10:29:48Z</time></trkpt><trkpt lat="46.074442" lon="7.307062"><ele>2941.0</ele><time>2026-03-13T10:29:52Z</time></trkpt><trkpt lat="46.07446" lon="7.307087"><ele>2941.6</ele><time>2026-03-13T10:29:57Z</time></trkpt><trkpt lat="46.074472" lon="7.307115"><ele>2942.0</ele><time>2026-03-13T10:30:01Z</time></trkpt><trkpt lat="46.074485" lon="7.307132"><ele>2942.6</ele><time>2026-03-13T10:30:04Z</time></trkpt><trkpt lat="46.074497" lon="7.30716"><ele>2943.4</ele><time>2026-03-13T10:30:08Z</time></trkpt><trkpt lat="46.074502" lon="7.307187"><ele>2943.6</ele><time>2026-03-13T10:30:12Z</time></trkpt><trkpt lat="46.07451" lon="7.307212"><ele>2944.2</ele><time>2026-03-13T10:30:16Z</time></trkpt><trkpt lat="46.074517" lon="7.307235"><ele>2945.0</ele><time>2026-03-13T10:30:19Z</time></trkpt><trkpt lat="46.074527" lon="7.307267"><ele>2945.6</ele><time>2026-03-13T10:30:23Z</time></trkpt><trkpt lat="46.074533" lon="7.307297"><ele>2946.2</ele><time>2026-03-13T10:30:27Z</time></trkpt><trkpt lat="46.07454" lon="7.307322"><ele>2947.8</ele><time>2026-03-13T10:30:36Z</time></trkpt><trkpt lat="46.07455" lon="7.307352"><ele>2948.0</ele><time>2026-03-13T10:30:39Z</time></trkpt><trkpt lat="46.074555" lon="7.307377"><ele>2948.2</ele><time>2026-03-13T10:30:41Z</time></trkpt><trkpt lat="46.074557" lon="7.307405"><ele>2948.8</ele><time>2026-03-13T10:30:48Z</time></trkpt><trkpt lat="46.074567" lon="7.307427"><ele>2949.8</ele><time>2026-03-13T10:31:05Z</time></trkpt><trkpt lat="46.074577" lon="7.307452"><ele>2950.0</ele><time>2026-03-13T10:31:07Z</time></trkpt><trkpt lat="46.074582" lon="7.307487"><ele>2950.2</ele><time>2026-03-13T10:31:09Z</time></trkpt><trkpt lat="46.074572" lon="7.307515"><ele>2950.6</ele><time>2026-03-13T10:31:12Z</time></trkpt><trkpt lat="46.074552" lon="7.307527"><ele>2951.8</ele><time>2026-03-13T10:31:16Z</time></trkpt><trkpt lat="46.074542" lon="7.307527"><ele>2953.8</ele><time>2026-03-13T10:31:33Z</time></trkpt><trkpt lat="46.074522" lon="7.307527"><ele>2954.0</ele><time>2026-03-13T10:31:35Z</time></trkpt><trkpt lat="46.074497" lon="7.307532"><ele>2954.4</ele><time>2026-03-13T10:31:37Z</time></trkpt><trkpt lat="46.074477" lon="7.307542"><ele>2955.0</ele><time>2026-03-13T10:31:40Z</time></trkpt><trkpt lat="46.074457" lon="7.30756"><ele>2956.6</ele><time>2026-03-13T10:31:51Z</time></trkpt><trkpt lat="46.074437" lon="7.307577"><ele>2956.8</ele><time>2026-03-13T10:31:54Z</time></trkpt><trkpt lat="46.074412" lon="7.307582"><ele>2957.2</ele><time>2026-03-13T10:31:57Z</time></trkpt><trkpt lat="46.074392" lon="7.307575"><ele>2958.6</ele><time>2026-03-13T10:33:02Z</time></trkpt><trkpt lat="46.074365" lon="7.307578"><ele>2958.8</ele><time>2026-03-13T10:33:05Z</time></trkpt><trkpt lat="46.074347" lon="7.307582"><ele>2958.8</ele><time>2026-03-13T10:33:07Z</time></trkpt><trkpt lat="46.07433" lon="7.307567"><ele>2959.4</ele><time>2026-03-13T10:33:13Z</time></trkpt><trkpt lat="46.074327" lon="7.307545"><ele>2960.6</ele><time>2026-03-13T10:33:53Z</time></trkpt><trkpt lat="46.074345" lon="7.307552"><ele>2960.2</ele><time>2026-03-13T10:33:57Z</time></trkpt><trkpt lat="46.074362" lon="7.30756"><ele>2959.4</ele><time>2026-03-13T10:37:38Z</time></trkpt><trkpt lat="46.074382" lon="7.307577"><ele>2959.6</ele><time>2026-03-13T10:37:41Z</time></trkpt><trkpt lat="46.07437" lon="7.307597"><ele>2960.0</ele><time>2026-03-13T10:49:25Z</time></trkpt><trkpt lat="46.074332" lon="7.307637"><ele>2959.6</ele><time>2026-03-13T10:49:27Z</time></trkpt><trkpt lat="46.074297" lon="7.307665"><ele>2959.4</ele><time>2026-03-13T10:49:28Z</time></trkpt><trkpt lat="46.074257" lon="7.307695"><ele>2959.2</ele><time>2026-03-13T10:49:29Z</time></trkpt><trkpt lat="46.07421" lon="7.307727"><ele>2958.8</ele><time>2026-03-13T10:49:30Z</time></trkpt><trkpt lat="46.074167" lon="7.30776"><ele>2958.0</ele><time>2026-03-13T10:49:31Z</time></trkpt><trkpt lat="46.074122" lon="7.307787"><ele>2957.2</ele><time>2026-03-13T10:49:32Z</time></trkpt><trkpt lat="46.074083" lon="7.30781"><ele>2956.4</ele><time>2026-03-13T10:49:33Z</time></trkpt><trkpt lat="46.074052" lon="7.307852"><ele>2955.8</ele><time>2026-03-13T10:49:34Z</time></trkpt><trkpt lat="46.074017" lon="7.30791"><ele>2955.0</ele><time>2026-03-13T10:49:35Z</time></trkpt><trkpt lat="46.073987" lon="7.307967"><ele>2954.2</ele><time>2026-03-13T10:49:36Z</time></trkpt><trkpt lat="46.07396" lon="7.308032"><ele>2953.8</ele><time>2026-03-13T10:49:37Z</time></trkpt><trkpt lat="46.073937" lon="7.308107"><ele>2953.0</ele><time>2026-03-13T10:49:38Z</time></trkpt><trkpt lat="46.073925" lon="7.308182"><ele>2951.8</ele><time>2026-03-13T10:49:39Z</time></trkpt><trkpt lat="46.073917" lon="7.30824"><ele>2951.0</ele><time>2026-03-13T10:49:40Z</time></trkpt><trkpt lat="46.073932" lon="7.308297"><ele>2950.4</ele><time>2026-03-13T10:49:41Z</time></trkpt><trkpt lat="46.073942" lon="7.30837"><ele>2949.2</ele><time>2026-03-13T10:49:42Z</time></trkpt><trkpt lat="46.073932" lon="7.30843"><ele>2947.8</ele><time>2026-03-13T10:49:43Z</time></trkpt><trkpt lat="46.073922" lon="7.308472"><ele>2946.6</ele><time>2026-03-13T10:49:44Z</time></trkpt><trkpt lat="46.07391" lon="7.308507"><ele>2945.0</ele><time>2026-03-13T10:49:45Z</time></trkpt><trkpt lat="46.073902" lon="7.308542"><ele>2943.0</ele><time>2026-03-13T10:49:46Z</time></trkpt><trkpt lat="46.0739" lon="7.308577"><ele>2941.2</ele><time>2026-03-13T10:49:47Z</time></trkpt><trkpt lat="46.073927" lon="7.308612"><ele>2939.6</ele><time>2026-03-13T10:49:48Z</time></trkpt><trkpt lat="46.073947" lon="7.308667"><ele>2938.0</ele><time>2026-03-13T10:49:49Z</time></trkpt><trkpt lat="46.073937" lon="7.30872"><ele>2936.8</ele><time>2026-03-13T10:49:50Z</time></trkpt><trkpt lat="46.073912" lon="7.308772"><ele>2935.4</ele><time>2026-03-13T10:49:51Z</time></trkpt><trkpt lat="46.073887" lon="7.308817"><ele>2933.4</ele><time>2026-03-13T10:49:52Z</time></trkpt><trkpt lat="46.073877" lon="7.308852"><ele>2931.4</ele><time>2026-03-13T10:49:53Z</time></trkpt><trkpt lat="46.073877" lon="7.308872"><ele>2929.8</ele><time>2026-03-13T10:49:54Z</time></trkpt><trkpt lat="46.073875" lon="7.308897"><ele>2928.0</ele><time>2026-03-13T10:49:55Z</time></trkpt><trkpt lat="46.073867" lon="7.308937"><ele>2926.6</ele><time>2026-03-13T10:49:56Z</time></trkpt><trkpt lat="46.07386" lon="7.308987"><ele>2925.0</ele><time>2026-03-13T10:49:57Z</time></trkpt><trkpt lat="46.073847" lon="7.309032"><ele>2923.8</ele><time>2026-03-13T10:49:58Z</time></trkpt><trkpt lat="46.073842" lon="7.309075"><ele>2922.6</ele><time>2026-03-13T10:49:59Z</time></trkpt><trkpt lat="46.07384" lon="7.309115"><ele>2921.4</ele><time>2026-03-13T10:50:00Z</time></trkpt><trkpt lat="46.073862" lon="7.309147"><ele>2920.0</ele><time>2026-03-13T10:50:01Z</time></trkpt><trkpt lat="46.073907" lon="7.309162"><ele>2918.6</ele><time>2026-03-13T10:50:02Z</time></trkpt><trkpt lat="46.073942" lon="7.30921"><ele>2916.0</ele><time>2026-03-13T10:50:03Z</time></trkpt><trkpt lat="46.073932" lon="7.309287"><ele>2914.8</ele><time>2026-03-13T10:50:04Z</time></trkpt><trkpt lat="46.073895" lon="7.309357"><ele>2913.0</ele><time>2026-03-13T10:50:05Z</time></trkpt><trkpt lat="46.073872" lon="7.3094"><ele>2911.0</ele><time>2026-03-13T10:50:06Z</time></trkpt><trkpt lat="46.073857" lon="7.309432"><ele>2908.8</ele><time>2026-03-13T10:50:07Z</time></trkpt><trkpt lat="46.073845" lon="7.309472"><ele>2906.6</ele><time>2026-03-13T10:50:08Z</time></trkpt><trkpt lat="46.073837" lon="7.309527"><ele>2904.4</ele><time>2026-03-13T10:50:09Z</time></trkpt><trkpt lat="46.073815" lon="7.309595"><ele>2902.6</ele><time>2026-03-13T10:50:10Z</time></trkpt><trkpt lat="46.073792" lon="7.309667"><ele>2901.0</ele><time>2026-03-13T10:50:11Z</time></trkpt><trkpt lat="46.073747" lon="7.309832"><ele>2898.4</ele><time>2026-03-13T10:50:13Z</time></trkpt><trkpt lat="46.073722" lon="7.309905"><ele>2897.2</ele><time>2026-03-13T10:50:14Z</time></trkpt><trkpt lat="46.073697" lon="7.309972"><ele>2896.2</ele><time>2026-03-13T10:50:15Z</time></trkpt><trkpt lat="46.07368" lon="7.31003"><ele>2895.0</ele><time>2026-03-13T10:50:16Z</time></trkpt><trkpt lat="46.073662" lon="7.310097"><ele>2893.8</ele><time>2026-03-13T10:50:17Z</time></trkpt><trkpt lat="46.073645" lon="7.310177"><ele>2893.0</ele><time>2026-03-13T10:50:18Z</time></trkpt><trkpt lat="46.073627" lon="7.31026"><ele>2892.4</ele><time>2026-03-13T10:50:19Z</time></trkpt><trkpt lat="46.073607" lon="7.310347"><ele>2891.6</ele><time>2026-03-13T10:50:20Z</time></trkpt><trkpt lat="46.073592" lon="7.31044"><ele>2890.8</ele><time>2026-03-13T10:50:21Z</time></trkpt><trkpt lat="46.073582" lon="7.310533"><ele>2889.8</ele><time>2026-03-13T10:50:22Z</time></trkpt><trkpt lat="46.073575" lon="7.310622"><ele>2888.8</ele><time>2026-03-13T10:50:23Z</time></trkpt><trkpt lat="46.073567" lon="7.310697"><ele>2888.2</ele><time>2026-03-13T10:50:24Z</time></trkpt><trkpt lat="46.073562" lon="7.310765"><ele>2887.4</ele><time>2026-03-13T10:50:25Z</time></trkpt><trkpt lat="46.073555" lon="7.310825"><ele>2886.6</ele><time>2026-03-13T10:50:26Z</time></trkpt><trkpt lat="46.073547" lon="7.31088"><ele>2886.0</ele><time>2026-03-13T10:50:27Z</time></trkpt><trkpt lat="46.07354" lon="7.310927"><ele>2885.4</ele><time>2026-03-13T10:50:28Z</time></trkpt><trkpt lat="46.07353" lon="7.310972"><ele>2885.0</ele><time>2026-03-13T10:50:29Z</time></trkpt><trkpt lat="46.073522" lon="7.311007"><ele>2884.6</ele><time>2026-03-13T10:50:30Z</time></trkpt><trkpt lat="46.073512" lon="7.311047"><ele>2884.2</ele><time>2026-03-13T10:50:31Z</time></trkpt><trkpt lat="46.073497" lon="7.311087"><ele>2884.0</ele><time>2026-03-13T10:50:32Z</time></trkpt><trkpt lat="46.07348" lon="7.311135"><ele>2883.6</ele><time>2026-03-13T10:50:33Z</time></trkpt><trkpt lat="46.073455" lon="7.311182"><ele>2883.4</ele><time>2026-03-13T10:50:34Z</time></trkpt><trkpt lat="46.073427" lon="7.311232"><ele>2883.4</ele><time>2026-03-13T10:50:35Z</time></trkpt><trkpt lat="46.073392" lon="7.311285"><ele>2883.2</ele><time>2026-03-13T10:50:36Z</time></trkpt><trkpt lat="46.073352" lon="7.311345"><ele>2882.8</ele><time>2026-03-13T10:50:37Z</time></trkpt><trkpt lat="46.073312" lon="7.311412"><ele>2882.6</ele><time>2026-03-13T10:50:38Z</time></trkpt><trkpt lat="46.073267" lon="7.311492"><ele>2882.2</ele><time>2026-03-13T10:50:39Z</time></trkpt><trkpt lat="46.073222" lon="7.311577"><ele>2881.8</ele><time>2026-03-13T10:50:40Z</time></trkpt><trkpt lat="46.073187" lon="7.311655"><ele>2881.2</ele><time>2026-03-13T10:50:41Z</time></trkpt><trkpt lat="46.07316" lon="7.311707"><ele>2880.6</ele><time>2026-03-13T10:50:42Z</time></trkpt><trkpt lat="46.073142" lon="7.311737"><ele>2880.0</ele><time>2026-03-13T10:50:43Z</time></trkpt><trkpt lat="46.073117" lon="7.311782"><ele>2879.2</ele><time>2026-03-13T10:50:44Z</time></trkpt><trkpt lat="46.073082" lon="7.311862"><ele>2878.6</ele><time>2026-03-13T10:50:45Z</time></trkpt><trkpt lat="46.073052" lon="7.311957"><ele>2878.0</ele><time>2026-03-13T10:50:46Z</time></trkpt><trkpt lat="46.073037" lon="7.312047"><ele>2877.4</ele><time>2026-03-13T10:50:47Z</time></trkpt><trkpt lat="46.073027" lon="7.31214"><ele>2876.8</ele><time>2026-03-13T10:50:48Z</time></trkpt><trkpt lat="46.073022" lon="7.31223"><ele>2876.0</ele><time>2026-03-13T10:50:49Z</time></trkpt><trkpt lat="46.073017" lon="7.312315"><ele>2875.2</ele><time>2026-03-13T10:50:50Z</time></trkpt><trkpt lat="46.07301" lon="7.312392"><ele>2874.2</ele><time>2026-03-13T10:50:51Z</time></trkpt><trkpt lat="46.073005" lon="7.312462"><ele>2873.4</ele><time>2026-03-13T10:50:52Z</time></trkpt><trkpt lat="46.072997" lon="7.312522"><ele>2872.2</ele><time>2026-03-13T10:50:53Z</time></trkpt><trkpt lat="46.072992" lon="7.312565"><ele>2871.4</ele><time>2026-03-13T10:50:54Z</time></trkpt><trkpt lat="46.07299" lon="7.31259"><ele>2870.4</ele><time>2026-03-13T10:50:55Z</time></trkpt><trkpt lat="46.072987" lon="7.312612"><ele>2866.6</ele><time>2026-03-13T10:51:07Z</time></trkpt><trkpt lat="46.072992" lon="7.31266"><ele>2866.6</ele><time>2026-03-13T10:51:09Z</time></trkpt><trkpt lat="46.073" lon="7.312705"><ele>2866.4</ele><time>2026-03-13T10:51:10Z</time></trkpt><trkpt lat="46.073007" lon="7.312765"><ele>2866.4</ele><time>2026-03-13T10:51:11Z</time></trkpt><trkpt lat="46.07301" lon="7.312842"><ele>2866.2</ele><time>2026-03-13T10:51:12Z</time></trkpt><trkpt lat="46.07301" lon="7.312922"><ele>2865.8</ele><time>2026-03-13T10:51:13Z</time></trkpt><trkpt lat="46.07302" lon="7.313012"><ele>2865.4</ele><time>2026-03-13T10:51:14Z</time></trkpt><trkpt lat="46.073035" lon="7.313102"><ele>2864.8</ele><time>2026-03-13T10:51:15Z</time></trkpt><trkpt lat="46.073052" lon="7.313182"><ele>2864.0</ele><time>2026-03-13T10:51:16Z</time></trkpt><trkpt lat="46.07307" lon="7.313252"><ele>2863.0</ele><time>2026-03-13T10:51:17Z</time></trkpt><trkpt lat="46.073087" lon="7.31332"><ele>2861.8</ele><time>2026-03-13T10:51:18Z</time></trkpt><trkpt lat="46.073102" lon="7.31339"><ele>2860.8</ele><time>2026-03-13T10:51:19Z</time></trkpt><trkpt lat="46.073112" lon="7.313465"><ele>2859.8</ele><time>2026-03-13T10:51:20Z</time></trkpt><trkpt lat="46.073125" lon="7.313542"><ele>2858.8</ele><time>2026-03-13T10:51:21Z</time></trkpt><trkpt lat="46.073137" lon="7.313625"><ele>2857.6</ele><time>2026-03-13T10:51:22Z</time></trkpt><trkpt lat="46.073147" lon="7.313712"><ele>2856.6</ele><time>2026-03-13T10:51:23Z</time></trkpt><trkpt lat="46.073152" lon="7.313787"><ele>2855.4</ele><time>2026-03-13T10:51:24Z</time></trkpt><trkpt lat="46.073152" lon="7.31385"><ele>2854.4</ele><time>2026-03-13T10:51:25Z</time></trkpt><trkpt lat="46.073152" lon="7.313917"><ele>2853.4</ele><time>2026-03-13T10:51:26Z</time></trkpt><trkpt lat="46.073157" lon="7.31399"><ele>2852.0</ele><time>2026-03-13T10:51:27Z</time></trkpt><trkpt lat="46.073162" lon="7.314065"><ele>2850.8</ele><time>2026-03-13T10:51:28Z</time></trkpt><trkpt lat="46.07316" lon="7.314135"><ele>2849.8</ele><time>2026-03-13T10:51:29Z</time></trkpt><trkpt lat="46.07315" lon="7.314187"><ele>2848.6</ele><time>2026-03-13T10:51:30Z</time></trkpt><trkpt lat="46.073142" lon="7.314245"><ele>2847.8</ele><time>2026-03-13T10:51:31Z</time></trkpt><trkpt lat="46.073137" lon="7.31434"><ele>2847.0</ele><time>2026-03-13T10:51:32Z</time></trkpt><trkpt lat="46.07313" lon="7.314462"><ele>2846.2</ele><time>2026-03-13T10:51:33Z</time></trkpt><trkpt lat="46.073122" lon="7.3146"><ele>2845.6</ele><time>2026-03-13T10:51:34Z</time></trkpt><trkpt lat="46.073102" lon="7.31472"><ele>2844.4</ele><time>2026-03-13T10:51:35Z</time></trkpt><trkpt lat="46.073065" lon="7.31482"><ele>2843.2</ele><time>2026-03-13T10:51:36Z</time></trkpt><trkpt lat="46.073022" lon="7.314917"><ele>2841.8</ele><time>2026-03-13T10:51:37Z</time></trkpt><trkpt lat="46.072977" lon="7.31502"><ele>2840.6</ele><time>2026-03-13T10:51:38Z</time></trkpt><trkpt lat="46.072927" lon="7.31512"><ele>2839.4</ele><time>2026-03-13T10:51:39Z</time></trkpt><trkpt lat="46.07288" lon="7.315222"><ele>2838.2</ele><time>2026-03-13T10:51:40Z</time></trkpt><trkpt lat="46.072842" lon="7.315317"><ele>2837.2</ele><time>2026-03-13T10:51:41Z</time></trkpt><trkpt lat="46.07282" lon="7.315397"><ele>2836.2</ele><time>2026-03-13T10:51:42Z</time></trkpt><trkpt lat="46.072805" lon="7.315467"><ele>2835.0</ele><time>2026-03-13T10:51:43Z</time></trkpt><trkpt lat="46.072787" lon="7.31553"><ele>2834.0</ele><time>2026-03-13T10:51:44Z</time></trkpt><trkpt lat="46.072772" lon="7.315582"><ele>2833.4</ele><time>2026-03-13T10:51:45Z</time></trkpt><trkpt lat="46.072757" lon="7.315632"><ele>2833.0</ele><time>2026-03-13T10:51:46Z</time></trkpt><trkpt lat="46.072745" lon="7.315692"><ele>2832.6</ele><time>2026-03-13T10:51:47Z</time></trkpt><trkpt lat="46.072732" lon="7.315747"><ele>2832.2</ele><time>2026-03-13T10:51:48Z</time></trkpt><trkpt lat="46.072722" lon="7.31579"><ele>2832.0</ele><time>2026-03-13T10:51:49Z</time></trkpt><trkpt lat="46.072717" lon="7.31582"><ele>2831.8</ele><time>2026-03-13T10:51:50Z</time></trkpt><trkpt lat="46.07271" lon="7.315845"><ele>2831.4</ele><time>2026-03-13T10:51:51Z</time></trkpt><trkpt lat="46.072702" lon="7.315872"><ele>2831.2</ele><time>2026-03-13T10:51:52Z</time></trkpt><trkpt lat="46.072685" lon="7.315932"><ele>2830.8</ele><time>2026-03-13T10:51:54Z</time></trkpt><trkpt lat="46.072672" lon="7.315965"><ele>2830.6</ele><time>2026-03-13T10:51:55Z</time></trkpt><trkpt lat="46.072657" lon="7.316017"><ele>2830.6</ele><time>2026-03-13T10:51:56Z</time></trkpt><trkpt lat="46.072633" lon="7.316087"><ele>2830.4</ele><time>2026-03-13T10:51:57Z</time></trkpt><trkpt lat="46.07261" lon="7.316177"><ele>2830.2</ele><time>2026-03-13T10:51:58Z</time></trkpt><trkpt lat="46.072585" lon="7.316272"><ele>2829.8</ele><time>2026-03-13T10:51:59Z</time></trkpt><trkpt lat="46.072562" lon="7.316377"><ele>2829.4</ele><time>2026-03-13T10:52:00Z</time></trkpt><trkpt lat="46.072542" lon="7.316485"><ele>2828.8</ele><time>2026-03-13T10:52:01Z</time></trkpt><trkpt lat="46.072527" lon="7.316592"><ele>2828.2</ele><time>2026-03-13T10:52:02Z</time></trkpt><trkpt lat="46.072515" lon="7.316697"><ele>2827.8</ele><time>2026-03-13T10:52:03Z</time></trkpt><trkpt lat="46.072505" lon="7.316795"><ele>2827.4</ele><time>2026-03-13T10:52:04Z</time></trkpt><trkpt lat="46.072495" lon="7.316887"><ele>2827.0</ele><time>2026-03-13T10:52:05Z</time></trkpt><trkpt lat="46.072487" lon="7.316975"><ele>2826.6</ele><time>2026-03-13T10:52:06Z</time></trkpt><trkpt lat="46.07248" lon="7.317062"><ele>2826.2</ele><time>2026-03-13T10:52:07Z</time></trkpt><trkpt lat="46.072475" lon="7.317145"><ele>2825.8</ele><time>2026-03-13T10:52:08Z</time></trkpt><trkpt lat="46.072472" lon="7.31721"><ele>2825.2</ele><time>2026-03-13T10:52:09Z</time></trkpt><trkpt lat="46.072472" lon="7.317277"><ele>2824.8</ele><time>2026-03-13T10:52:10Z</time></trkpt><trkpt lat="46.072467" lon="7.317322"><ele>2824.4</ele><time>2026-03-13T10:52:11Z</time></trkpt><trkpt lat="46.072467" lon="7.317367"><ele>2824.0</ele><time>2026-03-13T10:52:12Z</time></trkpt><trkpt lat="46.072462" lon="7.31741"><ele>2823.6</ele><time>2026-03-13T10:52:13Z</time></trkpt><trkpt lat="46.07246" lon="7.317457"><ele>2823.4</ele><time>2026-03-13T10:52:14Z</time></trkpt><trkpt lat="46.072457" lon="7.317507"><ele>2823.2</ele><time>2026-03-13T10:52:15Z</time></trkpt><trkpt lat="46.07245" lon="7.317562"><ele>2822.8</ele><time>2026-03-13T10:52:16Z</time></trkpt><trkpt lat="46.072442" lon="7.317627"><ele>2822.8</ele><time>2026-03-13T10:52:17Z</time></trkpt><trkpt lat="46.072437" lon="7.317702"><ele>2822.6</ele><time>2026-03-13T10:52:18Z</time></trkpt><trkpt lat="46.072427" lon="7.317782"><ele>2822.4</ele><time>2026-03-13T10:52:19Z</time></trkpt><trkpt lat="46.072422" lon="7.31786"><ele>2822.0</ele><time>2026-03-13T10:52:20Z</time></trkpt><trkpt lat="46.072415" lon="7.317932"><ele>2821.6</ele><time>2026-03-13T10:52:21Z</time></trkpt><trkpt lat="46.072407" lon="7.317998"><ele>2821.2</ele><time>2026-03-13T10:52:22Z</time></trkpt><trkpt lat="46.0724" lon="7.318062"><ele>2821.0</ele><time>2026-03-13T10:52:23Z</time></trkpt><trkpt lat="46.072392" lon="7.318122"><ele>2820.6</ele><time>2026-03-13T10:52:24Z</time></trkpt><trkpt lat="46.072385" lon="7.318177"><ele>2820.4</ele><time>2026-03-13T10:52:25Z</time></trkpt><trkpt lat="46.07238" lon="7.318225"><ele>2820.2</ele><time>2026-03-13T10:52:26Z</time></trkpt><trkpt lat="46.072372" lon="7.318267"><ele>2819.8</ele><time>2026-03-13T10:52:27Z</time></trkpt><trkpt lat="46.072365" lon="7.318295"><ele>2819.6</ele><time>2026-03-13T10:52:28Z</time></trkpt><trkpt lat="46.072357" lon="7.31833"><ele>2819.4</ele><time>2026-03-13T10:52:29Z</time></trkpt><trkpt lat="46.072347" lon="7.318357"><ele>2819.2</ele><time>2026-03-13T10:52:30Z</time></trkpt><trkpt lat="46.072337" lon="7.318402"><ele>2819.0</ele><time>2026-03-13T10:52:32Z</time></trkpt><trkpt lat="46.07232" lon="7.318442"><ele>2819.0</ele><time>2026-03-13T10:52:34Z</time></trkpt><trkpt lat="46.0723" lon="7.31848"><ele>2818.8</ele><time>2026-03-13T10:52:36Z</time></trkpt><trkpt lat="46.07228" lon="7.318515"><ele>2818.8</ele><time>2026-03-13T10:52:38Z</time></trkpt><trkpt lat="46.072267" lon="7.318532"><ele>2818.8</ele><time>2026-03-13T10:52:39Z</time></trkpt><trkpt lat="46.072252" lon="7.318557"><ele>2818.8</ele><time>2026-03-13T10:52:40Z</time></trkpt><trkpt lat="46.072237" lon="7.31858"><ele>2818.6</ele><time>2026-03-13T10:52:41Z</time></trkpt><trkpt lat="46.072222" lon="7.318597"><ele>2818.6</ele><time>2026-03-13T10:52:42Z</time></trkpt><trkpt lat="46.072202" lon="7.318625"><ele>2818.6</ele><time>2026-03-13T10:52:43Z</time></trkpt><trkpt lat="46.072182" lon="7.318652"><ele>2818.4</ele><time>2026-03-13T10:52:44Z</time></trkpt><trkpt lat="46.072162" lon="7.318687"><ele>2818.4</ele><time>2026-03-13T10:52:45Z</time></trkpt><trkpt lat="46.072142" lon="7.318722"><ele>2818.2</ele><time>2026-03-13T10:52:46Z</time></trkpt><trkpt lat="46.072125" lon="7.318765"><ele>2818.0</ele><time>2026-03-13T10:52:47Z</time></trkpt><trkpt lat="46.07211" lon="7.318812"><ele>2817.8</ele><time>2026-03-13T10:52:48Z</time></trkpt><trkpt lat="46.0721" lon="7.318867"><ele>2817.6</ele><time>2026-03-13T10:52:49Z</time></trkpt><trkpt lat="46.072097" lon="7.31893"><ele>2817.4</ele><time>2026-03-13T10:52:50Z</time></trkpt><trkpt lat="46.072092" lon="7.318992"><ele>2817.2</ele><time>2026-03-13T10:52:51Z</time></trkpt><trkpt lat="46.072095" lon="7.319062"><ele>2817.0</ele><time>2026-03-13T10:52:52Z</time></trkpt><trkpt lat="46.072097" lon="7.319132"><ele>2816.6</ele><time>2026-03-13T10:52:53Z</time></trkpt><trkpt lat="46.072102" lon="7.319205"><ele>2816.4</ele><time>2026-03-13T10:52:54Z</time></trkpt><trkpt lat="46.072112" lon="7.319277"><ele>2816.2</ele><time>2026-03-13T10:52:55Z</time></trkpt><trkpt lat="46.072127" lon="7.319345"><ele>2816.0</ele><time>2026-03-13T10:52:56Z</time></trkpt><trkpt lat="46.072142" lon="7.319402"><ele>2815.6</ele><time>2026-03-13T10:52:57Z</time></trkpt><trkpt lat="46.072162" lon="7.319455"><ele>2815.4</ele><time>2026-03-13T10:52:58Z</time></trkpt><trkpt lat="46.07218" lon="7.319497"><ele>2815.0</ele><time>2026-03-13T10:52:59Z</time></trkpt><trkpt lat="46.0722" lon="7.319545"><ele>2814.6</ele><time>2026-03-13T10:53:00Z</time></trkpt><trkpt lat="46.072222" lon="7.319587"><ele>2814.2</ele><time>2026-03-13T10:53:01Z</time></trkpt><trkpt lat="46.072242" lon="7.319632"><ele>2813.8</ele><time>2026-03-13T10:53:02Z</time></trkpt><trkpt lat="46.072265" lon="7.319683"><ele>2813.4</ele><time>2026-03-13T10:53:03Z</time></trkpt><trkpt lat="46.072285" lon="7.319742"><ele>2813.0</ele><time>2026-03-13T10:53:04Z</time></trkpt><trkpt lat="46.072307" lon="7.319807"><ele>2812.6</ele><time>2026-03-13T10:53:05Z</time></trkpt><trkpt lat="46.072332" lon="7.319872"><ele>2812.4</ele><time>2026-03-13T10:53:06Z</time></trkpt><trkpt lat="46.072357" lon="7.319927"><ele>2812.0</ele><time>2026-03-13T10:53:07Z</time></trkpt><trkpt lat="46.072385" lon="7.319982"><ele>2811.6</ele><time>2026-03-13T10:53:08Z</time></trkpt><trkpt lat="46.072415" lon="7.32002"><ele>2811.0</ele><time>2026-03-13T10:53:09Z</time></trkpt><trkpt lat="46.072445" lon="7.320047"><ele>2810.4</ele><time>2026-03-13T10:53:10Z</time></trkpt><trkpt lat="46.072472" lon="7.320077"><ele>2810.0</ele><time>2026-03-13T10:53:11Z</time></trkpt><trkpt lat="46.072492" lon="7.320127"><ele>2809.4</ele><time>2026-03-13T10:53:12Z</time></trkpt><trkpt lat="46.072482" lon="7.32018"><ele>2808.8</ele><time>2026-03-13T10:53:13Z</time></trkpt><trkpt lat="46.072482" lon="7.320245"><ele>2808.6</ele><time>2026-03-13T10:53:14Z</time></trkpt><trkpt lat="46.072517" lon="7.3203"><ele>2808.2</ele><time>2026-03-13T10:53:15Z</time></trkpt><trkpt lat="46.072525" lon="7.32037"><ele>2807.6</ele><time>2026-03-13T10:53:16Z</time></trkpt><trkpt lat="46.072507" lon="7.320422"><ele>2807.0</ele><time>2026-03-13T10:53:17Z</time></trkpt><trkpt lat="46.07249" lon="7.320472"><ele>2806.0</ele><time>2026-03-13T10:53:18Z</time></trkpt><trkpt lat="46.072505" lon="7.320532"><ele>2804.8</ele><time>2026-03-13T10:53:19Z</time></trkpt><trkpt lat="46.07253" lon="7.32059"><ele>2803.6</ele><time>2026-03-13T10:53:20Z</time></trkpt><trkpt lat="46.072517" lon="7.320632"><ele>2802.6</ele><time>2026-03-13T10:53:21Z</time></trkpt><trkpt lat="46.0725" lon="7.320655"><ele>2801.6</ele><time>2026-03-13T10:53:22Z</time></trkpt><trkpt lat="46.072472" lon="7.320695"><ele>2800.4</ele><time>2026-03-13T10:53:23Z</time></trkpt><trkpt lat="46.072422" lon="7.32078"><ele>2799.0</ele><time>2026-03-13T10:53:24Z</time></trkpt><trkpt lat="46.07237" lon="7.320867"><ele>2798.0</ele><time>2026-03-13T10:53:25Z</time></trkpt><trkpt lat="46.072322" lon="7.32094"><ele>2797.0</ele><time>2026-03-13T10:53:26Z</time></trkpt><trkpt lat="46.072275" lon="7.32098"><ele>2795.8</ele><time>2026-03-13T10:53:27Z</time></trkpt><trkpt lat="46.072227" lon="7.321017"><ele>2794.6</ele><time>2026-03-13T10:53:28Z</time></trkpt><trkpt lat="46.072182" lon="7.321048"><ele>2793.2</ele><time>2026-03-13T10:53:29Z</time></trkpt><trkpt lat="46.072137" lon="7.32108"><ele>2792.0</ele><time>2026-03-13T10:53:30Z</time></trkpt><trkpt lat="46.072092" lon="7.32113"><ele>2791.2</ele><time>2026-03-13T10:53:31Z</time></trkpt><trkpt lat="46.072047" lon="7.321182"><ele>2790.6</ele><time>2026-03-13T10:53:32Z</time></trkpt><trkpt lat="46.071997" lon="7.321225"><ele>2790.2</ele><time>2026-03-13T10:53:33Z</time></trkpt><trkpt lat="46.071947" lon="7.32126"><ele>2789.4</ele><time>2026-03-13T10:53:34Z</time></trkpt><trkpt lat="46.071912" lon="7.321317"><ele>2788.8</ele><time>2026-03-13T10:53:35Z</time></trkpt><trkpt lat="46.071905" lon="7.321385"><ele>2788.0</ele><time>2026-03-13T10:53:36Z</time></trkpt><trkpt lat="46.071887" lon="7.321467"><ele>2787.4</ele><time>2026-03-13T10:53:37Z</time></trkpt><trkpt lat="46.071862" lon="7.321557"><ele>2786.4</ele><time>2026-03-13T10:53:38Z</time></trkpt><trkpt lat="46.071857" lon="7.321672"><ele>2785.4</ele><time>2026-03-13T10:53:39Z</time></trkpt><trkpt lat="46.071867" lon="7.32176"><ele>2784.4</ele><time>2026-03-13T10:53:40Z</time></trkpt><trkpt lat="46.071877" lon="7.321827"><ele>2783.4</ele><time>2026-03-13T10:53:41Z</time></trkpt><trkpt lat="46.071885" lon="7.321877"><ele>2782.2</ele><time>2026-03-13T10:53:42Z</time></trkpt><trkpt lat="46.07189" lon="7.321925"><ele>2781.0</ele><time>2026-03-13T10:53:43Z</time></trkpt><trkpt lat="46.071892" lon="7.321972"><ele>2780.2</ele><time>2026-03-13T10:53:44Z</time></trkpt><trkpt lat="46.071895" lon="7.322022"><ele>2779.8</ele><time>2026-03-13T10:53:45Z</time></trkpt><trkpt lat="46.071897" lon="7.322077"><ele>2779.4</ele><time>2026-03-13T10:53:46Z</time></trkpt><trkpt lat="46.071897" lon="7.32214"><ele>2779.0</ele><time>2026-03-13T10:53:47Z</time></trkpt><trkpt lat="46.071892" lon="7.32221"><ele>2778.6</ele><time>2026-03-13T10:53:48Z</time></trkpt><trkpt lat="46.071887" lon="7.32228"><ele>2778.2</ele><time>2026-03-13T10:53:49Z</time></trkpt><trkpt lat="46.071877" lon="7.322355"><ele>2777.6</ele><time>2026-03-13T10:53:50Z</time></trkpt><trkpt lat="46.071865" lon="7.322432"><ele>2777.4</ele><time>2026-03-13T10:53:51Z</time></trkpt><trkpt lat="46.071852" lon="7.322507"><ele>2777.0</ele><time>2026-03-13T10:53:52Z</time></trkpt><trkpt lat="46.071837" lon="7.32259"><ele>2776.6</ele><time>2026-03-13T10:53:53Z</time></trkpt><trkpt lat="46.071817" lon="7.322667"><ele>2776.2</ele><time>2026-03-13T10:53:54Z</time></trkpt><trkpt lat="46.071797" lon="7.322737"><ele>2775.6</ele><time>2026-03-13T10:53:55Z</time></trkpt><trkpt lat="46.07178" lon="7.322802"><ele>2775.2</ele><time>2026-03-13T10:53:56Z</time></trkpt><trkpt lat="46.071767" lon="7.322867"><ele>2774.6</ele><time>2026-03-13T10:53:57Z</time></trkpt><trkpt lat="46.07175" lon="7.322937"><ele>2774.2</ele><time>2026-03-13T10:53:58Z</time></trkpt><trkpt lat="46.071733" lon="7.32301"><ele>2773.8</ele><time>2026-03-13T10:53:59Z</time></trkpt><trkpt lat="46.071725" lon="7.323075"><ele>2773.6</ele><time>2026-03-13T10:54:00Z</time></trkpt><trkpt lat="46.071715" lon="7.32315"><ele>2773.4</ele><time>2026-03-13T10:54:01Z</time></trkpt><trkpt lat="46.071707" lon="7.323245"><ele>2773.0</ele><time>2026-03-13T10:54:02Z</time></trkpt><trkpt lat="46.07169" lon="7.32333"><ele>2772.8</ele><time>2026-03-13T10:54:03Z</time></trkpt><trkpt lat="46.071677" lon="7.3234"><ele>2772.4</ele><time>2026-03-13T10:54:04Z</time></trkpt><trkpt lat="46.07167" lon="7.323452"><ele>2771.6</ele><time>2026-03-13T10:54:05Z</time></trkpt><trkpt lat="46.07167" lon="7.323487"><ele>2771.2</ele><time>2026-03-13T10:54:06Z</time></trkpt><trkpt lat="46.071675" lon="7.323522"><ele>2770.8</ele><time>2026-03-13T10:54:07Z</time></trkpt><trkpt lat="46.071687" lon="7.323575"><ele>2770.4</ele><time>2026-03-13T10:54:08Z</time></trkpt><trkpt lat="46.0717" lon="7.323637"><ele>2770.0</ele><time>2026-03-13T10:54:09Z</time></trkpt><trkpt lat="46.071692" lon="7.323727"><ele>2769.8</ele><time>2026-03-13T10:54:10Z</time></trkpt><trkpt lat="46.071665" lon="7.323802"><ele>2769.2</ele><time>2026-03-13T10:54:11Z</time></trkpt><trkpt lat="46.071627" lon="7.323842"><ele>2768.4</ele><time>2026-03-13T10:54:12Z</time></trkpt><trkpt lat="46.071592" lon="7.323867"><ele>2767.6</ele><time>2026-03-13T10:54:13Z</time></trkpt><trkpt lat="46.071547" lon="7.323877"><ele>2767.0</ele><time>2026-03-13T10:54:14Z</time></trkpt><trkpt lat="46.071505" lon="7.32389"><ele>2766.6</ele><time>2026-03-13T10:54:15Z</time></trkpt><trkpt lat="46.071457" lon="7.323905"><ele>2766.2</ele><time>2026-03-13T10:54:16Z</time></trkpt><trkpt lat="46.071412" lon="7.323917"><ele>2766.0</ele><time>2026-03-13T10:54:17Z</time></trkpt><trkpt lat="46.07138" lon="7.323922"><ele>2765.6</ele><time>2026-03-13T10:54:18Z</time></trkpt><trkpt lat="46.071362" lon="7.323927"><ele>2765.2</ele><time>2026-03-13T10:54:19Z</time></trkpt><trkpt lat="46.071342" lon="7.323932"><ele>2764.8</ele><time>2026-03-13T10:54:20Z</time></trkpt><trkpt lat="46.071322" lon="7.323937"><ele>2764.4</ele><time>2026-03-13T10:54:22Z</time></trkpt><trkpt lat="46.0713" lon="7.323935"><ele>2764.2</ele><time>2026-03-13T10:54:25Z</time></trkpt><trkpt lat="46.071292" lon="7.323957"><ele>2765.8</ele><time>2026-03-13T11:05:40Z</time></trkpt><trkpt lat="46.071285" lon="7.32398"><ele>2766.8</ele><time>2026-03-13T11:05:51Z</time></trkpt><trkpt lat="46.071282" lon="7.324003"><ele>2767.4</ele><time>2026-03-13T11:07:09Z</time></trkpt><trkpt lat="46.071272" lon="7.324037"><ele>2767.6</ele><time>2026-03-13T11:07:13Z</time></trkpt><trkpt lat="46.07126" lon="7.324057"><ele>2768.0</ele><time>2026-03-13T11:07:16Z</time></trkpt><trkpt lat="46.07125" lon="7.32408"><ele>2768.2</ele><time>2026-03-13T11:07:18Z</time></trkpt><trkpt lat="46.071237" lon="7.324107"><ele>2768.6</ele><time>2026-03-13T11:07:21Z</time></trkpt><trkpt lat="46.071227" lon="7.32413"><ele>2768.8</ele><time>2026-03-13T11:07:23Z</time></trkpt><trkpt lat="46.071212" lon="7.324157"><ele>2769.0</ele><time>2026-03-13T11:07:26Z</time></trkpt><trkpt lat="46.071202" lon="7.32418"><ele>2769.4</ele><time>2026-03-13T11:07:30Z</time></trkpt><trkpt lat="46.071195" lon="7.324215"><ele>2769.4</ele><time>2026-03-13T11:07:34Z</time></trkpt><trkpt lat="46.071187" lon="7.324242"><ele>2769.8</ele><time>2026-03-13T11:07:37Z</time></trkpt><trkpt lat="46.071177" lon="7.32427"><ele>2769.8</ele><time>2026-03-13T11:07:39Z</time></trkpt><trkpt lat="46.071167" lon="7.324307"><ele>2770.2</ele><time>2026-03-13T11:07:42Z</time></trkpt><trkpt lat="46.071155" lon="7.324345"><ele>2770.4</ele><time>2026-03-13T11:07:45Z</time></trkpt><trkpt lat="46.07115" lon="7.324362"><ele>2770.4</ele><time>2026-03-13T11:07:46Z</time></trkpt><trkpt lat="46.071142" lon="7.324387"><ele>2770.6</ele><time>2026-03-13T11:07:48Z</time></trkpt><trkpt lat="46.071137" lon="7.324412"><ele>2770.6</ele><time>2026-03-13T11:07:50Z</time></trkpt><trkpt lat="46.07112" lon="7.32444"><ele>2770.6</ele><time>2026-03-13T11:07:53Z</time></trkpt><trkpt lat="46.071107" lon="7.32446"><ele>2771.0</ele><time>2026-03-13T11:07:56Z</time></trkpt><trkpt lat="46.0711" lon="7.324487"><ele>2771.8</ele><time>2026-03-13T11:07:59Z</time></trkpt><trkpt lat="46.07109" lon="7.324517"><ele>2772.0</ele><time>2026-03-13T11:08:02Z</time></trkpt><trkpt lat="46.071085" lon="7.324542"><ele>2772.4</ele><time>2026-03-13T11:08:05Z</time></trkpt><trkpt lat="46.071077" lon="7.324572"><ele>2773.0</ele><time>2026-03-13T11:08:08Z</time></trkpt><trkpt lat="46.071067" lon="7.324602"><ele>2773.4</ele><time>2026-03-13T11:08:11Z</time></trkpt><trkpt lat="46.071062" lon="7.324632"><ele>2774.0</ele><time>2026-03-13T11:08:14Z</time></trkpt><trkpt lat="46.071057" lon="7.32466"><ele>2774.4</ele><time>2026-03-13T11:08:17Z</time></trkpt><trkpt lat="46.071047" lon="7.324687"><ele>2774.8</ele><time>2026-03-13T11:08:20Z</time></trkpt><trkpt lat="46.071037" lon="7.324715"><ele>2775.2</ele><time>2026-03-13T11:08:23Z</time></trkpt><trkpt lat="46.071022" lon="7.324747"><ele>2775.8</ele><time>2026-03-13T11:08:26Z</time></trkpt><trkpt lat="46.07101" lon="7.32478"><ele>2776.4</ele><time>2026-03-13T11:08:30Z</time></trkpt><trkpt lat="46.071002" lon="7.324797"><ele>2776.6</ele><time>2026-03-13T11:08:32Z</time></trkpt><trkpt lat="46.070992" lon="7.324825"><ele>2777.0</ele><time>2026-03-13T11:08:35Z</time></trkpt><trkpt lat="46.070982" lon="7.324852"><ele>2777.8</ele><time>2026-03-13T11:08:39Z</time></trkpt><trkpt lat="46.070967" lon="7.324877"><ele>2778.2</ele><time>2026-03-13T11:08:42Z</time></trkpt><trkpt lat="46.070957" lon="7.324902"><ele>2778.6</ele><time>2026-03-13T11:08:45Z</time></trkpt><trkpt lat="46.070947" lon="7.324927"><ele>2779.0</ele><time>2026-03-13T11:08:48Z</time></trkpt><trkpt lat="46.070935" lon="7.324947"><ele>2779.2</ele><time>2026-03-13T11:08:51Z</time></trkpt><trkpt lat="46.070922" lon="7.324967"><ele>2779.8</ele><time>2026-03-13T11:08:54Z</time></trkpt><trkpt lat="46.070907" lon="7.324987"><ele>2780.2</ele><time>2026-03-13T11:08:58Z</time></trkpt><trkpt lat="46.070892" lon="7.325002"><ele>2780.8</ele><time>2026-03-13T11:09:02Z</time></trkpt><trkpt lat="46.07088" lon="7.325025"><ele>2781.4</ele><time>2026-03-13T11:09:06Z</time></trkpt><trkpt lat="46.070862" lon="7.325047"><ele>2781.8</ele><time>2026-03-13T11:09:09Z</time></trkpt><trkpt lat="46.070847" lon="7.325067"><ele>2782.4</ele><time>2026-03-13T11:09:13Z</time></trkpt><trkpt lat="46.07083" lon="7.325087"><ele>2783.0</ele><time>2026-03-13T11:09:17Z</time></trkpt><trkpt lat="46.070817" lon="7.325107"><ele>2783.8</ele><time>2026-03-13T11:09:21Z</time></trkpt><trkpt lat="46.070802" lon="7.325127"><ele>2784.4</ele><time>2026-03-13T11:09:25Z</time></trkpt><trkpt lat="46.07079" lon="7.32515"><ele>2785.0</ele><time>2026-03-13T11:09:30Z</time></trkpt><trkpt lat="46.07078" lon="7.325172"><ele>2785.6</ele><time>2026-03-13T11:09:33Z</time></trkpt><trkpt lat="46.07077" lon="7.325195"><ele>2786.2</ele><time>2026-03-13T11:09:37Z</time></trkpt><trkpt lat="46.070757" lon="7.32522"><ele>2786.6</ele><time>2026-03-13T11:09:41Z</time></trkpt><trkpt lat="46.070748" lon="7.325247"><ele>2787.2</ele><time>2026-03-13T11:09:45Z</time></trkpt><trkpt lat="46.070737" lon="7.325272"><ele>2787.6</ele><time>2026-03-13T11:09:48Z</time></trkpt><trkpt lat="46.07073" lon="7.325295"><ele>2788.0</ele><time>2026-03-13T11:09:50Z</time></trkpt><trkpt lat="46.070717" lon="7.32532"><ele>2788.4</ele><time>2026-03-13T11:09:53Z</time></trkpt><trkpt lat="46.07071" lon="7.325347"><ele>2789.2</ele><time>2026-03-13T11:09:57Z</time></trkpt><trkpt lat="46.070705" lon="7.325372"><ele>2789.8</ele><time>2026-03-13T11:10:01Z</time></trkpt><trkpt lat="46.070697" lon="7.325397"><ele>2790.4</ele><time>2026-03-13T11:10:05Z</time></trkpt><trkpt lat="46.070695" lon="7.325425"><ele>2790.8</ele><time>2026-03-13T11:10:09Z</time></trkpt><trkpt lat="46.07069" lon="7.325452"><ele>2791.6</ele><time>2026-03-13T11:10:13Z</time></trkpt><trkpt lat="46.070682" lon="7.325475"><ele>2792.4</ele><time>2026-03-13T11:10:17Z</time></trkpt><trkpt lat="46.070677" lon="7.325505"><ele>2793.0</ele><time>2026-03-13T11:10:22Z</time></trkpt><trkpt lat="46.070672" lon="7.325535"><ele>2793.8</ele><time>2026-03-13T11:10:27Z</time></trkpt><trkpt lat="46.070663" lon="7.325567"><ele>2794.6</ele><time>2026-03-13T11:10:31Z</time></trkpt><trkpt lat="46.07066" lon="7.325592"><ele>2795.2</ele><time>2026-03-13T11:10:34Z</time></trkpt><trkpt lat="46.07065" lon="7.325615"><ele>2795.6</ele><time>2026-03-13T11:10:37Z</time></trkpt><trkpt lat="46.070642" lon="7.32564"><ele>2796.0</ele><time>2026-03-13T11:10:40Z</time></trkpt><trkpt lat="46.07063" lon="7.325667"><ele>2796.4</ele><time>2026-03-13T11:10:44Z</time></trkpt><trkpt lat="46.070622" lon="7.325692"><ele>2797.0</ele><time>2026-03-13T11:10:49Z</time></trkpt><trkpt lat="46.070612" lon="7.325718"><ele>2797.6</ele><time>2026-03-13T11:10:54Z</time></trkpt><trkpt lat="46.070605" lon="7.325745"><ele>2798.2</ele><time>2026-03-13T11:10:59Z</time></trkpt><trkpt lat="46.070597" lon="7.325767"><ele>2798.6</ele><time>2026-03-13T11:11:02Z</time></trkpt><trkpt lat="46.070587" lon="7.325792"><ele>2799.2</ele><time>2026-03-13T11:11:06Z</time></trkpt><trkpt lat="46.070577" lon="7.325815"><ele>2799.8</ele><time>2026-03-13T11:11:10Z</time></trkpt><trkpt lat="46.070572" lon="7.32584"><ele>2800.2</ele><time>2026-03-13T11:11:14Z</time></trkpt><trkpt lat="46.070562" lon="7.32587"><ele>2800.8</ele><time>2026-03-13T11:11:18Z</time></trkpt><trkpt lat="46.070552" lon="7.325892"><ele>2801.4</ele><time>2026-03-13T11:11:22Z</time></trkpt><trkpt lat="46.070545" lon="7.325917"><ele>2802.0</ele><time>2026-03-13T11:11:26Z</time></trkpt><trkpt lat="46.070537" lon="7.325942"><ele>2802.4</ele><time>2026-03-13T11:11:30Z</time></trkpt><trkpt lat="46.070527" lon="7.325967"><ele>2803.0</ele><time>2026-03-13T11:11:33Z</time></trkpt><trkpt lat="46.070517" lon="7.325997"><ele>2803.4</ele><time>2026-03-13T11:11:37Z</time></trkpt><trkpt lat="46.070512" lon="7.326027"><ele>2803.8</ele><time>2026-03-13T11:11:41Z</time></trkpt><trkpt lat="46.070502" lon="7.326052"><ele>2804.4</ele><time>2026-03-13T11:11:46Z</time></trkpt><trkpt lat="46.070492" lon="7.32608"><ele>2804.8</ele><time>2026-03-13T11:11:50Z</time></trkpt><trkpt lat="46.070487" lon="7.326105"><ele>2805.2</ele><time>2026-03-13T11:11:53Z</time></trkpt><trkpt lat="46.070477" lon="7.326137"><ele>2805.6</ele><time>2026-03-13T11:11:57Z</time></trkpt><trkpt lat="46.070472" lon="7.326167"><ele>2806.2</ele><time>2026-03-13T11:12:01Z</time></trkpt><trkpt lat="46.070467" lon="7.326195"><ele>2806.6</ele><time>2026-03-13T11:12:05Z</time></trkpt><trkpt lat="46.070467" lon="7.326227"><ele>2807.2</ele><time>2026-03-13T11:12:09Z</time></trkpt><trkpt lat="46.070462" lon="7.32626"><ele>2807.6</ele><time>2026-03-13T11:12:13Z</time></trkpt><trkpt lat="46.070462" lon="7.32629"><ele>2808.0</ele><time>2026-03-13T11:12:17Z</time></trkpt><trkpt lat="46.070462" lon="7.326317"><ele>2808.8</ele><time>2026-03-13T11:12:21Z</time></trkpt><trkpt lat="46.07046" lon="7.326347"><ele>2809.2</ele><time>2026-03-13T11:12:25Z</time></trkpt><trkpt lat="46.070462" lon="7.326377"><ele>2810.0</ele><time>2026-03-13T11:12:29Z</time></trkpt><trkpt lat="46.070457" lon="7.326417"><ele>2810.2</ele><time>2026-03-13T11:12:34Z</time></trkpt><trkpt lat="46.070457" lon="7.326432"><ele>2810.4</ele><time>2026-03-13T11:12:36Z</time></trkpt><trkpt lat="46.070457" lon="7.326462"><ele>2811.0</ele><time>2026-03-13T11:12:40Z</time></trkpt><trkpt lat="46.070452" lon="7.326505"><ele>2811.6</ele><time>2026-03-13T11:12:45Z</time></trkpt><trkpt lat="46.070455" lon="7.326527"><ele>2812.2</ele><time>2026-03-13T11:12:48Z</time></trkpt><trkpt lat="46.070447" lon="7.326562"><ele>2812.6</ele><time>2026-03-13T11:12:52Z</time></trkpt><trkpt lat="46.070438" lon="7.326592"><ele>2813.0</ele><time>2026-03-13T11:12:56Z</time></trkpt><trkpt lat="46.070435" lon="7.32662"><ele>2813.4</ele><time>2026-03-13T11:13:00Z</time></trkpt><trkpt lat="46.070427" lon="7.326645"><ele>2813.8</ele><time>2026-03-13T11:13:04Z</time></trkpt><trkpt lat="46.070427" lon="7.326672"><ele>2814.4</ele><time>2026-03-13T11:13:08Z</time></trkpt><trkpt lat="46.070422" lon="7.326707"><ele>2815.2</ele><time>2026-03-13T11:13:14Z</time></trkpt><trkpt lat="46.070417" lon="7.32673"><ele>2815.6</ele><time>2026-03-13T11:13:17Z</time></trkpt><trkpt lat="46.07041" lon="7.32676"><ele>2816.2</ele><time>2026-03-13T11:13:22Z</time></trkpt><trkpt lat="46.070407" lon="7.326795"><ele>2817.2</ele><time>2026-03-13T11:13:27Z</time></trkpt><trkpt lat="46.070402" lon="7.326817"><ele>2817.6</ele><time>2026-03-13T11:13:30Z</time></trkpt><trkpt lat="46.0704" lon="7.326845"><ele>2818.2</ele><time>2026-03-13T11:13:34Z</time></trkpt><trkpt lat="46.070392" lon="7.326872"><ele>2818.8</ele><time>2026-03-13T11:13:38Z</time></trkpt><trkpt lat="46.070387" lon="7.326902"><ele>2819.4</ele><time>2026-03-13T11:13:43Z</time></trkpt><trkpt lat="46.070385" lon="7.326927"><ele>2819.8</ele><time>2026-03-13T11:13:46Z</time></trkpt><trkpt lat="46.070382" lon="7.326957"><ele>2820.2</ele><time>2026-03-13T11:13:50Z</time></trkpt><trkpt lat="46.070375" lon="7.326987"><ele>2820.6</ele><time>2026-03-13T11:13:54Z</time></trkpt><trkpt lat="46.070362" lon="7.327007"><ele>2821.0</ele><time>2026-03-13T11:13:57Z</time></trkpt><trkpt lat="46.070345" lon="7.327017"><ele>2821.2</ele><time>2026-03-13T11:14:00Z</time></trkpt><trkpt lat="46.070325" lon="7.327015"><ele>2821.8</ele><time>2026-03-13T11:14:03Z</time></trkpt><trkpt lat="46.070307" lon="7.327012"><ele>2822.2</ele><time>2026-03-13T11:14:06Z</time></trkpt><trkpt lat="46.070287" lon="7.327005"><ele>2822.8</ele><time>2026-03-13T11:14:10Z</time></trkpt><trkpt lat="46.070267" lon="7.327002"><ele>2823.2</ele><time>2026-03-13T11:14:13Z</time></trkpt><trkpt lat="46.070247" lon="7.326995"><ele>2824.2</ele><time>2026-03-13T11:14:18Z</time></trkpt><trkpt lat="46.070227" lon="7.32699"><ele>2825.2</ele><time>2026-03-13T11:14:24Z</time></trkpt><trkpt lat="46.070202" lon="7.326987"><ele>2826.2</ele><time>2026-03-13T11:14:30Z</time></trkpt><trkpt lat="46.070182" lon="7.326987"><ele>2827.0</ele><time>2026-03-13T11:14:38Z</time></trkpt><trkpt lat="46.07015" lon="7.326987"><ele>2827.6</ele><time>2026-03-13T11:14:42Z</time></trkpt><trkpt lat="46.070137" lon="7.326987"><ele>2828.2</ele><time>2026-03-13T11:14:45Z</time></trkpt><trkpt lat="46.070117" lon="7.326987"><ele>2828.6</ele><time>2026-03-13T11:14:49Z</time></trkpt><trkpt lat="46.0701" lon="7.326992"><ele>2829.2</ele><time>2026-03-13T11:14:54Z</time></trkpt><trkpt lat="46.070072" lon="7.327012"><ele>2829.8</ele><time>2026-03-13T11:15:00Z</time></trkpt><trkpt lat="46.070055" lon="7.32702"><ele>2830.2</ele><time>2026-03-13T11:15:03Z</time></trkpt><trkpt lat="46.070035" lon="7.327027"><ele>2830.8</ele><time>2026-03-13T11:15:07Z</time></trkpt><trkpt lat="46.07001" lon="7.32703"><ele>2831.8</ele><time>2026-03-13T11:15:14Z</time></trkpt><trkpt lat="46.069997" lon="7.327032"><ele>2831.8</ele><time>2026-03-13T11:15:17Z</time></trkpt><trkpt lat="46.069977" lon="7.327032"><ele>2832.4</ele><time>2026-03-13T11:15:21Z</time></trkpt><trkpt lat="46.069957" lon="7.327027"><ele>2832.4</ele><time>2026-03-13T11:15:25Z</time></trkpt><trkpt lat="46.069937" lon="7.32702"><ele>2833.2</ele><time>2026-03-13T11:15:30Z</time></trkpt><trkpt lat="46.069922" lon="7.327002"><ele>2833.8</ele><time>2026-03-13T11:15:35Z</time></trkpt><trkpt lat="46.069905" lon="7.32699"><ele>2834.4</ele><time>2026-03-13T11:15:40Z</time></trkpt><trkpt lat="46.069902" lon="7.32702"><ele>2835.6</ele><time>2026-03-13T11:16:03Z</time></trkpt><trkpt lat="46.069897" lon="7.327045"><ele>2835.6</ele><time>2026-03-13T11:16:05Z</time></trkpt><trkpt lat="46.06989" lon="7.327075"><ele>2836.0</ele><time>2026-03-13T11:16:08Z</time></trkpt><trkpt lat="46.069887" lon="7.327105"><ele>2838.2</ele><time>2026-03-13T11:16:31Z</time></trkpt><trkpt lat="46.069887" lon="7.32713"><ele>2840.4</ele><time>2026-03-13T11:16:47Z</time></trkpt><trkpt lat="46.069882" lon="7.327195"><ele>2840.6</ele><time>2026-03-13T11:16:49Z</time></trkpt><trkpt lat="46.069882" lon="7.32723"><ele>2840.8</ele><time>2026-03-13T11:16:50Z</time></trkpt><trkpt lat="46.069882" lon="7.327262"><ele>2840.8</ele><time>2026-03-13T11:16:51Z</time></trkpt><trkpt lat="46.069885" lon="7.327297"><ele>2841.0</ele><time>2026-03-13T11:16:53Z</time></trkpt><trkpt lat="46.069882" lon="7.327327"><ele>2845.6</ele><time>2026-03-13T11:17:44Z</time></trkpt><trkpt lat="46.06985" lon="7.327362"><ele>2846.0</ele><time>2026-03-13T11:17:46Z</time></trkpt><trkpt lat="46.069832" lon="7.327382"><ele>2846.2</ele><time>2026-03-13T11:17:47Z</time></trkpt><trkpt lat="46.069815" lon="7.327397"><ele>2846.4</ele><time>2026-03-13T11:17:48Z</time></trkpt><trkpt lat="46.069792" lon="7.32741"><ele>2846.6</ele><time>2026-03-13T11:17:50Z</time></trkpt><trkpt lat="46.069772" lon="7.32741"><ele>2847.0</ele><time>2026-03-13T11:17:53Z</time></trkpt><trkpt lat="46.06975" lon="7.327402"><ele>2847.2</ele><time>2026-03-13T11:17:57Z</time></trkpt><trkpt lat="46.069727" lon="7.327397"><ele>2847.6</ele><time>2026-03-13T11:18:02Z</time></trkpt><trkpt lat="46.06971" lon="7.327377"><ele>2848.4</ele><time>2026-03-13T11:18:07Z</time></trkpt><trkpt lat="46.069692" lon="7.327357"><ele>2848.8</ele><time>2026-03-13T11:18:11Z</time></trkpt><trkpt lat="46.069677" lon="7.327342"><ele>2849.4</ele><time>2026-03-13T11:18:15Z</time></trkpt><trkpt lat="46.069662" lon="7.32732"><ele>2850.0</ele><time>2026-03-13T11:18:19Z</time></trkpt><trkpt lat="46.069645" lon="7.327302"><ele>2850.8</ele><time>2026-03-13T11:18:24Z</time></trkpt><trkpt lat="46.069632" lon="7.327282"><ele>2851.2</ele><time>2026-03-13T11:18:28Z</time></trkpt><trkpt lat="46.069617" lon="7.327262"><ele>2851.8</ele><time>2026-03-13T11:18:33Z</time></trkpt><trkpt lat="46.069597" lon="7.327252"><ele>2852.6</ele><time>2026-03-13T11:18:38Z</time></trkpt><trkpt lat="46.06958" lon="7.327272"><ele>2853.4</ele><time>2026-03-13T11:18:44Z</time></trkpt><trkpt lat="46.069567" lon="7.32729"><ele>2853.8</ele><time>2026-03-13T11:18:47Z</time></trkpt><trkpt lat="46.069552" lon="7.327312"><ele>2854.8</ele><time>2026-03-13T11:18:55Z</time></trkpt><trkpt lat="46.069535" lon="7.327332"><ele>2855.2</ele><time>2026-03-13T11:18:57Z</time></trkpt><trkpt lat="46.069517" lon="7.32735"><ele>2855.6</ele><time>2026-03-13T11:19:00Z</time></trkpt><trkpt lat="46.069502" lon="7.32737"><ele>2856.2</ele><time>2026-03-13T11:19:04Z</time></trkpt><trkpt lat="46.06949" lon="7.327387"><ele>2856.8</ele><time>2026-03-13T11:19:08Z</time></trkpt><trkpt lat="46.069477" lon="7.327415"><ele>2857.8</ele><time>2026-03-13T11:19:14Z</time></trkpt><trkpt lat="46.069457" lon="7.327432"><ele>2858.4</ele><time>2026-03-13T11:19:18Z</time></trkpt><trkpt lat="46.069437" lon="7.327432"><ele>2859.2</ele><time>2026-03-13T11:19:22Z</time></trkpt><trkpt lat="46.06942" lon="7.327422"><ele>2860.2</ele><time>2026-03-13T11:19:26Z</time></trkpt><trkpt lat="46.0694" lon="7.327415"><ele>2860.8</ele><time>2026-03-13T11:19:31Z</time></trkpt><trkpt lat="46.069382" lon="7.327412"><ele>2861.2</ele><time>2026-03-13T11:19:35Z</time></trkpt><trkpt lat="46.069362" lon="7.327415"><ele>2861.6</ele><time>2026-03-13T11:19:39Z</time></trkpt><trkpt lat="46.069342" lon="7.32742"><ele>2862.4</ele><time>2026-03-13T11:19:43Z</time></trkpt><trkpt lat="46.069327" lon="7.327427"><ele>2863.0</ele><time>2026-03-13T11:19:47Z</time></trkpt><trkpt lat="46.069307" lon="7.327447"><ele>2863.6</ele><time>2026-03-13T11:19:51Z</time></trkpt><trkpt lat="46.069292" lon="7.327467"><ele>2864.0</ele><time>2026-03-13T11:19:55Z</time></trkpt><trkpt lat="46.069285" lon="7.327492"><ele>2864.4</ele><time>2026-03-13T11:20:07Z</time></trkpt><trkpt lat="46.069272" lon="7.327522"><ele>2864.6</ele><time>2026-03-13T11:20:10Z</time></trkpt><trkpt lat="46.069267" lon="7.327547"><ele>2865.0</ele><time>2026-03-13T11:20:13Z</time></trkpt><trkpt lat="46.069255" lon="7.327567"><ele>2865.4</ele><time>2026-03-13T11:20:17Z</time></trkpt><trkpt lat="46.069242" lon="7.327592"><ele>2865.8</ele><time>2026-03-13T11:20:21Z</time></trkpt><trkpt lat="46.069227" lon="7.32762"><ele>2866.4</ele><time>2026-03-13T11:20:25Z</time></trkpt><trkpt lat="46.069212" lon="7.327645"><ele>2867.0</ele><time>2026-03-13T11:20:29Z</time></trkpt><trkpt lat="46.069207" lon="7.327675"><ele>2867.4</ele><time>2026-03-13T11:20:43Z</time></trkpt><trkpt lat="46.069197" lon="7.327697"><ele>2867.6</ele><time>2026-03-13T11:20:45Z</time></trkpt><trkpt lat="46.069187" lon="7.32772"><ele>2867.8</ele><time>2026-03-13T11:20:47Z</time></trkpt><trkpt lat="46.069175" lon="7.32774"><ele>2867.8</ele><time>2026-03-13T11:20:49Z</time></trkpt><trkpt lat="46.069165" lon="7.327772"><ele>2868.2</ele><time>2026-03-13T11:20:54Z</time></trkpt><trkpt lat="46.069155" lon="7.327802"><ele>2868.2</ele><time>2026-03-13T11:20:58Z</time></trkpt><trkpt lat="46.069147" lon="7.327827"><ele>2868.8</ele><time>2026-03-13T11:21:02Z</time></trkpt><trkpt lat="46.06914" lon="7.327852"><ele>2869.0</ele><time>2026-03-13T11:21:06Z</time></trkpt><trkpt lat="46.069132" lon="7.32788"><ele>2869.2</ele><time>2026-03-13T11:21:10Z</time></trkpt><trkpt lat="46.069127" lon="7.327905"><ele>2869.6</ele><time>2026-03-13T11:21:14Z</time></trkpt><trkpt lat="46.069117" lon="7.327932"><ele>2870.4</ele><time>2026-03-13T11:21:19Z</time></trkpt><trkpt lat="46.069105" lon="7.327955"><ele>2871.0</ele><time>2026-03-13T11:21:22Z</time></trkpt><trkpt lat="46.0691" lon="7.327982"><ele>2871.8</ele><time>2026-03-13T11:21:26Z</time></trkpt><trkpt lat="46.069097" lon="7.328012"><ele>2872.2</ele><time>2026-03-13T11:21:30Z</time></trkpt><trkpt lat="46.069097" lon="7.328038"><ele>2872.6</ele><time>2026-03-13T11:21:34Z</time></trkpt><trkpt lat="46.069097" lon="7.328067"><ele>2873.0</ele><time>2026-03-13T11:21:38Z</time></trkpt><trkpt lat="46.069095" lon="7.328102"><ele>2873.6</ele><time>2026-03-13T11:21:43Z</time></trkpt><trkpt lat="46.069092" lon="7.328133"><ele>2874.4</ele><time>2026-03-13T11:21:47Z</time></trkpt><trkpt lat="46.069087" lon="7.328162"><ele>2874.8</ele><time>2026-03-13T11:21:51Z</time></trkpt><trkpt lat="46.06908" lon="7.328187"><ele>2875.4</ele><time>2026-03-13T11:21:55Z</time></trkpt><trkpt lat="46.069072" lon="7.328212"><ele>2876.0</ele><time>2026-03-13T11:22:21Z</time></trkpt><trkpt lat="46.069052" lon="7.328237"><ele>2876.0</ele><time>2026-03-13T11:22:25Z</time></trkpt><trkpt lat="46.069035" lon="7.328267"><ele>2877.4</ele><time>2026-03-13T11:22:39Z</time></trkpt><trkpt lat="46.069017" lon="7.328292"><ele>2877.8</ele><time>2026-03-13T11:22:41Z</time></trkpt><trkpt lat="46.068997" lon="7.328322"><ele>2877.8</ele><time>2026-03-13T11:22:43Z</time></trkpt><trkpt lat="46.068982" lon="7.328342"><ele>2878.0</ele><time>2026-03-13T11:22:45Z</time></trkpt><trkpt lat="46.068967" lon="7.328367"><ele>2878.2</ele><time>2026-03-13T11:22:48Z</time></trkpt><trkpt lat="46.068947" lon="7.328395"><ele>2878.4</ele><time>2026-03-13T11:22:51Z</time></trkpt><trkpt lat="46.068935" lon="7.328412"><ele>2878.8</ele><time>2026-03-13T11:22:54Z</time></trkpt><trkpt lat="46.068922" lon="7.328432"><ele>2879.0</ele><time>2026-03-13T11:22:57Z</time></trkpt><trkpt lat="46.06891" lon="7.328457"><ele>2879.2</ele><time>2026-03-13T11:23:01Z</time></trkpt><trkpt lat="46.068897" lon="7.328477"><ele>2879.8</ele><time>2026-03-13T11:23:05Z</time></trkpt><trkpt lat="46.068877" lon="7.328492"><ele>2880.2</ele><time>2026-03-13T11:23:09Z</time></trkpt><trkpt lat="46.068857" lon="7.328502"><ele>2880.6</ele><time>2026-03-13T11:23:13Z</time></trkpt><trkpt lat="46.06884" lon="7.32851"><ele>2881.2</ele><time>2026-03-13T11:23:18Z</time></trkpt><trkpt lat="46.068822" lon="7.328512"><ele>2881.6</ele><time>2026-03-13T11:23:22Z</time></trkpt><trkpt lat="46.068797" lon="7.32851"><ele>2882.0</ele><time>2026-03-13T11:23:26Z</time></trkpt><trkpt lat="46.068777" lon="7.328502"><ele>2882.4</ele><time>2026-03-13T11:23:30Z</time></trkpt><trkpt lat="46.068757" lon="7.328492"><ele>2883.0</ele><time>2026-03-13T11:23:35Z</time></trkpt><trkpt lat="46.068735" lon="7.328482"><ele>2883.4</ele><time>2026-03-13T11:23:39Z</time></trkpt><trkpt lat="46.068717" lon="7.328477"><ele>2884.0</ele><time>2026-03-13T11:23:43Z</time></trkpt><trkpt lat="46.068697" lon="7.328475"><ele>2884.4</ele><time>2026-03-13T11:23:46Z</time></trkpt><trkpt lat="46.06868" lon="7.328472"><ele>2885.0</ele><time>2026-03-13T11:23:51Z</time></trkpt><trkpt lat="46.06866" lon="7.328475"><ele>2885.6</ele><time>2026-03-13T11:23:55Z</time></trkpt><trkpt lat="46.068642" lon="7.328483"><ele>2886.0</ele><time>2026-03-13T11:23:58Z</time></trkpt><trkpt lat="46.068623" lon="7.328497"><ele>2886.8</ele><time>2026-03-13T11:24:02Z</time></trkpt><trkpt lat="46.06861" lon="7.328512"><ele>2887.0</ele><time>2026-03-13T11:24:06Z</time></trkpt><trkpt lat="46.068597" lon="7.328532"><ele>2887.6</ele><time>2026-03-13T11:24:11Z</time></trkpt><trkpt lat="46.068587" lon="7.328552"><ele>2888.2</ele><time>2026-03-13T11:24:16Z</time></trkpt><trkpt lat="46.06858" lon="7.328582"><ele>2889.4</ele><time>2026-03-13T11:24:30Z</time></trkpt><trkpt lat="46.068572" lon="7.328612"><ele>2889.6</ele><time>2026-03-13T11:24:32Z</time></trkpt><trkpt lat="46.068565" lon="7.328642"><ele>2889.8</ele><time>2026-03-13T11:24:34Z</time></trkpt><trkpt lat="46.068557" lon="7.328672"><ele>2890.4</ele><time>2026-03-13T11:24:37Z</time></trkpt><trkpt lat="46.068547" lon="7.328695"><ele>2890.6</ele><time>2026-03-13T11:24:41Z</time></trkpt><trkpt lat="46.068537" lon="7.328717"><ele>2891.2</ele><time>2026-03-13T11:24:45Z</time></trkpt><trkpt lat="46.068527" lon="7.328742"><ele>2893.6</ele><time>2026-03-13T11:25:20Z</time></trkpt><trkpt lat="46.068507" lon="7.328768"><ele>2894.0</ele><time>2026-03-13T11:25:22Z</time></trkpt><trkpt lat="46.068487" lon="7.328792"><ele>2894.2</ele><time>2026-03-13T11:25:24Z</time></trkpt><trkpt lat="46.068497" lon="7.328802"><ele>2897.4</ele><time>2026-03-13T11:27:11Z</time></trkpt><trkpt lat="46.068522" lon="7.328815"><ele>2897.6</ele><time>2026-03-13T11:27:12Z</time></trkpt><trkpt lat="46.068552" lon="7.328827"><ele>2897.6</ele><time>2026-03-13T11:27:13Z</time></trkpt><trkpt lat="46.068582" lon="7.328842"><ele>2897.8</ele><time>2026-03-13T11:27:14Z</time></trkpt><trkpt lat="46.068607" lon="7.328855"><ele>2897.8</ele><time>2026-03-13T11:27:15Z</time></trkpt><trkpt lat="46.068632" lon="7.328867"><ele>2898.2</ele><time>2026-03-13T11:27:17Z</time></trkpt><trkpt lat="46.068647" lon="7.328887"><ele>2898.6</ele><time>2026-03-13T11:27:22Z</time></trkpt><trkpt lat="46.068665" lon="7.32891"><ele>2899.8</ele><time>2026-03-13T11:27:30Z</time></trkpt><trkpt lat="46.068682" lon="7.328935"><ele>2900.0</ele><time>2026-03-13T11:27:32Z</time></trkpt><trkpt lat="46.068692" lon="7.328957"><ele>2900.4</ele><time>2026-03-13T11:27:34Z</time></trkpt><trkpt lat="46.0687" lon="7.328982"><ele>2900.8</ele><time>2026-03-13T11:27:37Z</time></trkpt><trkpt lat="46.0687" lon="7.329012"><ele>2901.4</ele><time>2026-03-13T11:27:41Z</time></trkpt><trkpt lat="46.0687" lon="7.329042"><ele>2901.8</ele><time>2026-03-13T11:27:45Z</time></trkpt><trkpt lat="46.068697" lon="7.32907"><ele>2902.2</ele><time>2026-03-13T11:27:48Z</time></trkpt><trkpt lat="46.06869" lon="7.3291"><ele>2903.0</ele><time>2026-03-13T11:27:52Z</time></trkpt><trkpt lat="46.068682" lon="7.329125"><ele>2903.4</ele><time>2026-03-13T11:27:56Z</time></trkpt><trkpt lat="46.068677" lon="7.329152"><ele>2904.0</ele><time>2026-03-13T11:28:00Z</time></trkpt><trkpt lat="46.068662" lon="7.329167"><ele>2904.6</ele><time>2026-03-13T11:28:04Z</time></trkpt><trkpt lat="46.068652" lon="7.329187"><ele>2907.0</ele><time>2026-03-13T11:28:32Z</time></trkpt><trkpt lat="46.06863" lon="7.329222"><ele>2907.0</ele><time>2026-03-13T11:28:34Z</time></trkpt><trkpt lat="46.068617" lon="7.329242"><ele>2907.0</ele><time>2026-03-13T11:28:35Z</time></trkpt><trkpt lat="46.068602" lon="7.329262"><ele>2907.2</ele><time>2026-03-13T11:28:36Z</time></trkpt><trkpt lat="46.068582" lon="7.329287"><ele>2907.2</ele><time>2026-03-13T11:28:38Z</time></trkpt><trkpt lat="46.068572" lon="7.329317"><ele>2907.4</ele><time>2026-03-13T11:28:41Z</time></trkpt><trkpt lat="46.068555" lon="7.329342"><ele>2907.6</ele><time>2026-03-13T11:28:45Z</time></trkpt><trkpt lat="46.068542" lon="7.329362"><ele>2908.0</ele><time>2026-03-13T11:28:48Z</time></trkpt><trkpt lat="46.068527" lon="7.32939"><ele>2908.4</ele><time>2026-03-13T11:28:51Z</time></trkpt><trkpt lat="46.068512" lon="7.329412"><ele>2908.4</ele><time>2026-03-13T11:28:54Z</time></trkpt><trkpt lat="46.068497" lon="7.329437"><ele>2908.6</ele><time>2026-03-13T11:28:57Z</time></trkpt><trkpt lat="46.068482" lon="7.329465"><ele>2908.8</ele><time>2026-03-13T11:29:00Z</time></trkpt><trkpt lat="46.068465" lon="7.329487"><ele>2908.8</ele><time>2026-03-13T11:29:03Z</time></trkpt><trkpt lat="46.068452" lon="7.329512"><ele>2908.6</ele><time>2026-03-13T11:29:06Z</time></trkpt><trkpt lat="46.068437" lon="7.329532"><ele>2908.6</ele><time>2026-03-13T11:29:09Z</time></trkpt><trkpt lat="46.06842" lon="7.32956"><ele>2908.8</ele><time>2026-03-13T11:29:12Z</time></trkpt><trkpt lat="46.06841" lon="7.329587"><ele>2909.0</ele><time>2026-03-13T11:29:15Z</time></trkpt><trkpt lat="46.068402" lon="7.32961"><ele>2909.4</ele><time>2026-03-13T11:29:18Z</time></trkpt><trkpt lat="46.068395" lon="7.329635"><ele>2909.6</ele><time>2026-03-13T11:29:21Z</time></trkpt><trkpt lat="46.068387" lon="7.329657"><ele>2910.0</ele><time>2026-03-13T11:29:25Z</time></trkpt><trkpt lat="46.068375" lon="7.32968"><ele>2910.2</ele><time>2026-03-13T11:29:28Z</time></trkpt><trkpt lat="46.068362" lon="7.3297"><ele>2911.0</ele><time>2026-03-13T11:29:33Z</time></trkpt><trkpt lat="46.06835" lon="7.329727"><ele>2911.4</ele><time>2026-03-13T11:29:36Z</time></trkpt><trkpt lat="46.068335" lon="7.329753"><ele>2911.8</ele><time>2026-03-13T11:29:40Z</time></trkpt><trkpt lat="46.068317" lon="7.329772"><ele>2912.4</ele><time>2026-03-13T11:29:44Z</time></trkpt><trkpt lat="46.068297" lon="7.329787"><ele>2912.8</ele><time>2026-03-13T11:29:48Z</time></trkpt><trkpt lat="46.06828" lon="7.329802"><ele>2913.2</ele><time>2026-03-13T11:29:52Z</time></trkpt><trkpt lat="46.068267" lon="7.329822"><ele>2913.8</ele><time>2026-03-13T11:29:56Z</time></trkpt><trkpt lat="46.068255" lon="7.329842"><ele>2914.2</ele><time>2026-03-13T11:30:00Z</time></trkpt><trkpt lat="46.068243" lon="7.329867"><ele>2914.6</ele><time>2026-03-13T11:30:04Z</time></trkpt><trkpt lat="46.06823" lon="7.329885"><ele>2915.2</ele><time>2026-03-13T11:30:08Z</time></trkpt><trkpt lat="46.068215" lon="7.329902"><ele>2915.6</ele><time>2026-03-13T11:30:12Z</time></trkpt><trkpt lat="46.0682" lon="7.329913"><ele>2916.0</ele><time>2026-03-13T11:30:15Z</time></trkpt><trkpt lat="46.068185" lon="7.32993"><ele>2916.6</ele><time>2026-03-13T11:30:19Z</time></trkpt><trkpt lat="46.068172" lon="7.329955"><ele>2917.0</ele><time>2026-03-13T11:30:24Z</time></trkpt><trkpt lat="46.068162" lon="7.329977"><ele>2917.4</ele><time>2026-03-13T11:30:28Z</time></trkpt><trkpt lat="46.06815" lon="7.330002"><ele>2917.8</ele><time>2026-03-13T11:30:32Z</time></trkpt><trkpt lat="46.06814" lon="7.330027"><ele>2918.2</ele><time>2026-03-13T11:30:36Z</time></trkpt><trkpt lat="46.068125" lon="7.330047"><ele>2918.8</ele><time>2026-03-13T11:30:41Z</time></trkpt><trkpt lat="46.068107" lon="7.33007"><ele>2919.2</ele><time>2026-03-13T11:30:45Z</time></trkpt><trkpt lat="46.068095" lon="7.33009"><ele>2919.6</ele><time>2026-03-13T11:30:48Z</time></trkpt><trkpt lat="46.068085" lon="7.330117"><ele>2919.8</ele><time>2026-03-13T11:30:52Z</time></trkpt><trkpt lat="46.068075" lon="7.330147"><ele>2920.2</ele><time>2026-03-13T11:30:56Z</time></trkpt><trkpt lat="46.068067" lon="7.33018"><ele>2920.4</ele><time>2026-03-13T11:31:00Z</time></trkpt><trkpt lat="46.068062" lon="7.330207"><ele>2920.8</ele><time>2026-03-13T11:31:04Z</time></trkpt><trkpt lat="46.068052" lon="7.33024"><ele>2921.2</ele><time>2026-03-13T11:31:08Z</time></trkpt><trkpt lat="46.068042" lon="7.330275"><ele>2921.2</ele><time>2026-03-13T11:31:12Z</time></trkpt><trkpt lat="46.068037" lon="7.330302"><ele>2921.4</ele><time>2026-03-13T11:31:15Z</time></trkpt><trkpt lat="46.068032" lon="7.330332"><ele>2921.2</ele><time>2026-03-13T11:31:18Z</time></trkpt><trkpt lat="46.068027" lon="7.330362"><ele>2921.6</ele><time>2026-03-13T11:31:23Z</time></trkpt><trkpt lat="46.068017" lon="7.33039"><ele>2921.8</ele><time>2026-03-13T11:31:26Z</time></trkpt><trkpt lat="46.068007" lon="7.330415"><ele>2922.0</ele><time>2026-03-13T11:31:30Z</time></trkpt><trkpt lat="46.067997" lon="7.33044"><ele>2922.4</ele><time>2026-03-13T11:31:34Z</time></trkpt><trkpt lat="46.06799" lon="7.330467"><ele>2922.8</ele><time>2026-03-13T11:31:38Z</time></trkpt><trkpt lat="46.067982" lon="7.330492"><ele>2923.4</ele><time>2026-03-13T11:31:42Z</time></trkpt><trkpt lat="46.067967" lon="7.330517"><ele>2924.0</ele><time>2026-03-13T11:31:46Z</time></trkpt><trkpt lat="46.06796" lon="7.330545"><ele>2924.4</ele><time>2026-03-13T11:31:50Z</time></trkpt><trkpt lat="46.067947" lon="7.33057"><ele>2925.0</ele><time>2026-03-13T11:31:54Z</time></trkpt><trkpt lat="46.06794" lon="7.330592"><ele>2925.4</ele><time>2026-03-13T11:31:58Z</time></trkpt><trkpt lat="46.067932" lon="7.330622"><ele>2926.2</ele><time>2026-03-13T11:32:04Z</time></trkpt><trkpt lat="46.067917" lon="7.330647"><ele>2926.6</ele><time>2026-03-13T11:32:09Z</time></trkpt><trkpt lat="46.067915" lon="7.330672"><ele>2927.4</ele><time>2026-03-13T11:32:15Z</time></trkpt><trkpt lat="46.067902" lon="7.33071"><ele>2931.2</ele><time>2026-03-13T11:32:49Z</time></trkpt><trkpt lat="46.067895" lon="7.330745"><ele>2931.4</ele><time>2026-03-13T11:32:50Z</time></trkpt><trkpt lat="46.067885" lon="7.330792"><ele>2931.4</ele><time>2026-03-13T11:32:51Z</time></trkpt><trkpt lat="46.067877" lon="7.330837"><ele>2931.6</ele><time>2026-03-13T11:32:52Z</time></trkpt><trkpt lat="46.067867" lon="7.330877"><ele>2931.6</ele><time>2026-03-13T11:32:53Z</time></trkpt><trkpt lat="46.067862" lon="7.330905"><ele>2931.8</ele><time>2026-03-13T11:32:54Z</time></trkpt><trkpt lat="46.067857" lon="7.330935"><ele>2932.0</ele><time>2026-03-13T11:32:56Z</time></trkpt><trkpt lat="46.067852" lon="7.330967"><ele>2932.4</ele><time>2026-03-13T11:33:00Z</time></trkpt><trkpt lat="46.067852" lon="7.330992"><ele>2932.6</ele><time>2026-03-13T11:33:03Z</time></trkpt><trkpt lat="46.067852" lon="7.331027"><ele>2932.8</ele><time>2026-03-13T11:33:07Z</time></trkpt><trkpt lat="46.067847" lon="7.331052"><ele>2933.2</ele><time>2026-03-13T11:33:10Z</time></trkpt><trkpt lat="46.067847" lon="7.33108"><ele>2933.6</ele><time>2026-03-13T11:33:14Z</time></trkpt><trkpt lat="46.067845" lon="7.33111"><ele>2934.0</ele><time>2026-03-13T11:33:18Z</time></trkpt><trkpt lat="46.06784" lon="7.331142"><ele>2934.6</ele><time>2026-03-13T11:33:22Z</time></trkpt><trkpt lat="46.06784" lon="7.331172"><ele>2934.8</ele><time>2026-03-13T11:33:26Z</time></trkpt><trkpt lat="46.06784" lon="7.3312"><ele>2935.2</ele><time>2026-03-13T11:33:30Z</time></trkpt><trkpt lat="46.067842" lon="7.331235"><ele>2935.6</ele><time>2026-03-13T11:33:34Z</time></trkpt><trkpt lat="46.067842" lon="7.331265"><ele>2936.0</ele><time>2026-03-13T11:33:38Z</time></trkpt><trkpt lat="46.06784" lon="7.331297"><ele>2936.4</ele><time>2026-03-13T11:33:42Z</time></trkpt><trkpt lat="46.06784" lon="7.33133"><ele>2936.6</ele><time>2026-03-13T11:33:46Z</time></trkpt><trkpt lat="46.067837" lon="7.331357"><ele>2937.0</ele><time>2026-03-13T11:33:50Z</time></trkpt><trkpt lat="46.067837" lon="7.331387"><ele>2937.4</ele><time>2026-03-13T11:33:53Z</time></trkpt><trkpt lat="46.067835" lon="7.331415"><ele>2937.6</ele><time>2026-03-13T11:33:57Z</time></trkpt><trkpt lat="46.067832" lon="7.331447"><ele>2938.0</ele><time>2026-03-13T11:34:01Z</time></trkpt><trkpt lat="46.067837" lon="7.331477"><ele>2938.4</ele><time>2026-03-13T11:34:05Z</time></trkpt><trkpt lat="46.067835" lon="7.33151"><ele>2939.0</ele><time>2026-03-13T11:34:09Z</time></trkpt><trkpt lat="46.067837" lon="7.331542"><ele>2939.6</ele><time>2026-03-13T11:34:13Z</time></trkpt><trkpt lat="46.067835" lon="7.331577"><ele>2939.8</ele><time>2026-03-13T11:34:17Z</time></trkpt><trkpt lat="46.067835" lon="7.331602"><ele>2940.4</ele><time>2026-03-13T11:34:21Z</time></trkpt><trkpt lat="46.067835" lon="7.331628"><ele>2941.0</ele><time>2026-03-13T11:34:25Z</time></trkpt><trkpt lat="46.067832" lon="7.331655"><ele>2942.0</ele><time>2026-03-13T11:34:29Z</time></trkpt><trkpt lat="46.06783" lon="7.331682"><ele>2942.8</ele><time>2026-03-13T11:34:33Z</time></trkpt><trkpt lat="46.067835" lon="7.33171"><ele>2943.0</ele><time>2026-03-13T11:34:38Z</time></trkpt><trkpt lat="46.067835" lon="7.331742"><ele>2945.4</ele><time>2026-03-13T11:35:08Z</time></trkpt><trkpt lat="46.067832" lon="7.33177"><ele>2945.6</ele><time>2026-03-13T11:35:09Z</time></trkpt><trkpt lat="46.06783" lon="7.331807"><ele>2945.6</ele><time>2026-03-13T11:35:10Z</time></trkpt><trkpt lat="46.067827" lon="7.331842"><ele>2945.8</ele><time>2026-03-13T11:35:11Z</time></trkpt><trkpt lat="46.067827" lon="7.331875"><ele>2946.0</ele><time>2026-03-13T11:35:12Z</time></trkpt><trkpt lat="46.067827" lon="7.331915"><ele>2946.2</ele><time>2026-03-13T11:35:14Z</time></trkpt><trkpt lat="46.067822" lon="7.331945"><ele>2946.6</ele><time>2026-03-13T11:35:17Z</time></trkpt><trkpt lat="46.067822" lon="7.331972"><ele>2946.8</ele><time>2026-03-13T11:35:20Z</time></trkpt><trkpt lat="46.06782" lon="7.332002"><ele>2947.6</ele><time>2026-03-13T11:35:24Z</time></trkpt><trkpt lat="46.06782" lon="7.332027"><ele>2948.2</ele><time>2026-03-13T11:35:28Z</time></trkpt><trkpt lat="46.067817" lon="7.332057"><ele>2948.6</ele><time>2026-03-13T11:35:32Z</time></trkpt><trkpt lat="46.067812" lon="7.332085"><ele>2949.0</ele><time>2026-03-13T11:35:36Z</time></trkpt><trkpt lat="46.067807" lon="7.332112"><ele>2949.6</ele><time>2026-03-13T11:35:40Z</time></trkpt><trkpt lat="46.067807" lon="7.332142"><ele>2950.0</ele><time>2026-03-13T11:35:44Z</time></trkpt><trkpt lat="46.067805" lon="7.332168"><ele>2950.6</ele><time>2026-03-13T11:35:49Z</time></trkpt><trkpt lat="46.067805" lon="7.332202"><ele>2951.0</ele><time>2026-03-13T11:35:53Z</time></trkpt><trkpt lat="46.067802" lon="7.332227"><ele>2952.0</ele><time>2026-03-13T11:35:58Z</time></trkpt><trkpt lat="46.067797" lon="7.332257"><ele>2952.4</ele><time>2026-03-13T11:36:02Z</time></trkpt><trkpt lat="46.067797" lon="7.332282"><ele>2952.8</ele><time>2026-03-13T11:36:06Z</time></trkpt><trkpt lat="46.067792" lon="7.332312"><ele>2953.6</ele><time>2026-03-13T11:36:10Z</time></trkpt><trkpt lat="46.067792" lon="7.332342"><ele>2954.0</ele><time>2026-03-13T11:36:14Z</time></trkpt><trkpt lat="46.067787" lon="7.332367"><ele>2954.6</ele><time>2026-03-13T11:36:18Z</time></trkpt><trkpt lat="46.067782" lon="7.332397"><ele>2955.2</ele><time>2026-03-13T11:36:21Z</time></trkpt><trkpt lat="46.067777" lon="7.332427"><ele>2955.6</ele><time>2026-03-13T11:36:25Z</time></trkpt><trkpt lat="46.067772" lon="7.332452"><ele>2956.0</ele><time>2026-03-13T11:36:28Z</time></trkpt><trkpt lat="46.067767" lon="7.332482"><ele>2959.8</ele><time>2026-03-13T11:37:02Z</time></trkpt><trkpt lat="46.067767" lon="7.332522"><ele>2959.8</ele><time>2026-03-13T11:37:03Z</time></trkpt><trkpt lat="46.067765" lon="7.332575"><ele>2960.0</ele><time>2026-03-13T11:37:04Z</time></trkpt><trkpt lat="46.067762" lon="7.332627"><ele>2960.0</ele><time>2026-03-13T11:37:05Z</time></trkpt><trkpt lat="46.067762" lon="7.33267"><ele>2960.0</ele><time>2026-03-13T11:37:06Z</time></trkpt><trkpt lat="46.067762" lon="7.332702"><ele>2960.0</ele><time>2026-03-13T11:37:07Z</time></trkpt><trkpt lat="46.067765" lon="7.332732"><ele>2960.2</ele><time>2026-03-13T11:37:09Z</time></trkpt><trkpt lat="46.067772" lon="7.332772"><ele>2963.0</ele><time>2026-03-13T11:38:04Z</time></trkpt><trkpt lat="46.067782" lon="7.33282"><ele>2963.0</ele><time>2026-03-13T11:38:05Z</time></trkpt><trkpt lat="46.067797" lon="7.332877"><ele>2963.0</ele><time>2026-03-13T11:38:06Z</time></trkpt><trkpt lat="46.06781" lon="7.332932"><ele>2963.0</ele><time>2026-03-13T11:38:07Z</time></trkpt><trkpt lat="46.067822" lon="7.332977"><ele>2963.2</ele><time>2026-03-13T11:38:08Z</time></trkpt><trkpt lat="46.067827" lon="7.333007"><ele>2963.4</ele><time>2026-03-13T11:38:09Z</time></trkpt><trkpt lat="46.067835" lon="7.333035"><ele>2963.4</ele><time>2026-03-13T11:38:11Z</time></trkpt><trkpt lat="46.067842" lon="7.333062"><ele>2964.0</ele><time>2026-03-13T11:38:15Z</time></trkpt><trkpt lat="46.06785" lon="7.333087"><ele>2964.6</ele><time>2026-03-13T11:38:20Z</time></trkpt><trkpt lat="46.067857" lon="7.333115"><ele>2965.0</ele><time>2026-03-13T11:38:24Z</time></trkpt><trkpt lat="46.067862" lon="7.33315"><ele>2968.8</ele><time>2026-03-13T11:39:28Z</time></trkpt><trkpt lat="46.067877" lon="7.33317"><ele>2972.4</ele><time>2026-03-13T11:40:45Z</time></trkpt><trkpt lat="46.067892" lon="7.3332"><ele>2972.6</ele><time>2026-03-13T11:40:46Z</time></trkpt><trkpt lat="46.067927" lon="7.333277"><ele>2972.6</ele><time>2026-03-13T11:40:48Z</time></trkpt><trkpt lat="46.067942" lon="7.333312"><ele>2972.8</ele><time>2026-03-13T11:40:49Z</time></trkpt><trkpt lat="46.067947" lon="7.333337"><ele>2972.8</ele><time>2026-03-13T11:40:50Z</time></trkpt><trkpt lat="46.067952" lon="7.333367"><ele>2973.0</ele><time>2026-03-13T11:40:52Z</time></trkpt><trkpt lat="46.067945" lon="7.333397"><ele>2973.6</ele><time>2026-03-13T11:40:56Z</time></trkpt><trkpt lat="46.067937" lon="7.333425"><ele>2974.2</ele><time>2026-03-13T11:41:00Z</time></trkpt><trkpt lat="46.06793" lon="7.333455"><ele>2974.6</ele><time>2026-03-13T11:41:04Z</time></trkpt><trkpt lat="46.06792" lon="7.333485"><ele>2975.0</ele><time>2026-03-13T11:41:08Z</time></trkpt><trkpt lat="46.067917" lon="7.333517"><ele>2975.4</ele><time>2026-03-13T11:41:12Z</time></trkpt><trkpt lat="46.06791" lon="7.333542"><ele>2975.8</ele><time>2026-03-13T11:41:16Z</time></trkpt><trkpt lat="46.067902" lon="7.333567"><ele>2976.4</ele><time>2026-03-13T11:41:20Z</time></trkpt><trkpt lat="46.067897" lon="7.333592"><ele>2976.8</ele><time>2026-03-13T11:41:24Z</time></trkpt><trkpt lat="46.06789" lon="7.333622"><ele>2977.6</ele><time>2026-03-13T11:41:28Z</time></trkpt><trkpt lat="46.067882" lon="7.333647"><ele>2978.2</ele><time>2026-03-13T11:41:32Z</time></trkpt><trkpt lat="46.067877" lon="7.333677"><ele>2983.6</ele><time>2026-03-13T11:42:16Z</time></trkpt><trkpt lat="46.067872" lon="7.333727"><ele>2983.6</ele><time>2026-03-13T11:42:17Z</time></trkpt><trkpt lat="46.067867" lon="7.333787"><ele>2983.8</ele><time>2026-03-13T11:42:18Z</time></trkpt><trkpt lat="46.067862" lon="7.333845"><ele>2983.8</ele><time>2026-03-13T11:42:19Z</time></trkpt><trkpt lat="46.067857" lon="7.333892"><ele>2984.0</ele><time>2026-03-13T11:42:20Z</time></trkpt><trkpt lat="46.067857" lon="7.333925"><ele>2984.0</ele><time>2026-03-13T11:42:21Z</time></trkpt><trkpt lat="46.067852" lon="7.333955"><ele>2984.0</ele><time>2026-03-13T11:42:23Z</time></trkpt><trkpt lat="46.067855" lon="7.333982"><ele>2984.2</ele><time>2026-03-13T11:42:26Z</time></trkpt><trkpt lat="46.067852" lon="7.334012"><ele>2984.8</ele><time>2026-03-13T11:42:30Z</time></trkpt><trkpt lat="46.067847" lon="7.334037"><ele>2985.2</ele><time>2026-03-13T11:42:34Z</time></trkpt><trkpt lat="46.067842" lon="7.334067"><ele>2985.6</ele><time>2026-03-13T11:42:39Z</time></trkpt><trkpt lat="46.067835" lon="7.334092"><ele>2986.0</ele><time>2026-03-13T11:42:44Z</time></trkpt><trkpt lat="46.067827" lon="7.33412"><ele>2986.6</ele><time>2026-03-13T11:42:48Z</time></trkpt><trkpt lat="46.067815" lon="7.334142"><ele>2987.0</ele><time>2026-03-13T11:42:52Z</time></trkpt><trkpt lat="46.0678" lon="7.334155"><ele>2987.6</ele><time>2026-03-13T11:42:56Z</time></trkpt><trkpt lat="46.067782" lon="7.334177"><ele>2988.0</ele><time>2026-03-13T11:43:01Z</time></trkpt><trkpt lat="46.067767" lon="7.334195"><ele>2988.6</ele><time>2026-03-13T11:43:05Z</time></trkpt><trkpt lat="46.067752" lon="7.33421"><ele>2989.2</ele><time>2026-03-13T11:43:11Z</time></trkpt><trkpt lat="46.067732" lon="7.334227"><ele>2990.0</ele><time>2026-03-13T11:43:19Z</time></trkpt><trkpt lat="46.067705" lon="7.33424"><ele>2993.8</ele><time>2026-03-13T11:43:55Z</time></trkpt><trkpt lat="46.067687" lon="7.33425"><ele>2993.8</ele><time>2026-03-13T11:43:56Z</time></trkpt><trkpt lat="46.06767" lon="7.33426"><ele>2993.8</ele><time>2026-03-13T11:43:57Z</time></trkpt><trkpt lat="46.067652" lon="7.334277"><ele>2994.0</ele><time>2026-03-13T11:43:59Z</time></trkpt><trkpt lat="46.067665" lon="7.334292"><ele>2994.8</ele><time>2026-03-13T11:44:10Z</time></trkpt><trkpt lat="46.067687" lon="7.334317"><ele>2995.2</ele><time>2026-03-13T11:44:13Z</time></trkpt><trkpt lat="46.067697" lon="7.334332"><ele>2995.4</ele><time>2026-03-13T11:44:15Z</time></trkpt><trkpt lat="46.067712" lon="7.33435"><ele>2995.8</ele><time>2026-03-13T11:44:19Z</time></trkpt><trkpt lat="46.067732" lon="7.334367"><ele>2996.2</ele><time>2026-03-13T11:44:23Z</time></trkpt><trkpt lat="46.067747" lon="7.334382"><ele>2997.2</ele><time>2026-03-13T11:44:34Z</time></trkpt><trkpt lat="46.067757" lon="7.334392"><ele>2999.2</ele><time>2026-03-13T11:44:54Z</time></trkpt><trkpt lat="46.067772" lon="7.334407"><ele>2999.4</ele><time>2026-03-13T11:44:55Z</time></trkpt><trkpt lat="46.067792" lon="7.334427"><ele>2999.6</ele><time>2026-03-13T11:44:56Z</time></trkpt><trkpt lat="46.067815" lon="7.334447"><ele>2999.6</ele><time>2026-03-13T11:44:57Z</time></trkpt><trkpt lat="46.067832" lon="7.334465"><ele>2999.8</ele><time>2026-03-13T11:44:58Z</time></trkpt><trkpt lat="46.067852" lon="7.334485"><ele>3000.0</ele><time>2026-03-13T11:45:00Z</time></trkpt><trkpt lat="46.067872" lon="7.334502"><ele>3000.4</ele><time>2026-03-13T11:45:03Z</time></trkpt><trkpt lat="46.067887" lon="7.334517"><ele>3001.0</ele><time>2026-03-13T11:45:07Z</time></trkpt><trkpt lat="46.067905" lon="7.334537"><ele>3001.4</ele><time>2026-03-13T11:45:11Z</time></trkpt><trkpt lat="46.067922" lon="7.334552"><ele>3002.0</ele><time>2026-03-13T11:45:15Z</time></trkpt><trkpt lat="46.067937" lon="7.334572"><ele>3002.6</ele><time>2026-03-13T11:45:20Z</time></trkpt><trkpt lat="46.067955" lon="7.334587"><ele>3003.4</ele><time>2026-03-13T11:45:24Z</time></trkpt><trkpt lat="46.067965" lon="7.334597"><ele>3006.0</ele><time>2026-03-13T11:45:56Z</time></trkpt><trkpt lat="46.067992" lon="7.334627"><ele>3006.0</ele><time>2026-03-13T11:45:58Z</time></trkpt><trkpt lat="46.068007" lon="7.334647"><ele>3006.2</ele><time>2026-03-13T11:45:59Z</time></trkpt><trkpt lat="46.068027" lon="7.334682"><ele>3006.2</ele><time>2026-03-13T11:46:01Z</time></trkpt><trkpt lat="46.068042" lon="7.334712"><ele>3006.2</ele><time>2026-03-13T11:46:04Z</time></trkpt><trkpt lat="46.068055" lon="7.334737"><ele>3006.4</ele><time>2026-03-13T11:46:07Z</time></trkpt><trkpt lat="46.068072" lon="7.334765"><ele>3006.4</ele><time>2026-03-13T11:46:11Z</time></trkpt><trkpt lat="46.068087" lon="7.334787"><ele>3006.6</ele><time>2026-03-13T11:46:14Z</time></trkpt><trkpt lat="46.0681" lon="7.33481"><ele>3006.4</ele><time>2026-03-13T11:46:17Z</time></trkpt><trkpt lat="46.068112" lon="7.334832"><ele>3006.6</ele><time>2026-03-13T11:46:20Z</time></trkpt><trkpt lat="46.068127" lon="7.33485"><ele>3006.6</ele><time>2026-03-13T11:46:23Z</time></trkpt><trkpt lat="46.068142" lon="7.334867"><ele>3006.4</ele><time>2026-03-13T11:46:26Z</time></trkpt><trkpt lat="46.068157" lon="7.334887"><ele>3006.6</ele><time>2026-03-13T11:46:52Z</time></trkpt><trkpt lat="46.06817" lon="7.334907"><ele>3006.6</ele><time>2026-03-13T11:46:54Z</time></trkpt><trkpt lat="46.068185" lon="7.334937"><ele>3007.2</ele><time>2026-03-13T11:50:19Z</time></trkpt><trkpt lat="46.068197" lon="7.334905"><ele>3007.6</ele><time>2026-03-13T11:54:37Z</time></trkpt><trkpt lat="46.068217" lon="7.334867"><ele>3007.8</ele><time>2026-03-13T11:54:39Z</time></trkpt><trkpt lat="46.068237" lon="7.334842"><ele>3008.0</ele><time>2026-03-13T11:54:41Z</time></trkpt><trkpt lat="46.068257" lon="7.33482"><ele>3008.0</ele><time>2026-03-13T11:54:44Z</time></trkpt><trkpt lat="46.068272" lon="7.334802"><ele>3008.0</ele><time>2026-03-13T11:54:46Z</time></trkpt><trkpt lat="46.068287" lon="7.334787"><ele>3008.0</ele><time>2026-03-13T11:54:48Z</time></trkpt><trkpt lat="46.068305" lon="7.334762"><ele>3008.0</ele><time>2026-03-13T11:54:51Z</time></trkpt><trkpt lat="46.06832" lon="7.334742"><ele>3008.4</ele><time>2026-03-13T11:54:53Z</time></trkpt><trkpt lat="46.068337" lon="7.334722"><ele>3008.6</ele><time>2026-03-13T11:54:55Z</time></trkpt><trkpt lat="46.068355" lon="7.33471"><ele>3008.8</ele><time>2026-03-13T11:54:57Z</time></trkpt><trkpt lat="46.068375" lon="7.334712"><ele>3009.2</ele><time>2026-03-13T11:55:07Z</time></trkpt><trkpt lat="46.068395" lon="7.334722"><ele>3010.0</ele><time>2026-03-13T11:55:15Z</time></trkpt><trkpt lat="46.068417" lon="7.33474"><ele>3010.2</ele><time>2026-03-13T11:55:17Z</time></trkpt><trkpt lat="46.06844" lon="7.334747"><ele>3010.2</ele><time>2026-03-13T11:55:19Z</time></trkpt><trkpt lat="46.068457" lon="7.334737"><ele>3010.8</ele><time>2026-03-13T11:55:22Z</time></trkpt><trkpt lat="46.068467" lon="7.334707"><ele>3011.0</ele><time>2026-03-13T11:55:25Z</time></trkpt><trkpt lat="46.068472" lon="7.334682"><ele>3011.4</ele><time>2026-03-13T11:55:28Z</time></trkpt><trkpt lat="46.068477" lon="7.33465"><ele>3012.0</ele><time>2026-03-13T11:55:32Z</time></trkpt><trkpt lat="46.068487" lon="7.334627"><ele>3012.6</ele><time>2026-03-13T11:55:35Z</time></trkpt><trkpt lat="46.06849" lon="7.33462"><ele>3014.8</ele><time>2026-03-13T12:02:50Z</time></trkpt><trkpt lat="46.0685" lon="7.334612"><ele>3013.2</ele><time>2026-03-13T12:04:42Z</time></trkpt><trkpt lat="46.068505" lon="7.33458"><ele>3013.2</ele><time>2026-03-13T12:11:14Z</time></trkpt><trkpt lat="46.068507" lon="7.33453"><ele>3013.2</ele><time>2026-03-13T12:11:16Z</time></trkpt><trkpt lat="46.06851" lon="7.334502"><ele>3013.2</ele><time>2026-03-13T12:11:17Z</time></trkpt><trkpt lat="46.068512" lon="7.334475"><ele>3013.2</ele><time>2026-03-13T12:11:18Z</time></trkpt><trkpt lat="46.068512" lon="7.334447"><ele>3013.0</ele><time>2026-03-13T12:11:19Z</time></trkpt><trkpt lat="46.068515" lon="7.334412"><ele>3013.0</ele><time>2026-03-13T12:11:20Z</time></trkpt><trkpt lat="46.068522" lon="7.334357"><ele>3012.8</ele><time>2026-03-13T12:11:21Z</time></trkpt><trkpt lat="46.068542" lon="7.334295"><ele>3012.8</ele><time>2026-03-13T12:11:22Z</time></trkpt><trkpt lat="46.068575" lon="7.334257"><ele>3012.6</ele><time>2026-03-13T12:11:23Z</time></trkpt><trkpt lat="46.068587" lon="7.334207"><ele>3012.2</ele><time>2026-03-13T12:11:24Z</time></trkpt><trkpt lat="46.06863" lon="7.334167"><ele>3011.4</ele><time>2026-03-13T12:11:25Z</time></trkpt><trkpt lat="46.06868" lon="7.33416"><ele>3010.6</ele><time>2026-03-13T12:11:26Z</time></trkpt><trkpt lat="46.068722" lon="7.33417"><ele>3009.6</ele><time>2026-03-13T12:11:27Z</time></trkpt><trkpt lat="46.068765" lon="7.334185"><ele>3008.2</ele><time>2026-03-13T12:11:28Z</time></trkpt><trkpt lat="46.068792" lon="7.3342"><ele>3006.6</ele><time>2026-03-13T12:11:29Z</time></trkpt><trkpt lat="46.068807" lon="7.334202"><ele>3005.2</ele><time>2026-03-13T12:11:30Z</time></trkpt><trkpt lat="46.068832" lon="7.334205"><ele>3003.0</ele><time>2026-03-13T12:11:32Z</time></trkpt><trkpt lat="46.06884" lon="7.334207"><ele>2999.6</ele><time>2026-03-13T12:12:23Z</time></trkpt><trkpt lat="46.068872" lon="7.3342"><ele>2999.6</ele><time>2026-03-13T12:12:25Z</time></trkpt><trkpt lat="46.0689" lon="7.334182"><ele>2999.6</ele><time>2026-03-13T12:12:26Z</time></trkpt><trkpt lat="46.068932" lon="7.334145"><ele>2999.2</ele><time>2026-03-13T12:12:27Z</time></trkpt><trkpt lat="46.068977" lon="7.334107"><ele>2998.6</ele><time>2026-03-13T12:12:28Z</time></trkpt><trkpt lat="46.069022" lon="7.334105"><ele>2997.6</ele><time>2026-03-13T12:12:29Z</time></trkpt><trkpt lat="46.069052" lon="7.334132"><ele>2996.2</ele><time>2026-03-13T12:12:30Z</time></trkpt><trkpt lat="46.069067" lon="7.33416"><ele>2994.2</ele><time>2026-03-13T12:12:31Z</time></trkpt><trkpt lat="46.069073" lon="7.334182"><ele>2992.4</ele><time>2026-03-13T12:12:32Z</time></trkpt><trkpt lat="46.069082" lon="7.334202"><ele>2990.6</ele><time>2026-03-13T12:12:33Z</time></trkpt><trkpt lat="46.069092" lon="7.33424"><ele>2988.2</ele><time>2026-03-13T12:12:35Z</time></trkpt><trkpt lat="46.0691" lon="7.334257"><ele>2986.6</ele><time>2026-03-13T12:12:37Z</time></trkpt><trkpt lat="46.069112" lon="7.33428"><ele>2984.2</ele><time>2026-03-13T12:13:25Z</time></trkpt><trkpt lat="46.069132" lon="7.334307"><ele>2984.0</ele><time>2026-03-13T12:13:26Z</time></trkpt><trkpt lat="46.069167" lon="7.334337"><ele>2983.8</ele><time>2026-03-13T12:13:27Z</time></trkpt><trkpt lat="46.069225" lon="7.334355"><ele>2983.4</ele><time>2026-03-13T12:13:28Z</time></trkpt><trkpt lat="46.069287" lon="7.334375"><ele>2982.8</ele><time>2026-03-13T12:13:29Z</time></trkpt><trkpt lat="46.069367" lon="7.334367"><ele>2982.0</ele><time>2026-03-13T12:13:30Z</time></trkpt><trkpt lat="46.069432" lon="7.334393"><ele>2980.4</ele><time>2026-03-13T12:13:31Z</time></trkpt><trkpt lat="46.069475" lon="7.334452"><ele>2978.2</ele><time>2026-03-13T12:13:32Z</time></trkpt><trkpt lat="46.069527" lon="7.334557"><ele>2973.2</ele><time>2026-03-13T12:13:34Z</time></trkpt><trkpt lat="46.069557" lon="7.334607"><ele>2968.8</ele><time>2026-03-13T12:13:36Z</time></trkpt><trkpt lat="46.069557" lon="7.334612"><ele>2965.6</ele><time>2026-03-13T12:13:38Z</time></trkpt><trkpt lat="46.069557" lon="7.334583"><ele>2960.8</ele><time>2026-03-13T12:14:23Z</time></trkpt><trkpt lat="46.0696" lon="7.334597"><ele>2960.6</ele><time>2026-03-13T12:14:25Z</time></trkpt><trkpt lat="46.069665" lon="7.334667"><ele>2960.0</ele><time>2026-03-13T12:14:27Z</time></trkpt><trkpt lat="46.069682" lon="7.334715"><ele>2959.8</ele><time>2026-03-13T12:14:28Z</time></trkpt><trkpt lat="46.069697" lon="7.334762"><ele>2959.0</ele><time>2026-03-13T12:14:29Z</time></trkpt><trkpt lat="46.069747" lon="7.334838"><ele>2957.0</ele><time>2026-03-13T12:14:31Z</time></trkpt><trkpt lat="46.069827" lon="7.33492"><ele>2955.0</ele><time>2026-03-13T12:14:33Z</time></trkpt><trkpt lat="46.069847" lon="7.334965"><ele>2951.6</ele><time>2026-03-13T12:14:35Z</time></trkpt><trkpt lat="46.069847" lon="7.33497"><ele>2948.2</ele><time>2026-03-13T12:14:37Z</time></trkpt><trkpt lat="46.06985" lon="7.334962"><ele>2946.2</ele><time>2026-03-13T12:14:39Z</time></trkpt><trkpt lat="46.069847" lon="7.33494"><ele>2944.8</ele><time>2026-03-13T12:16:23Z</time></trkpt><trkpt lat="46.069882" lon="7.334905"><ele>2944.6</ele><time>2026-03-13T12:16:25Z</time></trkpt><trkpt lat="46.069897" lon="7.334772"><ele>2944.4</ele><time>2026-03-13T12:16:27Z</time></trkpt><trkpt lat="46.069937" lon="7.334645"><ele>2943.4</ele><time>2026-03-13T12:16:29Z</time></trkpt><trkpt lat="46.069965" lon="7.334602"><ele>2942.6</ele><time>2026-03-13T12:16:30Z</time></trkpt><trkpt lat="46.069987" lon="7.334572"><ele>2941.8</ele><time>2026-03-13T12:16:31Z</time></trkpt><trkpt lat="46.070015" lon="7.334542"><ele>2940.8</ele><time>2026-03-13T12:16:32Z</time></trkpt><trkpt lat="46.070035" lon="7.334517"><ele>2940.0</ele><time>2026-03-13T12:16:33Z</time></trkpt><trkpt lat="46.070067" lon="7.3345"><ele>2939.4</ele><time>2026-03-13T12:16:34Z</time></trkpt><trkpt lat="46.070105" lon="7.334477"><ele>2938.8</ele><time>2026-03-13T12:16:35Z</time></trkpt><trkpt lat="46.070142" lon="7.334447"><ele>2938.2</ele><time>2026-03-13T12:16:36Z</time></trkpt><trkpt lat="46.07019" lon="7.334455"><ele>2937.4</ele><time>2026-03-13T12:16:37Z</time></trkpt><trkpt lat="46.070227" lon="7.334495"><ele>2936.2</ele><time>2026-03-13T12:16:38Z</time></trkpt><trkpt lat="46.070272" lon="7.334492"><ele>2934.8</ele><time>2026-03-13T12:16:39Z</time></trkpt><trkpt lat="46.070327" lon="7.334495"><ele>2933.2</ele><time>2026-03-13T12:16:40Z</time></trkpt><trkpt lat="46.070335" lon="7.334535"><ele>2931.2</ele><time>2026-03-13T12:16:41Z</time></trkpt><trkpt lat="46.07038" lon="7.334627"><ele>2926.6</ele><time>2026-03-13T12:16:43Z</time></trkpt><trkpt lat="46.070382" lon="7.334717"><ele>2924.2</ele><time>2026-03-13T12:16:44Z</time></trkpt><trkpt lat="46.070387" lon="7.334792"><ele>2921.8</ele><time>2026-03-13T12:16:45Z</time></trkpt><trkpt lat="46.070422" lon="7.3349"><ele>2915.8</ele><time>2026-03-13T12:16:47Z</time></trkpt><trkpt lat="46.070442" lon="7.33488"><ele>2912.4</ele><time>2026-03-13T12:16:48Z</time></trkpt><trkpt lat="46.070457" lon="7.334868"><ele>2909.4</ele><time>2026-03-13T12:16:49Z</time></trkpt><trkpt lat="46.070477" lon="7.334862"><ele>2906.8</ele><time>2026-03-13T12:16:50Z</time></trkpt><trkpt lat="46.070512" lon="7.334847"><ele>2904.8</ele><time>2026-03-13T12:16:51Z</time></trkpt><trkpt lat="46.07054" lon="7.334872"><ele>2903.0</ele><time>2026-03-13T12:16:52Z</time></trkpt><trkpt lat="46.070582" lon="7.334907"><ele>2901.4</ele><time>2026-03-13T12:16:53Z</time></trkpt><trkpt lat="46.070712" lon="7.334962"><ele>2897.8</ele><time>2026-03-13T12:16:55Z</time></trkpt><trkpt lat="46.070852" lon="7.334932"><ele>2893.2</ele><time>2026-03-13T12:16:57Z</time></trkpt><trkpt lat="46.070907" lon="7.334895"><ele>2890.6</ele><time>2026-03-13T12:16:58Z</time></trkpt><trkpt lat="46.070967" lon="7.334885"><ele>2887.8</ele><time>2026-03-13T12:16:59Z</time></trkpt><trkpt lat="46.071022" lon="7.334922"><ele>2885.0</ele><time>2026-03-13T12:17:00Z</time></trkpt><trkpt lat="46.071092" lon="7.334952"><ele>2882.6</ele><time>2026-03-13T12:17:01Z</time></trkpt><trkpt lat="46.071162" lon="7.335012"><ele>2880.2</ele><time>2026-03-13T12:17:02Z</time></trkpt><trkpt lat="46.071247" lon="7.335042"><ele>2877.6</ele><time>2026-03-13T12:17:03Z</time></trkpt><trkpt lat="46.071332" lon="7.335097"><ele>2875.0</ele><time>2026-03-13T12:17:04Z</time></trkpt><trkpt lat="46.071512" lon="7.335132"><ele>2869.2</ele><time>2026-03-13T12:17:06Z</time></trkpt><trkpt lat="46.071585" lon="7.33519"><ele>2865.6</ele><time>2026-03-13T12:17:07Z</time></trkpt><trkpt lat="46.07162" lon="7.335282"><ele>2862.6</ele><time>2026-03-13T12:17:08Z</time></trkpt><trkpt lat="46.071607" lon="7.3354"><ele>2856.8</ele><time>2026-03-13T12:17:10Z</time></trkpt><trkpt lat="46.071612" lon="7.335402"><ele>2843.6</ele><time>2026-03-13T12:17:19Z</time></trkpt><trkpt lat="46.071637" lon="7.33542"><ele>2842.4</ele><time>2026-03-13T12:17:26Z</time></trkpt><trkpt lat="46.071662" lon="7.335422"><ele>2845.8</ele><time>2026-03-13T12:20:23Z</time></trkpt><trkpt lat="46.071682" lon="7.33543"><ele>2845.8</ele><time>2026-03-13T12:20:24Z</time></trkpt><trkpt lat="46.071717" lon="7.335437"><ele>2845.8</ele><time>2026-03-13T12:20:25Z</time></trkpt><trkpt lat="46.071765" lon="7.33544"><ele>2845.8</ele><time>2026-03-13T12:20:26Z</time></trkpt><trkpt lat="46.071825" lon="7.335457"><ele>2845.8</ele><time>2026-03-13T12:20:27Z</time></trkpt><trkpt lat="46.071875" lon="7.335507"><ele>2845.6</ele><time>2026-03-13T12:20:28Z</time></trkpt><trkpt lat="46.071932" lon="7.335562"><ele>2845.2</ele><time>2026-03-13T12:20:29Z</time></trkpt><trkpt lat="46.071977" lon="7.335637"><ele>2844.2</ele><time>2026-03-13T12:20:30Z</time></trkpt><trkpt lat="46.07204" lon="7.335695"><ele>2843.0</ele><time>2026-03-13T12:20:31Z</time></trkpt><trkpt lat="46.072105" lon="7.335747"><ele>2841.2</ele><time>2026-03-13T12:20:32Z</time></trkpt><trkpt lat="46.072167" lon="7.335787"><ele>2839.8</ele><time>2026-03-13T12:20:33Z</time></trkpt><trkpt lat="46.072235" lon="7.33583"><ele>2838.2</ele><time>2026-03-13T12:20:34Z</time></trkpt><trkpt lat="46.0723" lon="7.335877"><ele>2836.6</ele><time>2026-03-13T12:20:35Z</time></trkpt><trkpt lat="46.072372" lon="7.335917"><ele>2835.0</ele><time>2026-03-13T12:20:36Z</time></trkpt><trkpt lat="46.072447" lon="7.335965"><ele>2833.6</ele><time>2026-03-13T12:20:37Z</time></trkpt><trkpt lat="46.072515" lon="7.336012"><ele>2832.6</ele><time>2026-03-13T12:20:38Z</time></trkpt><trkpt lat="46.072587" lon="7.33606"><ele>2831.4</ele><time>2026-03-13T12:20:39Z</time></trkpt><trkpt lat="46.072662" lon="7.336108"><ele>2830.4</ele><time>2026-03-13T12:20:40Z</time></trkpt><trkpt lat="46.072745" lon="7.336167"><ele>2829.4</ele><time>2026-03-13T12:20:41Z</time></trkpt><trkpt lat="46.072832" lon="7.33621"><ele>2828.2</ele><time>2026-03-13T12:20:42Z</time></trkpt><trkpt lat="46.072912" lon="7.336257"><ele>2827.0</ele><time>2026-03-13T12:20:43Z</time></trkpt><trkpt lat="46.072987" lon="7.336302"><ele>2825.8</ele><time>2026-03-13T12:20:44Z</time></trkpt><trkpt lat="46.073057" lon="7.336342"><ele>2824.4</ele><time>2026-03-13T12:20:45Z</time></trkpt><trkpt lat="46.073127" lon="7.33638"><ele>2823.2</ele><time>2026-03-13T12:20:46Z</time></trkpt><trkpt lat="46.073197" lon="7.336402"><ele>2822.2</ele><time>2026-03-13T12:20:47Z</time></trkpt><trkpt lat="46.073262" lon="7.336427"><ele>2821.6</ele><time>2026-03-13T12:20:48Z</time></trkpt><trkpt lat="46.073315" lon="7.336447"><ele>2821.2</ele><time>2026-03-13T12:20:49Z</time></trkpt><trkpt lat="46.073362" lon="7.336467"><ele>2820.6</ele><time>2026-03-13T12:20:50Z</time></trkpt><trkpt lat="46.073402" lon="7.336482"><ele>2820.2</ele><time>2026-03-13T12:20:51Z</time></trkpt><trkpt lat="46.07344" lon="7.336492"><ele>2819.6</ele><time>2026-03-13T12:20:52Z</time></trkpt><trkpt lat="46.073472" lon="7.336502"><ele>2819.2</ele><time>2026-03-13T12:20:53Z</time></trkpt><trkpt lat="46.073497" lon="7.336517"><ele>2818.8</ele><time>2026-03-13T12:20:54Z</time></trkpt><trkpt lat="46.07352" lon="7.336537"><ele>2818.6</ele><time>2026-03-13T12:20:55Z</time></trkpt><trkpt lat="46.073535" lon="7.336562"><ele>2818.2</ele><time>2026-03-13T12:20:56Z</time></trkpt><trkpt lat="46.073548" lon="7.336587"><ele>2817.8</ele><time>2026-03-13T12:20:57Z</time></trkpt><trkpt lat="46.07356" lon="7.336622"><ele>2817.6</ele><time>2026-03-13T12:20:58Z</time></trkpt><trkpt lat="46.073572" lon="7.336667"><ele>2817.4</ele><time>2026-03-13T12:20:59Z</time></trkpt><trkpt lat="46.07359" lon="7.336722"><ele>2817.2</ele><time>2026-03-13T12:21:00Z</time></trkpt><trkpt lat="46.07361" lon="7.336777"><ele>2816.8</ele><time>2026-03-13T12:21:01Z</time></trkpt><trkpt lat="46.07366" lon="7.33683"><ele>2816.4</ele><time>2026-03-13T12:21:02Z</time></trkpt><trkpt lat="46.073712" lon="7.336892"><ele>2816.0</ele><time>2026-03-13T12:21:03Z</time></trkpt><trkpt lat="46.073785" lon="7.336952"><ele>2815.4</ele><time>2026-03-13T12:21:04Z</time></trkpt><trkpt lat="46.073857" lon="7.337007"><ele>2814.4</ele><time>2026-03-13T12:21:05Z</time></trkpt><trkpt lat="46.073927" lon="7.337077"><ele>2812.8</ele><time>2026-03-13T12:21:06Z</time></trkpt><trkpt lat="46.074067" lon="7.337182"><ele>2808.8</ele><time>2026-03-13T12:21:08Z</time></trkpt><trkpt lat="46.07413" lon="7.337225"><ele>2807.0</ele><time>2026-03-13T12:21:09Z</time></trkpt><trkpt lat="46.074242" lon="7.337315"><ele>2804.2</ele><time>2026-03-13T12:21:11Z</time></trkpt><trkpt lat="46.074292" lon="7.337362"><ele>2803.2</ele><time>2026-03-13T12:21:12Z</time></trkpt><trkpt lat="46.07434" lon="7.337412"><ele>2802.2</ele><time>2026-03-13T12:21:13Z</time></trkpt><trkpt lat="46.074427" lon="7.337527"><ele>2800.6</ele><time>2026-03-13T12:21:15Z</time></trkpt><trkpt lat="46.074532" lon="7.337665"><ele>2799.0</ele><time>2026-03-13T12:21:17Z</time></trkpt><trkpt lat="46.074587" lon="7.337735"><ele>2798.4</ele><time>2026-03-13T12:21:18Z</time></trkpt><trkpt lat="46.074642" lon="7.337802"><ele>2797.4</ele><time>2026-03-13T12:21:19Z</time></trkpt><trkpt lat="46.074702" lon="7.337867"><ele>2796.4</ele><time>2026-03-13T12:21:20Z</time></trkpt><trkpt lat="46.074765" lon="7.337937"><ele>2795.6</ele><time>2026-03-13T12:21:21Z</time></trkpt><trkpt lat="46.074822" lon="7.33801"><ele>2794.6</ele><time>2026-03-13T12:21:22Z</time></trkpt><trkpt lat="46.07487" lon="7.338082"><ele>2793.8</ele><time>2026-03-13T12:21:23Z</time></trkpt><trkpt lat="46.074907" lon="7.338157"><ele>2793.0</ele><time>2026-03-13T12:21:24Z</time></trkpt><trkpt lat="46.074937" lon="7.33823"><ele>2791.8</ele><time>2026-03-13T12:21:25Z</time></trkpt><trkpt lat="46.07497" lon="7.338307"><ele>2790.8</ele><time>2026-03-13T12:21:26Z</time></trkpt><trkpt lat="46.075032" lon="7.338385"><ele>2789.8</ele><time>2026-03-13T12:21:27Z</time></trkpt><trkpt lat="46.075095" lon="7.338467"><ele>2788.8</ele><time>2026-03-13T12:21:28Z</time></trkpt><trkpt lat="46.075165" lon="7.338535"><ele>2787.8</ele><time>2026-03-13T12:21:29Z</time></trkpt><trkpt lat="46.075227" lon="7.33859"><ele>2786.2</ele><time>2026-03-13T12:21:30Z</time></trkpt><trkpt lat="46.075282" lon="7.33864"><ele>2784.4</ele><time>2026-03-13T12:21:31Z</time></trkpt><trkpt lat="46.075342" lon="7.33869"><ele>2782.8</ele><time>2026-03-13T12:21:32Z</time></trkpt><trkpt lat="46.07541" lon="7.33875"><ele>2781.4</ele><time>2026-03-13T12:21:33Z</time></trkpt><trkpt lat="46.075482" lon="7.338817"><ele>2780.4</ele><time>2026-03-13T12:21:34Z</time></trkpt><trkpt lat="46.07555" lon="7.33889"><ele>2779.2</ele><time>2026-03-13T12:21:35Z</time></trkpt><trkpt lat="46.075612" lon="7.338957"><ele>2778.0</ele><time>2026-03-13T12:21:36Z</time></trkpt><trkpt lat="46.075667" lon="7.339017"><ele>2776.6</ele><time>2026-03-13T12:21:37Z</time></trkpt><trkpt lat="46.075712" lon="7.339063"><ele>2775.4</ele><time>2026-03-13T12:21:38Z</time></trkpt><trkpt lat="46.075747" lon="7.339102"><ele>2774.2</ele><time>2026-03-13T12:21:39Z</time></trkpt><trkpt lat="46.075772" lon="7.339127"><ele>2773.2</ele><time>2026-03-13T12:21:40Z</time></trkpt><trkpt lat="46.075787" lon="7.339132"><ele>2770.0</ele><time>2026-03-13T12:22:21Z</time></trkpt><trkpt lat="46.075787" lon="7.339127"><ele>2772.6</ele><time>2026-03-13T12:25:53Z</time></trkpt><trkpt lat="46.075785" lon="7.339107"><ele>2774.0</ele><time>2026-03-13T12:32:03Z</time></trkpt><trkpt lat="46.075802" lon="7.33913"><ele>2773.8</ele><time>2026-03-13T12:32:29Z</time></trkpt><trkpt lat="46.07582" lon="7.339147"><ele>2774.2</ele><time>2026-03-13T12:33:05Z</time></trkpt><trkpt lat="46.075837" lon="7.339172"><ele>2774.6</ele><time>2026-03-13T12:33:17Z</time></trkpt><trkpt lat="46.07585" lon="7.339187"><ele>2774.6</ele><time>2026-03-13T12:33:21Z</time></trkpt><trkpt lat="46.075862" lon="7.339207"><ele>2774.8</ele><time>2026-03-13T12:33:25Z</time></trkpt><trkpt lat="46.075875" lon="7.33923"><ele>2775.0</ele><time>2026-03-13T12:33:29Z</time></trkpt><trkpt lat="46.075892" lon="7.339257"><ele>2775.4</ele><time>2026-03-13T12:33:35Z</time></trkpt><trkpt lat="46.075905" lon="7.339287"><ele>2775.6</ele><time>2026-03-13T12:33:39Z</time></trkpt><trkpt lat="46.075915" lon="7.339307"><ele>2776.2</ele><time>2026-03-13T12:33:45Z</time></trkpt><trkpt lat="46.075925" lon="7.339327"><ele>2776.4</ele><time>2026-03-13T12:33:48Z</time></trkpt><trkpt lat="46.075935" lon="7.339357"><ele>2776.6</ele><time>2026-03-13T12:33:52Z</time></trkpt><trkpt lat="46.07595" lon="7.339372"><ele>2777.0</ele><time>2026-03-13T12:33:56Z</time></trkpt><trkpt lat="46.075967" lon="7.339402"><ele>2777.6</ele><time>2026-03-13T12:34:00Z</time></trkpt><trkpt lat="46.075987" lon="7.339427"><ele>2778.0</ele><time>2026-03-13T12:34:04Z</time></trkpt><trkpt lat="46.075997" lon="7.339442"><ele>2778.0</ele><time>2026-03-13T12:34:06Z</time></trkpt><trkpt lat="46.076015" lon="7.339475"><ele>2778.2</ele><time>2026-03-13T12:34:10Z</time></trkpt><trkpt lat="46.076022" lon="7.339492"><ele>2778.4</ele><time>2026-03-13T12:34:12Z</time></trkpt><trkpt lat="46.076042" lon="7.339532"><ele>2779.0</ele><time>2026-03-13T12:34:16Z</time></trkpt><trkpt lat="46.07605" lon="7.339552"><ele>2779.2</ele><time>2026-03-13T12:34:18Z</time></trkpt><trkpt lat="46.076067" lon="7.339587"><ele>2779.2</ele><time>2026-03-13T12:34:21Z</time></trkpt><trkpt lat="46.076082" lon="7.339622"><ele>2779.6</ele><time>2026-03-13T12:34:24Z</time></trkpt><trkpt lat="46.076087" lon="7.339635"><ele>2779.6</ele><time>2026-03-13T12:34:25Z</time></trkpt><trkpt lat="46.0761" lon="7.339655"><ele>2779.6</ele><time>2026-03-13T12:34:27Z</time></trkpt><trkpt lat="46.076117" lon="7.339692"><ele>2779.8</ele><time>2026-03-13T12:34:30Z</time></trkpt><trkpt lat="46.076127" lon="7.339715"><ele>2780.0</ele><time>2026-03-13T12:34:32Z</time></trkpt><trkpt lat="46.076142" lon="7.339732"><ele>2780.0</ele><time>2026-03-13T12:34:34Z</time></trkpt><trkpt lat="46.076152" lon="7.339752"><ele>2780.2</ele><time>2026-03-13T12:34:36Z</time></trkpt><trkpt lat="46.076167" lon="7.339772"><ele>2780.2</ele><time>2026-03-13T12:34:38Z</time></trkpt><trkpt lat="46.076182" lon="7.339785"><ele>2780.2</ele><time>2026-03-13T12:34:40Z</time></trkpt><trkpt lat="46.076205" lon="7.339802"><ele>2780.2</ele><time>2026-03-13T12:34:43Z</time></trkpt><trkpt lat="46.076222" lon="7.339812"><ele>2780.2</ele><time>2026-03-13T12:34:45Z</time></trkpt><trkpt lat="46.076242" lon="7.339827"><ele>2780.2</ele><time>2026-03-13T12:34:48Z</time></trkpt><trkpt lat="46.076267" lon="7.339845"><ele>2780.4</ele><time>2026-03-13T12:34:52Z</time></trkpt><trkpt lat="46.07629" lon="7.33986"><ele>2780.6</ele><time>2026-03-13T12:34:58Z</time></trkpt><trkpt lat="46.07631" lon="7.33987"><ele>2780.4</ele><time>2026-03-13T12:35:00Z</time></trkpt><trkpt lat="46.076327" lon="7.339882"><ele>2780.0</ele><time>2026-03-13T12:35:02Z</time></trkpt><trkpt lat="46.076357" lon="7.339895"><ele>2779.8</ele><time>2026-03-13T12:35:06Z</time></trkpt><trkpt lat="46.076377" lon="7.339902"><ele>2779.8</ele><time>2026-03-13T12:35:08Z</time></trkpt><trkpt lat="46.076392" lon="7.339915"><ele>2779.8</ele><time>2026-03-13T12:35:10Z</time></trkpt><trkpt lat="46.076412" lon="7.33993"><ele>2779.8</ele><time>2026-03-13T12:35:12Z</time></trkpt><trkpt lat="46.076433" lon="7.339945"><ele>2779.6</ele><time>2026-03-13T12:35:14Z</time></trkpt><trkpt lat="46.076457" lon="7.339957"><ele>2779.4</ele><time>2026-03-13T12:35:16Z</time></trkpt><trkpt lat="46.076475" lon="7.339972"><ele>2779.2</ele><time>2026-03-13T12:35:18Z</time></trkpt><trkpt lat="46.076502" lon="7.340002"><ele>2779.4</ele><time>2026-03-13T12:35:24Z</time></trkpt><trkpt lat="46.076512" lon="7.340017"><ele>2779.4</ele><time>2026-03-13T12:35:26Z</time></trkpt><trkpt lat="46.07653" lon="7.340027"><ele>2779.2</ele><time>2026-03-13T12:35:28Z</time></trkpt><trkpt lat="46.07656" lon="7.340032"><ele>2779.0</ele><time>2026-03-13T12:35:32Z</time></trkpt><trkpt lat="46.076573" lon="7.340032"><ele>2779.0</ele><time>2026-03-13T12:35:34Z</time></trkpt><trkpt lat="46.0766" lon="7.340035"><ele>2779.0</ele><time>2026-03-13T12:35:37Z</time></trkpt><trkpt lat="46.07662" lon="7.340037"><ele>2778.8</ele><time>2026-03-13T12:35:40Z</time></trkpt><trkpt lat="46.076647" lon="7.340047"><ele>2779.0</ele><time>2026-03-13T12:35:44Z</time></trkpt><trkpt lat="46.076665" lon="7.340052"><ele>2779.2</ele><time>2026-03-13T12:35:46Z</time></trkpt><trkpt lat="46.07669" lon="7.340062"><ele>2779.2</ele><time>2026-03-13T12:35:49Z</time></trkpt><trkpt lat="46.07671" lon="7.340072"><ele>2779.2</ele><time>2026-03-13T12:35:52Z</time></trkpt><trkpt lat="46.076732" lon="7.340082"><ele>2779.0</ele><time>2026-03-13T12:35:55Z</time></trkpt><trkpt lat="46.076752" lon="7.34009"><ele>2779.0</ele><time>2026-03-13T12:35:58Z</time></trkpt><trkpt lat="46.076777" lon="7.340107"><ele>2779.2</ele><time>2026-03-13T12:36:02Z</time></trkpt><trkpt lat="46.076797" lon="7.340117"><ele>2779.6</ele><time>2026-03-13T12:36:06Z</time></trkpt><trkpt lat="46.076827" lon="7.340125"><ele>2780.0</ele><time>2026-03-13T12:36:11Z</time></trkpt><trkpt lat="46.076837" lon="7.340135"><ele>2780.2</ele><time>2026-03-13T12:36:13Z</time></trkpt><trkpt lat="46.076857" lon="7.340143"><ele>2780.6</ele><time>2026-03-13T12:36:17Z</time></trkpt><trkpt lat="46.076872" lon="7.340155"><ele>2781.0</ele><time>2026-03-13T12:36:21Z</time></trkpt><trkpt lat="46.076892" lon="7.340167"><ele>2781.4</ele><time>2026-03-13T12:36:25Z</time></trkpt><trkpt lat="46.076912" lon="7.34018"><ele>2781.8</ele><time>2026-03-13T12:36:29Z</time></trkpt><trkpt lat="46.07693" lon="7.340192"><ele>2782.4</ele><time>2026-03-13T12:36:33Z</time></trkpt><trkpt lat="46.076947" lon="7.340202"><ele>2783.0</ele><time>2026-03-13T12:36:38Z</time></trkpt><trkpt lat="46.076967" lon="7.340215"><ele>2783.2</ele><time>2026-03-13T12:36:43Z</time></trkpt><trkpt lat="46.076987" lon="7.340227"><ele>2783.2</ele><time>2026-03-13T12:36:47Z</time></trkpt><trkpt lat="46.077007" lon="7.340242"><ele>2783.4</ele><time>2026-03-13T12:36:51Z</time></trkpt><trkpt lat="46.077027" lon="7.340257"><ele>2783.8</ele><time>2026-03-13T12:36:55Z</time></trkpt><trkpt lat="46.077042" lon="7.340267"><ele>2784.4</ele><time>2026-03-13T12:36:59Z</time></trkpt><trkpt lat="46.077062" lon="7.340277"><ele>2784.6</ele><time>2026-03-13T12:37:03Z</time></trkpt><trkpt lat="46.077077" lon="7.340292"><ele>2785.2</ele><time>2026-03-13T12:37:09Z</time></trkpt><trkpt lat="46.0771" lon="7.340302"><ele>2785.6</ele><time>2026-03-13T12:37:13Z</time></trkpt><trkpt lat="46.07712" lon="7.340317"><ele>2786.0</ele><time>2026-03-13T12:37:17Z</time></trkpt><trkpt lat="46.077137" lon="7.340327"><ele>2786.4</ele><time>2026-03-13T12:37:20Z</time></trkpt><trkpt lat="46.077157" lon="7.340337"><ele>2786.8</ele><time>2026-03-13T12:37:24Z</time></trkpt><trkpt lat="46.077175" lon="7.340352"><ele>2787.2</ele><time>2026-03-13T12:37:28Z</time></trkpt><trkpt lat="46.077192" lon="7.340362"><ele>2787.6</ele><time>2026-03-13T12:37:32Z</time></trkpt><trkpt lat="46.07721" lon="7.340375"><ele>2787.8</ele><time>2026-03-13T12:37:35Z</time></trkpt><trkpt lat="46.077232" lon="7.340387"><ele>2788.0</ele><time>2026-03-13T12:37:39Z</time></trkpt><trkpt lat="46.077247" lon="7.340397"><ele>2788.2</ele><time>2026-03-13T12:37:42Z</time></trkpt><trkpt lat="46.077267" lon="7.340412"><ele>2788.8</ele><time>2026-03-13T12:37:46Z</time></trkpt><trkpt lat="46.077287" lon="7.340422"><ele>2789.2</ele><time>2026-03-13T12:37:50Z</time></trkpt><trkpt lat="46.077307" lon="7.340437"><ele>2789.4</ele><time>2026-03-13T12:37:54Z</time></trkpt><trkpt lat="46.077322" lon="7.340452"><ele>2789.8</ele><time>2026-03-13T12:37:58Z</time></trkpt><trkpt lat="46.077342" lon="7.34047"><ele>2790.4</ele><time>2026-03-13T12:38:02Z</time></trkpt><trkpt lat="46.077362" lon="7.340482"><ele>2790.8</ele><time>2026-03-13T12:38:06Z</time></trkpt><trkpt lat="46.077382" lon="7.340493"><ele>2791.4</ele><time>2026-03-13T12:38:10Z</time></trkpt><trkpt lat="46.0774" lon="7.340512"><ele>2791.6</ele><time>2026-03-13T12:38:14Z</time></trkpt><trkpt lat="46.077417" lon="7.340532"><ele>2791.8</ele><time>2026-03-13T12:38:18Z</time></trkpt><trkpt lat="46.077432" lon="7.340552"><ele>2792.4</ele><time>2026-03-13T12:38:22Z</time></trkpt><trkpt lat="46.077445" lon="7.340575"><ele>2792.6</ele><time>2026-03-13T12:38:26Z</time></trkpt><trkpt lat="46.077455" lon="7.3406"><ele>2792.8</ele><time>2026-03-13T12:38:31Z</time></trkpt><trkpt lat="46.077462" lon="7.340622"><ele>2793.2</ele><time>2026-03-13T12:38:35Z</time></trkpt><trkpt lat="46.077472" lon="7.340655"><ele>2793.8</ele><time>2026-03-13T12:38:39Z</time></trkpt><trkpt lat="46.077482" lon="7.340682"><ele>2794.2</ele><time>2026-03-13T12:38:43Z</time></trkpt><trkpt lat="46.077487" lon="7.340712"><ele>2794.6</ele><time>2026-03-13T12:38:47Z</time></trkpt><trkpt lat="46.077497" lon="7.340742"><ele>2795.0</ele><time>2026-03-13T12:38:51Z</time></trkpt><trkpt lat="46.077502" lon="7.340767"><ele>2795.4</ele><time>2026-03-13T12:38:55Z</time></trkpt><trkpt lat="46.077512" lon="7.340795"><ele>2795.6</ele><time>2026-03-13T12:38:59Z</time></trkpt><trkpt lat="46.077522" lon="7.340822"><ele>2796.2</ele><time>2026-03-13T12:39:03Z</time></trkpt><trkpt lat="46.077532" lon="7.340852"><ele>2796.6</ele><time>2026-03-13T12:39:07Z</time></trkpt><trkpt lat="46.077542" lon="7.340882"><ele>2797.0</ele><time>2026-03-13T12:39:11Z</time></trkpt><trkpt lat="46.07755" lon="7.340907"><ele>2797.4</ele><time>2026-03-13T12:39:15Z</time></trkpt><trkpt lat="46.077557" lon="7.340932"><ele>2797.6</ele><time>2026-03-13T12:39:18Z</time></trkpt><trkpt lat="46.077567" lon="7.340962"><ele>2798.0</ele><time>2026-03-13T12:39:22Z</time></trkpt><trkpt lat="46.077575" lon="7.340992"><ele>2798.4</ele><time>2026-03-13T12:39:26Z</time></trkpt><trkpt lat="46.07758" lon="7.34102"><ele>2798.6</ele><time>2026-03-13T12:39:29Z</time></trkpt><trkpt lat="46.077587" lon="7.341055"><ele>2799.0</ele><time>2026-03-13T12:39:33Z</time></trkpt><trkpt lat="46.077592" lon="7.34108"><ele>2799.2</ele><time>2026-03-13T12:39:36Z</time></trkpt><trkpt lat="46.077602" lon="7.341112"><ele>2799.2</ele><time>2026-03-13T12:39:39Z</time></trkpt><trkpt lat="46.077607" lon="7.341137"><ele>2799.6</ele><time>2026-03-13T12:39:42Z</time></trkpt><trkpt lat="46.077617" lon="7.341157"><ele>2800.0</ele><time>2026-03-13T12:39:45Z</time></trkpt><trkpt lat="46.077622" lon="7.341187"><ele>2800.0</ele><time>2026-03-13T12:39:48Z</time></trkpt><trkpt lat="46.077632" lon="7.341217"><ele>2800.2</ele><time>2026-03-13T12:39:51Z</time></trkpt><trkpt lat="46.077642" lon="7.341257"><ele>2800.4</ele><time>2026-03-13T12:39:55Z</time></trkpt><trkpt lat="46.077643" lon="7.341272"><ele>2800.6</ele><time>2026-03-13T12:39:57Z</time></trkpt><trkpt lat="46.077655" lon="7.341317"><ele>2800.8</ele><time>2026-03-13T12:40:01Z</time></trkpt><trkpt lat="46.077662" lon="7.341342"><ele>2801.0</ele><time>2026-03-13T12:40:03Z</time></trkpt><trkpt lat="46.077667" lon="7.341375"><ele>2801.2</ele><time>2026-03-13T12:40:06Z</time></trkpt><trkpt lat="46.077672" lon="7.341402"><ele>2801.2</ele><time>2026-03-13T12:40:08Z</time></trkpt><trkpt lat="46.077677" lon="7.341427"><ele>2801.2</ele><time>2026-03-13T12:40:10Z</time></trkpt><trkpt lat="46.07768" lon="7.341455"><ele>2801.2</ele><time>2026-03-13T12:40:12Z</time></trkpt><trkpt lat="46.077682" lon="7.341482"><ele>2801.2</ele><time>2026-03-13T12:40:14Z</time></trkpt><trkpt lat="46.077687" lon="7.341517"><ele>2801.2</ele><time>2026-03-13T12:40:17Z</time></trkpt><trkpt lat="46.077687" lon="7.341562"><ele>2801.2</ele><time>2026-03-13T12:40:21Z</time></trkpt><trkpt lat="46.077687" lon="7.341587"><ele>2801.2</ele><time>2026-03-13T12:40:23Z</time></trkpt><trkpt lat="46.077692" lon="7.341617"><ele>2801.4</ele><time>2026-03-13T12:40:26Z</time></trkpt><trkpt lat="46.077697" lon="7.341645"><ele>2801.6</ele><time>2026-03-13T12:40:29Z</time></trkpt><trkpt lat="46.0777" lon="7.341677"><ele>2801.8</ele><time>2026-03-13T12:40:32Z</time></trkpt><trkpt lat="46.077707" lon="7.34171"><ele>2802.0</ele><time>2026-03-13T12:40:35Z</time></trkpt><trkpt lat="46.07771" lon="7.341737"><ele>2802.4</ele><time>2026-03-13T12:40:38Z</time></trkpt><trkpt lat="46.077712" lon="7.341772"><ele>2802.4</ele><time>2026-03-13T12:40:41Z</time></trkpt><trkpt lat="46.077702" lon="7.341815"><ele>2802.4</ele><time>2026-03-13T12:40:45Z</time></trkpt><trkpt lat="46.077692" lon="7.341835"><ele>2802.6</ele><time>2026-03-13T12:40:47Z</time></trkpt><trkpt lat="46.077682" lon="7.341872"><ele>2802.8</ele><time>2026-03-13T12:40:51Z</time></trkpt><trkpt lat="46.077672" lon="7.341892"><ele>2802.8</ele><time>2026-03-13T12:40:53Z</time></trkpt><trkpt lat="46.07766" lon="7.34193"><ele>2803.2</ele><time>2026-03-13T12:40:57Z</time></trkpt><trkpt lat="46.077655" lon="7.341947"><ele>2803.0</ele><time>2026-03-13T12:40:59Z</time></trkpt><trkpt lat="46.077643" lon="7.34198"><ele>2803.2</ele><time>2026-03-13T12:41:02Z</time></trkpt><trkpt lat="46.077637" lon="7.342012"><ele>2803.2</ele><time>2026-03-13T12:41:05Z</time></trkpt><trkpt lat="46.077627" lon="7.342042"><ele>2803.2</ele><time>2026-03-13T12:41:08Z</time></trkpt><trkpt lat="46.077617" lon="7.342072"><ele>2803.4</ele><time>2026-03-13T12:41:11Z</time></trkpt><trkpt lat="46.077605" lon="7.34211"><ele>2803.8</ele><time>2026-03-13T12:41:15Z</time></trkpt><trkpt lat="46.0776" lon="7.342132"><ele>2804.0</ele><time>2026-03-13T12:41:17Z</time></trkpt><trkpt lat="46.077587" lon="7.342177"><ele>2803.8</ele><time>2026-03-13T12:41:21Z</time></trkpt><trkpt lat="46.077582" lon="7.342192"><ele>2803.8</ele><time>2026-03-13T12:41:23Z</time></trkpt><trkpt lat="46.077572" lon="7.342227"><ele>2803.8</ele><time>2026-03-13T12:41:27Z</time></trkpt><trkpt lat="46.077567" lon="7.342247"><ele>2803.8</ele><time>2026-03-13T12:41:29Z</time></trkpt><trkpt lat="46.077565" lon="7.342277"><ele>2804.2</ele><time>2026-03-13T12:41:32Z</time></trkpt><trkpt lat="46.077562" lon="7.34231"><ele>2804.6</ele><time>2026-03-13T12:41:36Z</time></trkpt><trkpt lat="46.077558" lon="7.342337"><ele>2805.0</ele><time>2026-03-13T12:41:40Z</time></trkpt><trkpt lat="46.077565" lon="7.342377"><ele>2805.4</ele><time>2026-03-13T12:41:45Z</time></trkpt><trkpt lat="46.077567" lon="7.342392"><ele>2805.6</ele><time>2026-03-13T12:41:48Z</time></trkpt><trkpt lat="46.077572" lon="7.342417"><ele>2806.0</ele><time>2026-03-13T12:41:51Z</time></trkpt><trkpt lat="46.077577" lon="7.342452"><ele>2806.8</ele><time>2026-03-13T12:41:57Z</time></trkpt><trkpt lat="46.077585" lon="7.342475"><ele>2807.2</ele><time>2026-03-13T12:42:01Z</time></trkpt><trkpt lat="46.077592" lon="7.342495"><ele>2807.8</ele><time>2026-03-13T12:42:05Z</time></trkpt><trkpt lat="46.077602" lon="7.34253"><ele>2808.4</ele><time>2026-03-13T12:42:10Z</time></trkpt><trkpt lat="46.07761" lon="7.342558"><ele>2809.0</ele><time>2026-03-13T12:42:15Z</time></trkpt><trkpt lat="46.077617" lon="7.342582"><ele>2809.4</ele><time>2026-03-13T12:42:19Z</time></trkpt><trkpt lat="46.077627" lon="7.34261"><ele>2809.8</ele><time>2026-03-13T12:42:23Z</time></trkpt><trkpt lat="46.077635" lon="7.342637"><ele>2810.2</ele><time>2026-03-13T12:42:27Z</time></trkpt><trkpt lat="46.077647" lon="7.342667"><ele>2810.8</ele><time>2026-03-13T12:42:31Z</time></trkpt><trkpt lat="46.077657" lon="7.342692"><ele>2811.2</ele><time>2026-03-13T12:42:35Z</time></trkpt><trkpt lat="46.077662" lon="7.342715"><ele>2813.4</ele><time>2026-03-13T12:43:06Z</time></trkpt><trkpt lat="46.077672" lon="7.342762"><ele>2813.6</ele><time>2026-03-13T12:43:08Z</time></trkpt><trkpt lat="46.077677" lon="7.342787"><ele>2813.6</ele><time>2026-03-13T12:43:09Z</time></trkpt><trkpt lat="46.077682" lon="7.342815"><ele>2813.8</ele><time>2026-03-13T12:43:10Z</time></trkpt><trkpt lat="46.077685" lon="7.342857"><ele>2814.2</ele><time>2026-03-13T12:43:13Z</time></trkpt><trkpt lat="46.077687" lon="7.342875"><ele>2814.4</ele><time>2026-03-13T12:43:15Z</time></trkpt><trkpt lat="46.077687" lon="7.342907"><ele>2815.8</ele><time>2026-03-13T12:43:23Z</time></trkpt><trkpt lat="46.077687" lon="7.342927"><ele>2816.0</ele><time>2026-03-13T12:43:25Z</time></trkpt><trkpt lat="46.077685" lon="7.342955"><ele>2816.2</ele><time>2026-03-13T12:43:28Z</time></trkpt><trkpt lat="46.077682" lon="7.342985"><ele>2816.8</ele><time>2026-03-13T12:43:32Z</time></trkpt><trkpt lat="46.077675" lon="7.343015"><ele>2817.0</ele><time>2026-03-13T12:43:37Z</time></trkpt><trkpt lat="46.077667" lon="7.343037"><ele>2817.4</ele><time>2026-03-13T12:43:40Z</time></trkpt><trkpt lat="46.077657" lon="7.343067"><ele>2818.0</ele><time>2026-03-13T12:43:44Z</time></trkpt><trkpt lat="46.07765" lon="7.343102"><ele>2818.4</ele><time>2026-03-13T12:43:49Z</time></trkpt><trkpt lat="46.077642" lon="7.34313"><ele>2819.0</ele><time>2026-03-13T12:43:53Z</time></trkpt><trkpt lat="46.077635" lon="7.343145"><ele>2819.4</ele><time>2026-03-13T12:43:55Z</time></trkpt><trkpt lat="46.077627" lon="7.34317"><ele>2819.8</ele><time>2026-03-13T12:43:59Z</time></trkpt><trkpt lat="46.077617" lon="7.343192"><ele>2820.4</ele><time>2026-03-13T12:44:04Z</time></trkpt><trkpt lat="46.077602" lon="7.343237"><ele>2821.0</ele><time>2026-03-13T12:45:27Z</time></trkpt><trkpt lat="46.077595" lon="7.343257"><ele>2821.2</ele><time>2026-03-13T12:45:29Z</time></trkpt><trkpt lat="46.077587" lon="7.343275"><ele>2821.4</ele><time>2026-03-13T12:45:31Z</time></trkpt><trkpt lat="46.077577" lon="7.343302"><ele>2822.0</ele><time>2026-03-13T12:45:35Z</time></trkpt><trkpt lat="46.077567" lon="7.343337"><ele>2822.8</ele><time>2026-03-13T12:45:41Z</time></trkpt><trkpt lat="46.077557" lon="7.343352"><ele>2823.2</ele><time>2026-03-13T12:45:45Z</time></trkpt><trkpt lat="46.077545" lon="7.343387"><ele>2823.8</ele><time>2026-03-13T12:45:51Z</time></trkpt><trkpt lat="46.077532" lon="7.343405"><ele>2824.4</ele><time>2026-03-13T12:45:54Z</time></trkpt><trkpt lat="46.077517" lon="7.34343"><ele>2826.2</ele><time>2026-03-13T12:46:23Z</time></trkpt><trkpt lat="46.07751" lon="7.343452"><ele>2826.4</ele><time>2026-03-13T12:46:24Z</time></trkpt><trkpt lat="46.0775" lon="7.343477"><ele>2826.6</ele><time>2026-03-13T12:46:25Z</time></trkpt><trkpt lat="46.077485" lon="7.343515"><ele>2826.6</ele><time>2026-03-13T12:46:27Z</time></trkpt><trkpt lat="46.077477" lon="7.343537"><ele>2826.8</ele><time>2026-03-13T12:46:29Z</time></trkpt><trkpt lat="46.077472" lon="7.343552"><ele>2826.8</ele><time>2026-03-13T12:46:31Z</time></trkpt><trkpt lat="46.077462" lon="7.343587"><ele>2827.4</ele><time>2026-03-13T12:46:35Z</time></trkpt><trkpt lat="46.077455" lon="7.343602"><ele>2827.4</ele><time>2026-03-13T12:46:37Z</time></trkpt><trkpt lat="46.077447" lon="7.343635"><ele>2827.8</ele><time>2026-03-13T12:46:43Z</time></trkpt><trkpt lat="46.077437" lon="7.343655"><ele>2828.2</ele><time>2026-03-13T12:46:47Z</time></trkpt><trkpt lat="46.07743" lon="7.343685"><ele>2828.4</ele><time>2026-03-13T12:46:51Z</time></trkpt><trkpt lat="46.077425" lon="7.343712"><ele>2828.8</ele><time>2026-03-13T12:46:55Z</time></trkpt><trkpt lat="46.077417" lon="7.343732"><ele>2829.4</ele><time>2026-03-13T12:46:59Z</time></trkpt><trkpt lat="46.077417" lon="7.34376"><ele>2829.4</ele><time>2026-03-13T12:47:55Z</time></trkpt><trkpt lat="46.077417" lon="7.34379"><ele>2829.6</ele><time>2026-03-13T12:47:57Z</time></trkpt><trkpt lat="46.077417" lon="7.343835"><ele>2830.2</ele><time>2026-03-13T12:48:01Z</time></trkpt><trkpt lat="46.077417" lon="7.34387"><ele>2830.6</ele><time>2026-03-13T12:48:05Z</time></trkpt><trkpt lat="46.077417" lon="7.343907"><ele>2831.4</ele><time>2026-03-13T12:48:09Z</time></trkpt><trkpt lat="46.077412" lon="7.343932"><ele>2832.0</ele><time>2026-03-13T12:48:13Z</time></trkpt><trkpt lat="46.07741" lon="7.343957"><ele>2832.6</ele><time>2026-03-13T12:48:17Z</time></trkpt><trkpt lat="46.07741" lon="7.343987"><ele>2833.2</ele><time>2026-03-13T12:48:20Z</time></trkpt><trkpt lat="46.077412" lon="7.344017"><ele>2834.0</ele><time>2026-03-13T12:48:25Z</time></trkpt><trkpt lat="46.077412" lon="7.344045"><ele>2834.8</ele><time>2026-03-13T12:48:29Z</time></trkpt><trkpt lat="46.077412" lon="7.344072"><ele>2835.2</ele><time>2026-03-13T12:48:33Z</time></trkpt><trkpt lat="46.077412" lon="7.344107"><ele>2835.8</ele><time>2026-03-13T12:48:37Z</time></trkpt><trkpt lat="46.07741" lon="7.34413"><ele>2836.2</ele><time>2026-03-13T12:48:40Z</time></trkpt><trkpt lat="46.077402" lon="7.34416"><ele>2837.0</ele><time>2026-03-13T12:48:45Z</time></trkpt><trkpt lat="46.077392" lon="7.344187"><ele>2837.4</ele><time>2026-03-13T12:48:49Z</time></trkpt><trkpt lat="46.077375" lon="7.344207"><ele>2837.8</ele><time>2026-03-13T12:48:53Z</time></trkpt><trkpt lat="46.077355" lon="7.344217"><ele>2838.4</ele><time>2026-03-13T12:48:57Z</time></trkpt><trkpt lat="46.077337" lon="7.344232"><ele>2839.0</ele><time>2026-03-13T12:49:00Z</time></trkpt><trkpt lat="46.077322" lon="7.344247"><ele>2839.6</ele><time>2026-03-13T12:49:05Z</time></trkpt><trkpt lat="46.07731" lon="7.344277"><ele>2840.6</ele><time>2026-03-13T12:49:11Z</time></trkpt><trkpt lat="46.077302" lon="7.344302"><ele>2841.0</ele><time>2026-03-13T12:49:15Z</time></trkpt><trkpt lat="46.077292" lon="7.344317"><ele>2841.6</ele><time>2026-03-13T12:49:18Z</time></trkpt><trkpt lat="46.07728" lon="7.344337"><ele>2842.4</ele><time>2026-03-13T12:49:23Z</time></trkpt><trkpt lat="46.077267" lon="7.344362"><ele>2843.2</ele><time>2026-03-13T12:49:27Z</time></trkpt><trkpt lat="46.077257" lon="7.344387"><ele>2843.8</ele><time>2026-03-13T12:49:33Z</time></trkpt><trkpt lat="46.077252" lon="7.344407"><ele>2847.4</ele><time>2026-03-13T12:50:02Z</time></trkpt><trkpt lat="46.07725" lon="7.34444"><ele>2847.4</ele><time>2026-03-13T12:50:03Z</time></trkpt><trkpt lat="46.077245" lon="7.344482"><ele>2847.6</ele><time>2026-03-13T12:50:04Z</time></trkpt><trkpt lat="46.077242" lon="7.344522"><ele>2847.6</ele><time>2026-03-13T12:50:05Z</time></trkpt><trkpt lat="46.077235" lon="7.344582"><ele>2848.0</ele><time>2026-03-13T12:50:07Z</time></trkpt><trkpt lat="46.077235" lon="7.344607"><ele>2848.4</ele><time>2026-03-13T12:50:09Z</time></trkpt><trkpt lat="46.077235" lon="7.344627"><ele>2848.6</ele><time>2026-03-13T12:50:11Z</time></trkpt><trkpt lat="46.077235" lon="7.344657"><ele>2849.2</ele><time>2026-03-13T12:50:15Z</time></trkpt><trkpt lat="46.077237" lon="7.344687"><ele>2849.6</ele><time>2026-03-13T12:50:19Z</time></trkpt><trkpt lat="46.07724" lon="7.344718"><ele>2850.0</ele><time>2026-03-13T12:50:23Z</time></trkpt><trkpt lat="46.077242" lon="7.344747"><ele>2850.6</ele><time>2026-03-13T12:50:27Z</time></trkpt><trkpt lat="46.07724" lon="7.344777"><ele>2851.2</ele><time>2026-03-13T12:50:31Z</time></trkpt><trkpt lat="46.077245" lon="7.34481"><ele>2852.0</ele><time>2026-03-13T12:50:35Z</time></trkpt><trkpt lat="46.077247" lon="7.34483"><ele>2852.4</ele><time>2026-03-13T12:50:38Z</time></trkpt><trkpt lat="46.077252" lon="7.344862"><ele>2853.0</ele><time>2026-03-13T12:50:42Z</time></trkpt><trkpt lat="46.077257" lon="7.344887"><ele>2853.4</ele><time>2026-03-13T12:50:45Z</time></trkpt><trkpt lat="46.07727" lon="7.344925"><ele>2853.6</ele><time>2026-03-13T12:50:49Z</time></trkpt><trkpt lat="46.077272" lon="7.34494"><ele>2853.8</ele><time>2026-03-13T12:50:51Z</time></trkpt><trkpt lat="46.077282" lon="7.34497"><ele>2854.2</ele><time>2026-03-13T12:50:55Z</time></trkpt><trkpt lat="46.077287" lon="7.344997"><ele>2854.8</ele><time>2026-03-13T12:50:58Z</time></trkpt><trkpt lat="46.077297" lon="7.345027"><ele>2855.2</ele><time>2026-03-13T12:51:01Z</time></trkpt><trkpt lat="46.077305" lon="7.345052"><ele>2855.4</ele><time>2026-03-13T12:51:04Z</time></trkpt><trkpt lat="46.077317" lon="7.34508"><ele>2855.6</ele><time>2026-03-13T12:51:07Z</time></trkpt><trkpt lat="46.077327" lon="7.345102"><ele>2855.6</ele><time>2026-03-13T12:51:10Z</time></trkpt><trkpt lat="46.077337" lon="7.345125"><ele>2855.8</ele><time>2026-03-13T12:51:13Z</time></trkpt><trkpt lat="46.077347" lon="7.345145"><ele>2855.8</ele><time>2026-03-13T12:51:16Z</time></trkpt><trkpt lat="46.077362" lon="7.345175"><ele>2856.4</ele><time>2026-03-13T12:51:20Z</time></trkpt><trkpt lat="46.077375" lon="7.345207"><ele>2857.0</ele><time>2026-03-13T12:51:25Z</time></trkpt><trkpt lat="46.077387" lon="7.345227"><ele>2857.6</ele><time>2026-03-13T12:51:28Z</time></trkpt><trkpt lat="46.077402" lon="7.345257"><ele>2858.6</ele><time>2026-03-13T12:51:33Z</time></trkpt><trkpt lat="46.077412" lon="7.345282"><ele>2859.0</ele><time>2026-03-13T12:51:37Z</time></trkpt><trkpt lat="46.077422" lon="7.345305"><ele>2859.6</ele><time>2026-03-13T12:51:41Z</time></trkpt><trkpt lat="46.077432" lon="7.345322"><ele>2860.0</ele><time>2026-03-13T12:51:44Z</time></trkpt><trkpt lat="46.077442" lon="7.345342"><ele>2860.4</ele><time>2026-03-13T12:51:47Z</time></trkpt><trkpt lat="46.077457" lon="7.345362"><ele>2861.2</ele><time>2026-03-13T12:51:51Z</time></trkpt><trkpt lat="46.077467" lon="7.345382"><ele>2862.2</ele><time>2026-03-13T12:51:55Z</time></trkpt><trkpt lat="46.077487" lon="7.345412"><ele>2864.0</ele><time>2026-03-13T12:52:15Z</time></trkpt><trkpt lat="46.077505" lon="7.345445"><ele>2864.2</ele><time>2026-03-13T12:52:17Z</time></trkpt><trkpt lat="46.077512" lon="7.34546"><ele>2864.2</ele><time>2026-03-13T12:52:18Z</time></trkpt><trkpt lat="46.07752" lon="7.345492"><ele>2864.6</ele><time>2026-03-13T12:52:21Z</time></trkpt><trkpt lat="46.077517" lon="7.345527"><ele>2865.4</ele><time>2026-03-13T12:52:25Z</time></trkpt><trkpt lat="46.077507" lon="7.34556"><ele>2866.2</ele><time>2026-03-13T12:52:29Z</time></trkpt><trkpt lat="46.0775" lon="7.34558"><ele>2866.8</ele><time>2026-03-13T12:52:32Z</time></trkpt><trkpt lat="46.077492" lon="7.3456"><ele>2868.2</ele><time>2026-03-13T12:52:38Z</time></trkpt><trkpt lat="46.077482" lon="7.345637"><ele>2869.6</ele><time>2026-03-13T12:53:17Z</time></trkpt><trkpt lat="46.077475" lon="7.345672"><ele>2869.8</ele><time>2026-03-13T12:53:19Z</time></trkpt><trkpt lat="46.077467" lon="7.345702"><ele>2870.2</ele><time>2026-03-13T12:53:21Z</time></trkpt><trkpt lat="46.077462" lon="7.345722"><ele>2870.6</ele><time>2026-03-13T12:53:23Z</time></trkpt><trkpt lat="46.077457" lon="7.34575"><ele>2871.0</ele><time>2026-03-13T12:53:27Z</time></trkpt><trkpt lat="46.077452" lon="7.345782"><ele>2872.0</ele><time>2026-03-13T12:53:31Z</time></trkpt><trkpt lat="46.07745" lon="7.34581"><ele>2872.8</ele><time>2026-03-13T12:53:35Z</time></trkpt><trkpt lat="46.077442" lon="7.345857"><ele>2874.2</ele><time>2026-03-13T12:53:53Z</time></trkpt><trkpt lat="46.07744" lon="7.34588"><ele>2874.2</ele><time>2026-03-13T12:53:55Z</time></trkpt><trkpt lat="46.077437" lon="7.345917"><ele>2874.4</ele><time>2026-03-13T12:53:59Z</time></trkpt><trkpt lat="46.077432" lon="7.345942"><ele>2875.0</ele><time>2026-03-13T12:54:02Z</time></trkpt><trkpt lat="46.077427" lon="7.345982"><ele>2875.6</ele><time>2026-03-13T12:54:07Z</time></trkpt><trkpt lat="46.077425" lon="7.346002"><ele>2876.0</ele><time>2026-03-13T12:54:10Z</time></trkpt><trkpt lat="46.077418" lon="7.346032"><ele>2877.0</ele><time>2026-03-13T12:54:14Z</time></trkpt><trkpt lat="46.077417" lon="7.34606"><ele>2877.4</ele><time>2026-03-13T12:54:17Z</time></trkpt><trkpt lat="46.077412" lon="7.346085"><ele>2878.2</ele><time>2026-03-13T12:54:22Z</time></trkpt><trkpt lat="46.077407" lon="7.346095"><ele>2881.0</ele><time>2026-03-13T12:54:55Z</time></trkpt><trkpt lat="46.077407" lon="7.346152"><ele>2881.4</ele><time>2026-03-13T12:54:57Z</time></trkpt><trkpt lat="46.077407" lon="7.346187"><ele>2881.6</ele><time>2026-03-13T12:54:58Z</time></trkpt><trkpt lat="46.077407" lon="7.346215"><ele>2881.8</ele><time>2026-03-13T12:54:59Z</time></trkpt><trkpt lat="46.07741" lon="7.346247"><ele>2882.4</ele><time>2026-03-13T12:55:01Z</time></trkpt><trkpt lat="46.077422" lon="7.346272"><ele>2882.6</ele><time>2026-03-13T12:55:05Z</time></trkpt><trkpt lat="46.077437" lon="7.346295"><ele>2883.2</ele><time>2026-03-13T12:55:10Z</time></trkpt><trkpt lat="46.07746" lon="7.346307"><ele>2883.8</ele><time>2026-03-13T12:55:14Z</time></trkpt><trkpt lat="46.07748" lon="7.34632"><ele>2884.2</ele><time>2026-03-13T12:55:18Z</time></trkpt><trkpt lat="46.077497" lon="7.346327"><ele>2884.6</ele><time>2026-03-13T12:55:21Z</time></trkpt><trkpt lat="46.077517" lon="7.346342"><ele>2885.0</ele><time>2026-03-13T12:55:39Z</time></trkpt><trkpt lat="46.077542" lon="7.346352"><ele>2885.2</ele><time>2026-03-13T12:55:41Z</time></trkpt><trkpt lat="46.077567" lon="7.34636"><ele>2885.4</ele><time>2026-03-13T12:55:43Z</time></trkpt><trkpt lat="46.077585" lon="7.34637"><ele>2885.6</ele><time>2026-03-13T12:55:45Z</time></trkpt><trkpt lat="46.077605" lon="7.346392"><ele>2886.2</ele><time>2026-03-13T12:55:49Z</time></trkpt><trkpt lat="46.077612" lon="7.346417"><ele>2886.8</ele><time>2026-03-13T12:55:53Z</time></trkpt><trkpt lat="46.077617" lon="7.346452"><ele>2888.2</ele><time>2026-03-13T12:55:59Z</time></trkpt><trkpt lat="46.077622" lon="7.346477"><ele>2888.8</ele><time>2026-03-13T12:56:03Z</time></trkpt><trkpt lat="46.077627" lon="7.346502"><ele>2889.6</ele><time>2026-03-13T12:56:07Z</time></trkpt><trkpt lat="46.077627" lon="7.346528"><ele>2890.2</ele><time>2026-03-13T12:56:11Z</time></trkpt><trkpt lat="46.077627" lon="7.346557"><ele>2891.0</ele><time>2026-03-13T12:56:16Z</time></trkpt><trkpt lat="46.077632" lon="7.346597"><ele>2891.6</ele><time>2026-03-13T12:56:22Z</time></trkpt><trkpt lat="46.077637" lon="7.346627"><ele>2892.2</ele><time>2026-03-13T12:56:26Z</time></trkpt><trkpt lat="46.077642" lon="7.346645"><ele>2892.8</ele><time>2026-03-13T12:56:29Z</time></trkpt><trkpt lat="46.077652" lon="7.346667"><ele>2893.2</ele><time>2026-03-13T12:56:32Z</time></trkpt><trkpt lat="46.077662" lon="7.346702"><ele>2894.4</ele><time>2026-03-13T12:56:37Z</time></trkpt><trkpt lat="46.07767" lon="7.34672"><ele>2894.6</ele><time>2026-03-13T12:56:40Z</time></trkpt><trkpt lat="46.07768" lon="7.34674"><ele>2895.0</ele><time>2026-03-13T12:56:44Z</time></trkpt><trkpt lat="46.077692" lon="7.34677"><ele>2896.0</ele><time>2026-03-13T12:56:49Z</time></trkpt><trkpt lat="46.077702" lon="7.346782"><ele>2896.4</ele><time>2026-03-13T12:56:52Z</time></trkpt><trkpt lat="46.077713" lon="7.346805"><ele>2896.8</ele><time>2026-03-13T12:56:56Z</time></trkpt><trkpt lat="46.077727" lon="7.346827"><ele>2897.4</ele><time>2026-03-13T12:57:00Z</time></trkpt><trkpt lat="46.07774" lon="7.346847"><ele>2898.0</ele><time>2026-03-13T12:57:04Z</time></trkpt><trkpt lat="46.077757" lon="7.34687"><ele>2898.4</ele><time>2026-03-13T12:57:08Z</time></trkpt><trkpt lat="46.077772" lon="7.346892"><ele>2898.8</ele><time>2026-03-13T12:57:12Z</time></trkpt><trkpt lat="46.077785" lon="7.346912"><ele>2899.2</ele><time>2026-03-13T12:57:15Z</time></trkpt><trkpt lat="46.0778" lon="7.346942"><ele>2899.8</ele><time>2026-03-13T12:57:20Z</time></trkpt><trkpt lat="46.07781" lon="7.346962"><ele>2900.2</ele><time>2026-03-13T12:57:23Z</time></trkpt><trkpt lat="46.077822" lon="7.346987"><ele>2900.8</ele><time>2026-03-13T12:57:27Z</time></trkpt><trkpt lat="46.077835" lon="7.347012"><ele>2901.4</ele><time>2026-03-13T12:57:31Z</time></trkpt><trkpt lat="46.077845" lon="7.347035"><ele>2901.6</ele><time>2026-03-13T12:57:34Z</time></trkpt><trkpt lat="46.077862" lon="7.34707"><ele>2901.6</ele><time>2026-03-13T12:57:38Z</time></trkpt><trkpt lat="46.077868" lon="7.347085"><ele>2901.8</ele><time>2026-03-13T12:57:41Z</time></trkpt><trkpt lat="46.077885" lon="7.347112"><ele>2902.0</ele><time>2026-03-13T12:57:44Z</time></trkpt><trkpt lat="46.077902" lon="7.347142"><ele>2901.8</ele><time>2026-03-13T12:57:47Z</time></trkpt><trkpt lat="46.07792" lon="7.34716"><ele>2901.6</ele><time>2026-03-13T12:57:50Z</time></trkpt><trkpt lat="46.07793" lon="7.347182"><ele>2901.6</ele><time>2026-03-13T12:57:52Z</time></trkpt><trkpt lat="46.077942" lon="7.347202"><ele>2901.6</ele><time>2026-03-13T12:57:54Z</time></trkpt><trkpt lat="46.077955" lon="7.347227"><ele>2901.4</ele><time>2026-03-13T12:57:56Z</time></trkpt><trkpt lat="46.077967" lon="7.347255"><ele>2901.2</ele><time>2026-03-13T12:57:59Z</time></trkpt><trkpt lat="46.077982" lon="7.347282"><ele>2901.0</ele><time>2026-03-13T12:58:02Z</time></trkpt><trkpt lat="46.077995" lon="7.347307"><ele>2901.0</ele><time>2026-03-13T12:58:05Z</time></trkpt><trkpt lat="46.078007" lon="7.347327"><ele>2901.2</ele><time>2026-03-13T12:58:08Z</time></trkpt><trkpt lat="46.078022" lon="7.347345"><ele>2901.2</ele><time>2026-03-13T12:58:11Z</time></trkpt><trkpt lat="46.07804" lon="7.347372"><ele>2901.6</ele><time>2026-03-13T12:58:15Z</time></trkpt><trkpt lat="46.078057" lon="7.347402"><ele>2902.2</ele><time>2026-03-13T12:58:20Z</time></trkpt><trkpt lat="46.078067" lon="7.347415"><ele>2902.4</ele><time>2026-03-13T12:58:22Z</time></trkpt><trkpt lat="46.078082" lon="7.347442"><ele>2902.8</ele><time>2026-03-13T12:58:26Z</time></trkpt><trkpt lat="46.078097" lon="7.347465"><ele>2903.2</ele><time>2026-03-13T12:58:29Z</time></trkpt><trkpt lat="46.07811" lon="7.347482"><ele>2903.4</ele><time>2026-03-13T12:58:32Z</time></trkpt><trkpt lat="46.078125" lon="7.347507"><ele>2903.6</ele><time>2026-03-13T12:58:35Z</time></trkpt><trkpt lat="46.078137" lon="7.34753"><ele>2903.8</ele><time>2026-03-13T12:58:38Z</time></trkpt><trkpt lat="46.078162" lon="7.347562"><ele>2904.0</ele><time>2026-03-13T12:58:43Z</time></trkpt><trkpt lat="46.078175" lon="7.347582"><ele>2904.2</ele><time>2026-03-13T12:58:46Z</time></trkpt><trkpt lat="46.078192" lon="7.347602"><ele>2904.2</ele><time>2026-03-13T12:58:49Z</time></trkpt><trkpt lat="46.078207" lon="7.34762"><ele>2904.6</ele><time>2026-03-13T12:58:52Z</time></trkpt><trkpt lat="46.078222" lon="7.347635"><ele>2904.8</ele><time>2026-03-13T12:58:55Z</time></trkpt><trkpt lat="46.078237" lon="7.34765"><ele>2905.2</ele><time>2026-03-13T12:58:58Z</time></trkpt><trkpt lat="46.078257" lon="7.34767"><ele>2905.6</ele><time>2026-03-13T12:59:02Z</time></trkpt><trkpt lat="46.078282" lon="7.347687"><ele>2906.2</ele><time>2026-03-13T12:59:07Z</time></trkpt><trkpt lat="46.078297" lon="7.347702"><ele>2906.8</ele><time>2026-03-13T12:59:10Z</time></trkpt><trkpt lat="46.078312" lon="7.347717"><ele>2907.8</ele><time>2026-03-13T12:59:14Z</time></trkpt><trkpt lat="46.078327" lon="7.347752"><ele>2908.8</ele><time>2026-03-13T12:59:19Z</time></trkpt><trkpt lat="46.078335" lon="7.347768"><ele>2909.0</ele><time>2026-03-13T12:59:22Z</time></trkpt><trkpt lat="46.078347" lon="7.347792"><ele>2909.4</ele><time>2026-03-13T12:59:25Z</time></trkpt><trkpt lat="46.078357" lon="7.347815"><ele>2909.8</ele><time>2026-03-13T12:59:28Z</time></trkpt><trkpt lat="46.078367" lon="7.347842"><ele>2910.2</ele><time>2026-03-13T12:59:32Z</time></trkpt><trkpt lat="46.078387" lon="7.347867"><ele>2910.8</ele><time>2026-03-13T12:59:37Z</time></trkpt><trkpt lat="46.078397" lon="7.347887"><ele>2910.8</ele><time>2026-03-13T12:59:40Z</time></trkpt><trkpt lat="46.078407" lon="7.347915"><ele>2911.2</ele><time>2026-03-13T12:59:44Z</time></trkpt><trkpt lat="46.078422" lon="7.347942"><ele>2911.8</ele><time>2026-03-13T12:59:49Z</time></trkpt><trkpt lat="46.078432" lon="7.347962"><ele>2911.8</ele><time>2026-03-13T12:59:52Z</time></trkpt><trkpt lat="46.078447" lon="7.347982"><ele>2912.0</ele><time>2026-03-13T12:59:56Z</time></trkpt><trkpt lat="46.07846" lon="7.348005"><ele>2912.4</ele><time>2026-03-13T12:59:59Z</time></trkpt><trkpt lat="46.078477" lon="7.348037"><ele>2913.0</ele><time>2026-03-13T13:00:04Z</time></trkpt><trkpt lat="46.078487" lon="7.348062"><ele>2913.4</ele><time>2026-03-13T13:00:07Z</time></trkpt><trkpt lat="46.078502" lon="7.34809"><ele>2914.0</ele><time>2026-03-13T13:00:11Z</time></trkpt><trkpt lat="46.078512" lon="7.348118"><ele>2914.8</ele><time>2026-03-13T13:00:16Z</time></trkpt><trkpt lat="46.078522" lon="7.34814"><ele>2915.0</ele><time>2026-03-13T13:00:19Z</time></trkpt><trkpt lat="46.07853" lon="7.348167"><ele>2915.4</ele><time>2026-03-13T13:00:23Z</time></trkpt><trkpt lat="46.078542" lon="7.348202"><ele>2915.6</ele><time>2026-03-13T13:00:28Z</time></trkpt><trkpt lat="46.07855" lon="7.348227"><ele>2915.8</ele><time>2026-03-13T13:00:31Z</time></trkpt><trkpt lat="46.078557" lon="7.34826"><ele>2916.4</ele><time>2026-03-13T13:00:35Z</time></trkpt><trkpt lat="46.078567" lon="7.348282"><ele>2916.6</ele><time>2026-03-13T13:00:38Z</time></trkpt><trkpt lat="46.078577" lon="7.348312"><ele>2916.8</ele><time>2026-03-13T13:00:41Z</time></trkpt><trkpt lat="46.078585" lon="7.348335"><ele>2917.0</ele><time>2026-03-13T13:00:44Z</time></trkpt><trkpt lat="46.078597" lon="7.34837"><ele>2917.0</ele><time>2026-03-13T13:00:49Z</time></trkpt><trkpt lat="46.078607" lon="7.348392"><ele>2917.2</ele><time>2026-03-13T13:00:52Z</time></trkpt><trkpt lat="46.078617" lon="7.348427"><ele>2917.6</ele><time>2026-03-13T13:00:56Z</time></trkpt><trkpt lat="46.078627" lon="7.34845"><ele>2917.8</ele><time>2026-03-13T13:00:59Z</time></trkpt><trkpt lat="46.078637" lon="7.348475"><ele>2918.0</ele><time>2026-03-13T13:01:02Z</time></trkpt><trkpt lat="46.078647" lon="7.348497"><ele>2918.2</ele><time>2026-03-13T13:01:05Z</time></trkpt><trkpt lat="46.078662" lon="7.34853"><ele>2918.2</ele><time>2026-03-13T13:01:08Z</time></trkpt><trkpt lat="46.078677" lon="7.348555"><ele>2918.4</ele><time>2026-03-13T13:01:11Z</time></trkpt><trkpt lat="46.078687" lon="7.348577"><ele>2918.4</ele><time>2026-03-13T13:01:13Z</time></trkpt><trkpt lat="46.078698" lon="7.348597"><ele>2918.4</ele><time>2026-03-13T13:01:15Z</time></trkpt><trkpt lat="46.078717" lon="7.34863"><ele>2918.4</ele><time>2026-03-13T13:01:19Z</time></trkpt><trkpt lat="46.07873" lon="7.348652"><ele>2918.4</ele><time>2026-03-13T13:01:22Z</time></trkpt><trkpt lat="46.078735" lon="7.348662"><ele>2918.4</ele><time>2026-03-13T13:01:25Z</time></trkpt><trkpt lat="46.07876" lon="7.348707"><ele>2918.6</ele><time>2026-03-13T13:01:46Z</time></trkpt><trkpt lat="46.078767" lon="7.348722"><ele>2918.6</ele><time>2026-03-13T13:01:47Z</time></trkpt><trkpt lat="46.07878" lon="7.348747"><ele>2918.8</ele><time>2026-03-13T13:01:49Z</time></trkpt><trkpt lat="46.07879" lon="7.348772"><ele>2919.0</ele><time>2026-03-13T13:01:52Z</time></trkpt><trkpt lat="46.078802" lon="7.3488"><ele>2919.4</ele><time>2026-03-13T13:01:56Z</time></trkpt><trkpt lat="46.078817" lon="7.348825"><ele>2920.2</ele><time>2026-03-13T13:02:00Z</time></trkpt><trkpt lat="46.078827" lon="7.348852"><ele>2920.6</ele><time>2026-03-13T13:02:04Z</time></trkpt><trkpt lat="46.078837" lon="7.348882"><ele>2921.0</ele><time>2026-03-13T13:02:08Z</time></trkpt><trkpt lat="46.07884" lon="7.348907"><ele>2921.8</ele><time>2026-03-13T13:02:13Z</time></trkpt><trkpt lat="46.078842" lon="7.348937"><ele>2926.2</ele><time>2026-03-13T13:02:49Z</time></trkpt><trkpt lat="46.078847" lon="7.348967"><ele>2926.0</ele><time>2026-03-13T13:02:50Z</time></trkpt><trkpt lat="46.078857" lon="7.349047"><ele>2926.2</ele><time>2026-03-13T13:02:52Z</time></trkpt><trkpt lat="46.078862" lon="7.349082"><ele>2926.2</ele><time>2026-03-13T13:02:53Z</time></trkpt><trkpt lat="46.07887" lon="7.349122"><ele>2926.4</ele><time>2026-03-13T13:02:55Z</time></trkpt><trkpt lat="46.078877" lon="7.349155"><ele>2926.8</ele><time>2026-03-13T13:02:58Z</time></trkpt><trkpt lat="46.078887" lon="7.34918"><ele>2927.2</ele><time>2026-03-13T13:03:01Z</time></trkpt><trkpt lat="46.078895" lon="7.349205"><ele>2927.4</ele><time>2026-03-13T13:03:04Z</time></trkpt><trkpt lat="46.078905" lon="7.349237"><ele>2927.2</ele><time>2026-03-13T13:03:07Z</time></trkpt><trkpt lat="46.078917" lon="7.349272"><ele>2927.4</ele><time>2026-03-13T13:03:10Z</time></trkpt><trkpt lat="46.078927" lon="7.349297"><ele>2927.6</ele><time>2026-03-13T13:03:13Z</time></trkpt><trkpt lat="46.078935" lon="7.349327"><ele>2927.8</ele><time>2026-03-13T13:03:16Z</time></trkpt><trkpt lat="46.078942" lon="7.349357"><ele>2927.8</ele><time>2026-03-13T13:03:19Z</time></trkpt><trkpt lat="46.07895" lon="7.349382"><ele>2927.8</ele><time>2026-03-13T13:03:22Z</time></trkpt><trkpt lat="46.07896" lon="7.349417"><ele>2928.2</ele><time>2026-03-13T13:03:26Z</time></trkpt><trkpt lat="46.078965" lon="7.349445"><ele>2928.4</ele><time>2026-03-13T13:03:29Z</time></trkpt><trkpt lat="46.078975" lon="7.349482"><ele>2929.0</ele><time>2026-03-13T13:03:34Z</time></trkpt><trkpt lat="46.078982" lon="7.34951"><ele>2929.2</ele><time>2026-03-13T13:03:37Z</time></trkpt><trkpt lat="46.07899" lon="7.349537"><ele>2929.6</ele><time>2026-03-13T13:03:40Z</time></trkpt><trkpt lat="46.078997" lon="7.349565"><ele>2930.0</ele><time>2026-03-13T13:03:44Z</time></trkpt><trkpt lat="46.079005" lon="7.34959"><ele>2930.4</ele><time>2026-03-13T13:03:47Z</time></trkpt><trkpt lat="46.079015" lon="7.349627"><ele>2931.4</ele><time>2026-03-13T13:03:52Z</time></trkpt><trkpt lat="46.079022" lon="7.349655"><ele>2931.8</ele><time>2026-03-13T13:03:55Z</time></trkpt><trkpt lat="46.079032" lon="7.34968"><ele>2932.2</ele><time>2026-03-13T13:03:58Z</time></trkpt><trkpt lat="46.07904" lon="7.349707"><ele>2932.6</ele><time>2026-03-13T13:04:01Z</time></trkpt><trkpt lat="46.079045" lon="7.349732"><ele>2933.2</ele><time>2026-03-13T13:04:05Z</time></trkpt><trkpt lat="46.079052" lon="7.349762"><ele>2933.8</ele><time>2026-03-13T13:04:10Z</time></trkpt><trkpt lat="46.07906" lon="7.349787"><ele>2934.0</ele><time>2026-03-13T13:04:13Z</time></trkpt><trkpt lat="46.079072" lon="7.349815"><ele>2934.4</ele><time>2026-03-13T13:04:17Z</time></trkpt><trkpt lat="46.079078" lon="7.349837"><ele>2934.8</ele><time>2026-03-13T13:04:20Z</time></trkpt><trkpt lat="46.07909" lon="7.34987"><ele>2935.6</ele><time>2026-03-13T13:04:25Z</time></trkpt><trkpt lat="46.079102" lon="7.349892"><ele>2936.2</ele><time>2026-03-13T13:04:28Z</time></trkpt><trkpt lat="46.079115" lon="7.349922"><ele>2936.6</ele><time>2026-03-13T13:04:32Z</time></trkpt><trkpt lat="46.079127" lon="7.349942"><ele>2937.2</ele><time>2026-03-13T13:04:35Z</time></trkpt><trkpt lat="46.079132" lon="7.34996"><ele>2939.0</ele><time>2026-03-13T13:04:58Z</time></trkpt><trkpt lat="46.079152" lon="7.350035"><ele>2939.2</ele><time>2026-03-13T13:05:01Z</time></trkpt><trkpt lat="46.079157" lon="7.350062"><ele>2939.4</ele><time>2026-03-13T13:05:02Z</time></trkpt><trkpt lat="46.07916" lon="7.3501"><ele>2939.6</ele><time>2026-03-13T13:05:04Z</time></trkpt><trkpt lat="46.079157" lon="7.350135"><ele>2940.0</ele><time>2026-03-13T13:05:07Z</time></trkpt><trkpt lat="46.079162" lon="7.35017"><ele>2940.2</ele><time>2026-03-13T13:05:11Z</time></trkpt><trkpt lat="46.079162" lon="7.350212"><ele>2940.8</ele><time>2026-03-13T13:05:16Z</time></trkpt><trkpt lat="46.07916" lon="7.350237"><ele>2940.8</ele><time>2026-03-13T13:05:19Z</time></trkpt><trkpt lat="46.079162" lon="7.350265"><ele>2941.2</ele><time>2026-03-13T13:05:22Z</time></trkpt><trkpt lat="46.079162" lon="7.350297"><ele>2941.8</ele><time>2026-03-13T13:05:26Z</time></trkpt><trkpt lat="46.079155" lon="7.350322"><ele>2942.4</ele><time>2026-03-13T13:05:31Z</time></trkpt><trkpt lat="46.079148" lon="7.350347"><ele>2942.8</ele><time>2026-03-13T13:05:34Z</time></trkpt><trkpt lat="46.079145" lon="7.35037"><ele>2943.8</ele><time>2026-03-13T13:05:53Z</time></trkpt><trkpt lat="46.079142" lon="7.350407"><ele>2944.0</ele><time>2026-03-13T13:05:56Z</time></trkpt><trkpt lat="46.079137" lon="7.35044"><ele>2944.2</ele><time>2026-03-13T13:05:58Z</time></trkpt><trkpt lat="46.079137" lon="7.350475"><ele>2944.4</ele><time>2026-03-13T13:06:01Z</time></trkpt><trkpt lat="46.079137" lon="7.350507"><ele>2944.8</ele><time>2026-03-13T13:06:05Z</time></trkpt><trkpt lat="46.07914" lon="7.350542"><ele>2945.2</ele><time>2026-03-13T13:06:08Z</time></trkpt><trkpt lat="46.07914" lon="7.350582"><ele>2945.6</ele><time>2026-03-13T13:06:13Z</time></trkpt><trkpt lat="46.07914" lon="7.35061"><ele>2945.8</ele><time>2026-03-13T13:06:16Z</time></trkpt><trkpt lat="46.079142" lon="7.35064"><ele>2946.2</ele><time>2026-03-13T13:06:20Z</time></trkpt><trkpt lat="46.079142" lon="7.35067"><ele>2946.4</ele><time>2026-03-13T13:06:23Z</time></trkpt><trkpt lat="46.079147" lon="7.350695"><ele>2947.2</ele><time>2026-03-13T13:06:31Z</time></trkpt><trkpt lat="46.079152" lon="7.350722"><ele>2947.4</ele><time>2026-03-13T13:06:34Z</time></trkpt><trkpt lat="46.079155" lon="7.350752"><ele>2947.6</ele><time>2026-03-13T13:06:37Z</time></trkpt><trkpt lat="46.079157" lon="7.350785"><ele>2948.0</ele><time>2026-03-13T13:06:41Z</time></trkpt><trkpt lat="46.079157" lon="7.35081"><ele>2949.0</ele><time>2026-03-13T13:07:02Z</time></trkpt><trkpt lat="46.079162" lon="7.350847"><ele>2949.2</ele><time>2026-03-13T13:07:05Z</time></trkpt><trkpt lat="46.079167" lon="7.350872"><ele>2950.0</ele><time>2026-03-13T13:07:11Z</time></trkpt><trkpt lat="46.079175" lon="7.350907"><ele>2950.2</ele><time>2026-03-13T13:07:14Z</time></trkpt><trkpt lat="46.07918" lon="7.350947"><ele>2950.8</ele><time>2026-03-13T13:07:18Z</time></trkpt><trkpt lat="46.079185" lon="7.350975"><ele>2951.2</ele><time>2026-03-13T13:07:21Z</time></trkpt><trkpt lat="46.079187" lon="7.351005"><ele>2951.4</ele><time>2026-03-13T13:07:24Z</time></trkpt><trkpt lat="46.079195" lon="7.351035"><ele>2951.8</ele><time>2026-03-13T13:07:27Z</time></trkpt><trkpt lat="46.079202" lon="7.351072"><ele>2952.2</ele><time>2026-03-13T13:07:32Z</time></trkpt><trkpt lat="46.079205" lon="7.351097"><ele>2952.4</ele><time>2026-03-13T13:07:35Z</time></trkpt><trkpt lat="46.079212" lon="7.351122"><ele>2952.6</ele><time>2026-03-13T13:07:38Z</time></trkpt><trkpt lat="46.079222" lon="7.351145"><ele>2953.2</ele><time>2026-03-13T13:07:42Z</time></trkpt><trkpt lat="46.079232" lon="7.351167"><ele>2954.0</ele><time>2026-03-13T13:07:48Z</time></trkpt><trkpt lat="46.07924" lon="7.351187"><ele>2955.4</ele><time>2026-03-13T13:07:58Z</time></trkpt><trkpt lat="46.079252" lon="7.351227"><ele>2955.6</ele><time>2026-03-13T13:08:01Z</time></trkpt><trkpt lat="46.07926" lon="7.351242"><ele>2955.8</ele><time>2026-03-13T13:08:02Z</time></trkpt><trkpt lat="46.079272" lon="7.35127"><ele>2956.4</ele><time>2026-03-13T13:08:06Z</time></trkpt><trkpt lat="46.079277" lon="7.351292"><ele>2957.4</ele><time>2026-03-13T13:08:25Z</time></trkpt><trkpt lat="46.079287" lon="7.35133"><ele>2958.8</ele><time>2026-03-13T13:08:38Z</time></trkpt><trkpt lat="46.079303" lon="7.351387"><ele>2959.0</ele><time>2026-03-13T13:08:40Z</time></trkpt><trkpt lat="46.079315" lon="7.351432"><ele>2959.2</ele><time>2026-03-13T13:08:42Z</time></trkpt><trkpt lat="46.079317" lon="7.351447"><ele>2959.4</ele><time>2026-03-13T13:08:43Z</time></trkpt><trkpt lat="46.079322" lon="7.351472"><ele>2959.8</ele><time>2026-03-13T13:08:46Z</time></trkpt><trkpt lat="46.07933" lon="7.351497"><ele>2960.2</ele><time>2026-03-13T13:08:50Z</time></trkpt><trkpt lat="46.079337" lon="7.351535"><ele>2960.8</ele><time>2026-03-13T13:08:55Z</time></trkpt><trkpt lat="46.07934" lon="7.351557"><ele>2961.0</ele><time>2026-03-13T13:08:58Z</time></trkpt><trkpt lat="46.079347" lon="7.351582"><ele>2961.4</ele><time>2026-03-13T13:09:01Z</time></trkpt><trkpt lat="46.079352" lon="7.351612"><ele>2962.2</ele><time>2026-03-13T13:09:05Z</time></trkpt><trkpt lat="46.079357" lon="7.351642"><ele>2962.8</ele><time>2026-03-13T13:09:10Z</time></trkpt><trkpt lat="46.079362" lon="7.351665"><ele>2963.2</ele><time>2026-03-13T13:09:13Z</time></trkpt><trkpt lat="46.079365" lon="7.351697"><ele>2964.2</ele><time>2026-03-13T13:09:36Z</time></trkpt><trkpt lat="46.079367" lon="7.351717"><ele>2964.4</ele><time>2026-03-13T13:09:38Z</time></trkpt><trkpt lat="46.079367" lon="7.351752"><ele>2964.8</ele><time>2026-03-13T13:09:43Z</time></trkpt><trkpt lat="46.07937" lon="7.35178"><ele>2965.2</ele><time>2026-03-13T13:09:46Z</time></trkpt><trkpt lat="46.07937" lon="7.351812"><ele>2965.6</ele><time>2026-03-13T13:09:50Z</time></trkpt><trkpt lat="46.079372" lon="7.351845"><ele>2966.2</ele><time>2026-03-13T13:09:55Z</time></trkpt><trkpt lat="46.079372" lon="7.351867"><ele>2966.8</ele><time>2026-03-13T13:10:00Z</time></trkpt><trkpt lat="46.079377" lon="7.35191"><ele>2967.4</ele><time>2026-03-13T13:10:04Z</time></trkpt><trkpt lat="46.079377" lon="7.351937"><ele>2967.6</ele><time>2026-03-13T13:10:07Z</time></trkpt><trkpt lat="46.079375" lon="7.35196"><ele>2968.6</ele><time>2026-03-13T13:10:23Z</time></trkpt><trkpt lat="46.07937" lon="7.351987"><ele>2968.6</ele><time>2026-03-13T13:10:25Z</time></trkpt><trkpt lat="46.079357" lon="7.352022"><ele>2969.0</ele><time>2026-03-13T13:10:28Z</time></trkpt><trkpt lat="46.079345" lon="7.352037"><ele>2969.4</ele><time>2026-03-13T13:10:31Z</time></trkpt><trkpt lat="46.079327" lon="7.352052"><ele>2969.8</ele><time>2026-03-13T13:10:34Z</time></trkpt><trkpt lat="46.079312" lon="7.352055"><ele>2970.6</ele><time>2026-03-13T13:10:38Z</time></trkpt><trkpt lat="46.079287" lon="7.35205"><ele>2971.6</ele><time>2026-03-13T13:10:58Z</time></trkpt><trkpt lat="46.079255" lon="7.352037"><ele>2972.2</ele><time>2026-03-13T13:11:01Z</time></trkpt><trkpt lat="46.079247" lon="7.352032"><ele>2972.2</ele><time>2026-03-13T13:11:02Z</time></trkpt><trkpt lat="46.079227" lon="7.352027"><ele>2972.4</ele><time>2026-03-13T13:11:05Z</time></trkpt><trkpt lat="46.079202" lon="7.352012"><ele>2972.8</ele><time>2026-03-13T13:11:10Z</time></trkpt><trkpt lat="46.079182" lon="7.352005"><ele>2973.0</ele><time>2026-03-13T13:11:13Z</time></trkpt><trkpt lat="46.079165" lon="7.352002"><ele>2973.0</ele><time>2026-03-13T13:11:16Z</time></trkpt><trkpt lat="46.079147" lon="7.351997"><ele>2973.6</ele><time>2026-03-13T13:11:19Z</time></trkpt><trkpt lat="46.079127" lon="7.351997"><ele>2974.2</ele><time>2026-03-13T13:11:23Z</time></trkpt><trkpt lat="46.079102" lon="7.352012"><ele>2974.8</ele><time>2026-03-13T13:11:28Z</time></trkpt><trkpt lat="46.079087" lon="7.352025"><ele>2975.4</ele><time>2026-03-13T13:11:31Z</time></trkpt><trkpt lat="46.079075" lon="7.352045"><ele>2975.8</ele><time>2026-03-13T13:11:34Z</time></trkpt><trkpt lat="46.079062" lon="7.352062"><ele>2976.4</ele><time>2026-03-13T13:12:26Z</time></trkpt><trkpt lat="46.079045" lon="7.352097"><ele>2976.6</ele><time>2026-03-13T13:12:28Z</time></trkpt><trkpt lat="46.07902" lon="7.352145"><ele>2976.8</ele><time>2026-03-13T13:12:31Z</time></trkpt><trkpt lat="46.079012" lon="7.352157"><ele>2977.0</ele><time>2026-03-13T13:12:32Z</time></trkpt><trkpt lat="46.079005" lon="7.352182"><ele>2977.0</ele><time>2026-03-13T13:12:34Z</time></trkpt><trkpt lat="46.078995" lon="7.352212"><ele>2977.0</ele><time>2026-03-13T13:12:37Z</time></trkpt><trkpt lat="46.078987" lon="7.352237"><ele>2977.2</ele><time>2026-03-13T13:12:40Z</time></trkpt><trkpt lat="46.078985" lon="7.352267"><ele>2977.4</ele><time>2026-03-13T13:12:43Z</time></trkpt><trkpt lat="46.078982" lon="7.3523"><ele>2977.8</ele><time>2026-03-13T13:12:46Z</time></trkpt><trkpt lat="46.078977" lon="7.352332"><ele>2978.0</ele><time>2026-03-13T13:12:49Z</time></trkpt><trkpt lat="46.078977" lon="7.352372"><ele>2978.4</ele><time>2026-03-13T13:12:54Z</time></trkpt><trkpt lat="46.078977" lon="7.352395"><ele>2978.6</ele><time>2026-03-13T13:12:56Z</time></trkpt><trkpt lat="46.078977" lon="7.352432"><ele>2978.8</ele><time>2026-03-13T13:12:59Z</time></trkpt><trkpt lat="46.07898" lon="7.352465"><ele>2979.0</ele><time>2026-03-13T13:13:02Z</time></trkpt><trkpt lat="46.078982" lon="7.352497"><ele>2979.2</ele><time>2026-03-13T13:13:05Z</time></trkpt><trkpt lat="46.078985" lon="7.352532"><ele>2979.2</ele><time>2026-03-13T13:13:08Z</time></trkpt><trkpt lat="46.078982" lon="7.352572"><ele>2979.6</ele><time>2026-03-13T13:13:13Z</time></trkpt><trkpt lat="46.078977" lon="7.352602"><ele>2979.8</ele><time>2026-03-13T13:13:16Z</time></trkpt><trkpt lat="46.078975" lon="7.352647"><ele>2980.4</ele><time>2026-03-13T13:13:21Z</time></trkpt><trkpt lat="46.078972" lon="7.352665"><ele>2980.6</ele><time>2026-03-13T13:13:23Z</time></trkpt><trkpt lat="46.078967" lon="7.352693"><ele>2981.2</ele><time>2026-03-13T13:13:27Z</time></trkpt><trkpt lat="46.078962" lon="7.352717"><ele>2981.8</ele><time>2026-03-13T13:13:59Z</time></trkpt><trkpt lat="46.078957" lon="7.352742"><ele>2982.0</ele><time>2026-03-13T13:14:01Z</time></trkpt><trkpt lat="46.078952" lon="7.352775"><ele>2982.4</ele><time>2026-03-13T13:14:04Z</time></trkpt><trkpt lat="46.07895" lon="7.352805"><ele>2983.2</ele><time>2026-03-13T13:14:08Z</time></trkpt><trkpt lat="46.078942" lon="7.352835"><ele>2983.8</ele><time>2026-03-13T13:14:13Z</time></trkpt><trkpt lat="46.078932" lon="7.352862"><ele>2984.2</ele><time>2026-03-13T13:14:17Z</time></trkpt><trkpt lat="46.078923" lon="7.352882"><ele>2985.0</ele><time>2026-03-13T13:14:23Z</time></trkpt><trkpt lat="46.078915" lon="7.352905"><ele>2985.4</ele><time>2026-03-13T13:14:26Z</time></trkpt><trkpt lat="46.078907" lon="7.35293"><ele>2985.6</ele><time>2026-03-13T13:14:29Z</time></trkpt><trkpt lat="46.078897" lon="7.352967"><ele>2986.6</ele><time>2026-03-13T13:14:37Z</time></trkpt><trkpt lat="46.07889" lon="7.352995"><ele>2986.8</ele><time>2026-03-13T13:14:40Z</time></trkpt><trkpt lat="46.078882" lon="7.353017"><ele>2987.2</ele><time>2026-03-13T13:14:43Z</time></trkpt><trkpt lat="46.078862" lon="7.353037"><ele>2987.8</ele><time>2026-03-13T13:14:48Z</time></trkpt><trkpt lat="46.07884" lon="7.353042"><ele>2988.8</ele><time>2026-03-13T13:15:22Z</time></trkpt><trkpt lat="46.07881" lon="7.35306"><ele>2989.0</ele><time>2026-03-13T13:15:25Z</time></trkpt><trkpt lat="46.0788" lon="7.353067"><ele>2989.2</ele><time>2026-03-13T13:15:26Z</time></trkpt><trkpt lat="46.078785" lon="7.353082"><ele>2989.4</ele><time>2026-03-13T13:15:28Z</time></trkpt><trkpt lat="46.078765" lon="7.3531"><ele>2989.8</ele><time>2026-03-13T13:15:31Z</time></trkpt><trkpt lat="46.078737" lon="7.35312"><ele>2989.8</ele><time>2026-03-13T13:15:34Z</time></trkpt><trkpt lat="46.07873" lon="7.353125"><ele>2989.8</ele><time>2026-03-13T13:15:35Z</time></trkpt><trkpt lat="46.078712" lon="7.353138"><ele>2989.6</ele><time>2026-03-13T13:15:37Z</time></trkpt><trkpt lat="46.078692" lon="7.353152"><ele>2989.4</ele><time>2026-03-13T13:15:39Z</time></trkpt><trkpt lat="46.078665" lon="7.353167"><ele>2989.0</ele><time>2026-03-13T13:15:43Z</time></trkpt><trkpt lat="46.078652" lon="7.353175"><ele>2988.2</ele><time>2026-03-13T13:15:59Z</time></trkpt><trkpt lat="46.078632" lon="7.353187"><ele>2988.2</ele><time>2026-03-13T13:16:01Z</time></trkpt><trkpt lat="46.078607" lon="7.353202"><ele>2988.4</ele><time>2026-03-13T13:16:04Z</time></trkpt><trkpt lat="46.07859" lon="7.35321"><ele>2988.8</ele><time>2026-03-13T13:16:07Z</time></trkpt><trkpt lat="46.078575" lon="7.35322"><ele>2989.8</ele><time>2026-03-13T13:16:13Z</time></trkpt><trkpt lat="46.07856" lon="7.353227"><ele>2991.0</ele><time>2026-03-13T13:16:19Z</time></trkpt><trkpt lat="46.078542" lon="7.353237"><ele>2992.6</ele><time>2026-03-13T13:16:34Z</time></trkpt><trkpt lat="46.078495" lon="7.353262"><ele>2993.2</ele><time>2026-03-13T13:16:37Z</time></trkpt><trkpt lat="46.078487" lon="7.353267"><ele>2993.2</ele><time>2026-03-13T13:16:38Z</time></trkpt><trkpt lat="46.078472" lon="7.353267"><ele>2994.6</ele><time>2026-03-13T13:16:54Z</time></trkpt><trkpt lat="46.078452" lon="7.353277"><ele>2994.8</ele><time>2026-03-13T13:16:56Z</time></trkpt><trkpt lat="46.078432" lon="7.353292"><ele>2995.2</ele><time>2026-03-13T13:16:58Z</time></trkpt><trkpt lat="46.078407" lon="7.353312"><ele>2995.6</ele><time>2026-03-13T13:17:01Z</time></trkpt><trkpt lat="46.078392" lon="7.353332"><ele>2996.0</ele><time>2026-03-13T13:17:04Z</time></trkpt><trkpt lat="46.078372" lon="7.35334"><ele>2996.4</ele><time>2026-03-13T13:17:07Z</time></trkpt><trkpt lat="46.078357" lon="7.353342"><ele>2996.8</ele><time>2026-03-13T13:17:10Z</time></trkpt><trkpt lat="46.078342" lon="7.353342"><ele>2997.8</ele><time>2026-03-13T13:17:17Z</time></trkpt><trkpt lat="46.078312" lon="7.353347"><ele>2997.8</ele><time>2026-03-13T13:17:34Z</time></trkpt><trkpt lat="46.078305" lon="7.35335"><ele>2998.0</ele><time>2026-03-13T13:17:35Z</time></trkpt><trkpt lat="46.078287" lon="7.353347"><ele>2998.6</ele><time>2026-03-13T13:17:38Z</time></trkpt><trkpt lat="46.078267" lon="7.353347"><ele>2998.8</ele><time>2026-03-13T13:17:41Z</time></trkpt><trkpt lat="46.078247" lon="7.353342"><ele>2999.0</ele><time>2026-03-13T13:17:45Z</time></trkpt><trkpt lat="46.078227" lon="7.353342"><ele>2999.4</ele><time>2026-03-13T13:17:48Z</time></trkpt><trkpt lat="46.078195" lon="7.35334"><ele>3000.0</ele><time>2026-03-13T13:17:53Z</time></trkpt><trkpt lat="46.078175" lon="7.353328"><ele>3000.4</ele><time>2026-03-13T13:17:56Z</time></trkpt><trkpt lat="46.078163" lon="7.353322"><ele>3000.8</ele><time>2026-03-13T13:17:58Z</time></trkpt><trkpt lat="46.078147" lon="7.353317"><ele>3001.4</ele><time>2026-03-13T13:18:02Z</time></trkpt><trkpt lat="46.078127" lon="7.353332"><ele>3001.6</ele><time>2026-03-13T13:18:06Z</time></trkpt><trkpt lat="46.078102" lon="7.353352"><ele>3002.6</ele><time>2026-03-13T13:18:29Z</time></trkpt><trkpt lat="46.078087" lon="7.353362"><ele>3002.6</ele><time>2026-03-13T13:18:30Z</time></trkpt><trkpt lat="46.078062" lon="7.353385"><ele>3002.6</ele><time>2026-03-13T13:18:32Z</time></trkpt><trkpt lat="46.078042" lon="7.353407"><ele>3002.4</ele><time>2026-03-13T13:18:34Z</time></trkpt><trkpt lat="46.078027" lon="7.353427"><ele>3002.6</ele><time>2026-03-13T13:18:36Z</time></trkpt><trkpt lat="46.078012" lon="7.353445"><ele>3002.8</ele><time>2026-03-13T13:18:38Z</time></trkpt><trkpt lat="46.077997" lon="7.35347"><ele>3002.8</ele><time>2026-03-13T13:18:41Z</time></trkpt><trkpt lat="46.077985" lon="7.353492"><ele>3002.8</ele><time>2026-03-13T13:18:44Z</time></trkpt><trkpt lat="46.07799" lon="7.353517"><ele>3003.6</ele><time>2026-03-13T13:19:03Z</time></trkpt><trkpt lat="46.078012" lon="7.353542"><ele>3003.8</ele><time>2026-03-13T13:19:05Z</time></trkpt><trkpt lat="46.07803" lon="7.353567"><ele>3004.2</ele><time>2026-03-13T13:19:09Z</time></trkpt><trkpt lat="46.078042" lon="7.353602"><ele>3003.2</ele><time>2026-03-13T13:35:37Z</time></trkpt><trkpt lat="46.078032" lon="7.353665"><ele>3002.8</ele><time>2026-03-13T13:41:03Z</time></trkpt><trkpt lat="46.078017" lon="7.353747"><ele>3002.6</ele><time>2026-03-13T13:41:05Z</time></trkpt><trkpt lat="46.078012" lon="7.353787"><ele>3002.2</ele><time>2026-03-13T13:41:06Z</time></trkpt><trkpt lat="46.078007" lon="7.353822"><ele>3002.0</ele><time>2026-03-13T13:41:07Z</time></trkpt><trkpt lat="46.078" lon="7.353852"><ele>3001.6</ele><time>2026-03-13T13:41:08Z</time></trkpt><trkpt lat="46.07798" lon="7.353902"><ele>3001.0</ele><time>2026-03-13T13:41:10Z</time></trkpt><trkpt lat="46.077962" lon="7.353932"><ele>3000.6</ele><time>2026-03-13T13:41:12Z</time></trkpt><trkpt lat="46.077957" lon="7.353957"><ele>2999.4</ele><time>2026-03-13T13:42:20Z</time></trkpt><trkpt lat="46.077945" lon="7.354015"><ele>2999.4</ele><time>2026-03-13T13:42:22Z</time></trkpt><trkpt lat="46.07793" lon="7.354105"><ele>2999.2</ele><time>2026-03-13T13:42:24Z</time></trkpt><trkpt lat="46.077927" lon="7.354152"><ele>2999.0</ele><time>2026-03-13T13:42:25Z</time></trkpt><trkpt lat="46.077942" lon="7.354197"><ele>2998.8</ele><time>2026-03-13T13:42:26Z</time></trkpt><trkpt lat="46.07798" lon="7.354202"><ele>2998.6</ele><time>2026-03-13T13:42:27Z</time></trkpt><trkpt lat="46.078032" lon="7.354187"><ele>2998.2</ele><time>2026-03-13T13:42:28Z</time></trkpt><trkpt lat="46.078085" lon="7.354217"><ele>2997.6</ele><time>2026-03-13T13:42:29Z</time></trkpt><trkpt lat="46.07812" lon="7.354267"><ele>2996.4</ele><time>2026-03-13T13:42:30Z</time></trkpt><trkpt lat="46.07813" lon="7.35435"><ele>2995.0</ele><time>2026-03-13T13:42:31Z</time></trkpt><trkpt lat="46.078215" lon="7.354495"><ele>2990.6</ele><time>2026-03-13T13:42:33Z</time></trkpt><trkpt lat="46.078272" lon="7.354565"><ele>2988.4</ele><time>2026-03-13T13:42:34Z</time></trkpt><trkpt lat="46.078332" lon="7.354632"><ele>2985.8</ele><time>2026-03-13T13:42:35Z</time></trkpt><trkpt lat="46.078385" lon="7.354727"><ele>2983.4</ele><time>2026-03-13T13:42:36Z</time></trkpt><trkpt lat="46.078487" lon="7.354905"><ele>2977.8</ele><time>2026-03-13T13:42:38Z</time></trkpt><trkpt lat="46.078537" lon="7.354977"><ele>2975.4</ele><time>2026-03-13T13:42:39Z</time></trkpt><trkpt lat="46.078602" lon="7.355022"><ele>2973.2</ele><time>2026-03-13T13:42:40Z</time></trkpt><trkpt lat="46.078677" lon="7.355047"><ele>2971.4</ele><time>2026-03-13T13:42:41Z</time></trkpt><trkpt lat="46.078817" lon="7.35515"><ele>2967.8</ele><time>2026-03-13T13:42:43Z</time></trkpt><trkpt lat="46.078887" lon="7.355197"><ele>2965.8</ele><time>2026-03-13T13:42:44Z</time></trkpt><trkpt lat="46.078962" lon="7.355257"><ele>2963.2</ele><time>2026-03-13T13:42:45Z</time></trkpt><trkpt lat="46.07904" lon="7.355317"><ele>2961.0</ele><time>2026-03-13T13:42:46Z</time></trkpt><trkpt lat="46.079125" lon="7.355352"><ele>2959.2</ele><time>2026-03-13T13:42:47Z</time></trkpt><trkpt lat="46.079212" lon="7.355385"><ele>2957.2</ele><time>2026-03-13T13:42:48Z</time></trkpt><trkpt lat="46.079295" lon="7.355422"><ele>2955.2</ele><time>2026-03-13T13:42:49Z</time></trkpt><trkpt lat="46.079385" lon="7.35544"><ele>2953.2</ele><time>2026-03-13T13:42:50Z</time></trkpt><trkpt lat="46.079562" lon="7.355467"><ele>2948.8</ele><time>2026-03-13T13:42:52Z</time></trkpt><trkpt lat="46.07975" lon="7.355487"><ele>2944.4</ele><time>2026-03-13T13:42:54Z</time></trkpt><trkpt lat="46.079907" lon="7.35552"><ele>2940.0</ele><time>2026-03-13T13:42:56Z</time></trkpt><trkpt lat="46.080047" lon="7.355542"><ele>2937.2</ele><time>2026-03-13T13:42:58Z</time></trkpt><trkpt lat="46.080117" lon="7.355552"><ele>2936.0</ele><time>2026-03-13T13:42:59Z</time></trkpt><trkpt lat="46.080182" lon="7.355562"><ele>2935.0</ele><time>2026-03-13T13:43:00Z</time></trkpt><trkpt lat="46.080235" lon="7.355595"><ele>2934.0</ele><time>2026-03-13T13:43:01Z</time></trkpt><trkpt lat="46.080257" lon="7.355635"><ele>2933.2</ele><time>2026-03-13T13:43:02Z</time></trkpt><trkpt lat="46.080267" lon="7.35566"><ele>2931.4</ele><time>2026-03-13T13:43:04Z</time></trkpt><trkpt lat="46.080272" lon="7.355667"><ele>2929.4</ele><time>2026-03-13T13:43:09Z</time></trkpt><trkpt lat="46.080292" lon="7.355675"><ele>2928.8</ele><time>2026-03-13T13:43:16Z</time></trkpt><trkpt lat="46.080312" lon="7.355677"><ele>2928.8</ele><time>2026-03-13T13:43:17Z</time></trkpt><trkpt lat="46.080345" lon="7.355675"><ele>2928.8</ele><time>2026-03-13T13:43:18Z</time></trkpt><trkpt lat="46.080422" lon="7.35572"><ele>2928.4</ele><time>2026-03-13T13:43:20Z</time></trkpt><trkpt lat="46.08046" lon="7.355752"><ele>2928.2</ele><time>2026-03-13T13:43:21Z</time></trkpt><trkpt lat="46.080497" lon="7.355787"><ele>2927.6</ele><time>2026-03-13T13:43:22Z</time></trkpt><trkpt lat="46.080537" lon="7.355817"><ele>2927.0</ele><time>2026-03-13T13:43:23Z</time></trkpt><trkpt lat="46.080582" lon="7.355832"><ele>2926.2</ele><time>2026-03-13T13:43:24Z</time></trkpt><trkpt lat="46.080622" lon="7.35579"><ele>2925.4</ele><time>2026-03-13T13:43:25Z</time></trkpt><trkpt lat="46.080675" lon="7.355747"><ele>2924.4</ele><time>2026-03-13T13:43:26Z</time></trkpt><trkpt lat="46.080747" lon="7.355605"><ele>2922.2</ele><time>2026-03-13T13:43:28Z</time></trkpt><trkpt lat="46.080852" lon="7.355465"><ele>2918.2</ele><time>2026-03-13T13:43:30Z</time></trkpt><trkpt lat="46.080917" lon="7.355397"><ele>2915.4</ele><time>2026-03-13T13:43:31Z</time></trkpt><trkpt lat="46.080977" lon="7.355307"><ele>2912.0</ele><time>2026-03-13T13:43:32Z</time></trkpt><trkpt lat="46.081082" lon="7.355082"><ele>2905.6</ele><time>2026-03-13T13:43:34Z</time></trkpt><trkpt lat="46.081127" lon="7.354982"><ele>2902.6</ele><time>2026-03-13T13:43:35Z</time></trkpt><trkpt lat="46.081167" lon="7.3549"><ele>2899.8</ele><time>2026-03-13T13:43:36Z</time></trkpt><trkpt lat="46.08121" lon="7.354832"><ele>2897.0</ele><time>2026-03-13T13:43:37Z</time></trkpt><trkpt lat="46.081247" lon="7.35477"><ele>2894.8</ele><time>2026-03-13T13:43:38Z</time></trkpt><trkpt lat="46.081277" lon="7.354712"><ele>2893.0</ele><time>2026-03-13T13:43:39Z</time></trkpt><trkpt lat="46.081302" lon="7.354657"><ele>2891.4</ele><time>2026-03-13T13:43:40Z</time></trkpt><trkpt lat="46.08133" lon="7.354598"><ele>2890.0</ele><time>2026-03-13T13:43:41Z</time></trkpt><trkpt lat="46.081355" lon="7.354545"><ele>2889.0</ele><time>2026-03-13T13:43:42Z</time></trkpt><trkpt lat="46.08138" lon="7.354492"><ele>2888.0</ele><time>2026-03-13T13:43:43Z</time></trkpt><trkpt lat="46.081402" lon="7.354445"><ele>2887.4</ele><time>2026-03-13T13:43:44Z</time></trkpt><trkpt lat="46.081428" lon="7.354392"><ele>2886.2</ele><time>2026-03-13T13:43:46Z</time></trkpt><trkpt lat="46.081447" lon="7.354367"><ele>2885.2</ele><time>2026-03-13T13:43:48Z</time></trkpt><trkpt lat="46.081462" lon="7.354337"><ele>2885.0</ele><time>2026-03-13T13:43:50Z</time></trkpt><trkpt lat="46.08148" lon="7.354312"><ele>2885.0</ele><time>2026-03-13T13:43:52Z</time></trkpt><trkpt lat="46.081495" lon="7.354297"><ele>2884.8</ele><time>2026-03-13T13:43:54Z</time></trkpt><trkpt lat="46.081522" lon="7.35426"><ele>2884.8</ele><time>2026-03-13T13:43:58Z</time></trkpt><trkpt lat="46.081542" lon="7.354247"><ele>2884.8</ele><time>2026-03-13T13:44:00Z</time></trkpt><trkpt lat="46.081562" lon="7.354235"><ele>2884.6</ele><time>2026-03-13T13:44:01Z</time></trkpt><trkpt lat="46.081583" lon="7.354222"><ele>2884.6</ele><time>2026-03-13T13:44:03Z</time></trkpt><trkpt lat="46.081607" lon="7.35421"><ele>2884.4</ele><time>2026-03-13T13:44:05Z</time></trkpt><trkpt lat="46.081622" lon="7.354197"><ele>2884.6</ele><time>2026-03-13T13:44:07Z</time></trkpt><trkpt lat="46.08164" lon="7.35418"><ele>2884.6</ele><time>2026-03-13T13:44:10Z</time></trkpt><trkpt lat="46.081662" lon="7.354172"><ele>2884.6</ele><time>2026-03-13T13:44:13Z</time></trkpt><trkpt lat="46.08168" lon="7.35416"><ele>2884.8</ele><time>2026-03-13T13:44:16Z</time></trkpt><trkpt lat="46.081705" lon="7.354147"><ele>2884.8</ele><time>2026-03-13T13:44:19Z</time></trkpt><trkpt lat="46.081727" lon="7.354132"><ele>2884.8</ele><time>2026-03-13T13:44:22Z</time></trkpt><trkpt lat="46.081752" lon="7.354117"><ele>2884.8</ele><time>2026-03-13T13:44:24Z</time></trkpt><trkpt lat="46.081772" lon="7.35411"><ele>2884.8</ele><time>2026-03-13T13:44:26Z</time></trkpt><trkpt lat="46.081792" lon="7.3541"><ele>2884.8</ele><time>2026-03-13T13:44:28Z</time></trkpt><trkpt lat="46.081815" lon="7.354087"><ele>2884.8</ele><time>2026-03-13T13:44:30Z</time></trkpt><trkpt lat="46.081832" lon="7.354077"><ele>2884.8</ele><time>2026-03-13T13:44:32Z</time></trkpt><trkpt lat="46.081855" lon="7.354065"><ele>2884.6</ele><time>2026-03-13T13:44:35Z</time></trkpt><trkpt lat="46.081878" lon="7.354052"><ele>2884.8</ele><time>2026-03-13T13:44:39Z</time></trkpt><trkpt lat="46.081897" lon="7.354042"><ele>2884.8</ele><time>2026-03-13T13:44:41Z</time></trkpt><trkpt lat="46.081917" lon="7.354037"><ele>2885.0</ele><time>2026-03-13T13:44:44Z</time></trkpt><trkpt lat="46.081937" lon="7.354032"><ele>2885.0</ele><time>2026-03-13T13:44:46Z</time></trkpt><trkpt lat="46.081967" lon="7.354012"><ele>2885.2</ele><time>2026-03-13T13:44:50Z</time></trkpt><trkpt lat="46.081977" lon="7.354005"><ele>2885.2</ele><time>2026-03-13T13:44:51Z</time></trkpt><trkpt lat="46.082002" lon="7.353985"><ele>2885.2</ele><time>2026-03-13T13:44:54Z</time></trkpt><trkpt lat="46.082027" lon="7.353967"><ele>2885.0</ele><time>2026-03-13T13:44:57Z</time></trkpt><trkpt lat="46.08204" lon="7.353967"><ele>2885.0</ele><time>2026-03-13T13:44:59Z</time></trkpt><trkpt lat="46.082057" lon="7.353957"><ele>2885.0</ele><time>2026-03-13T13:45:01Z</time></trkpt><trkpt lat="46.082077" lon="7.353952"><ele>2885.4</ele><time>2026-03-13T13:45:05Z</time></trkpt><trkpt lat="46.082092" lon="7.353937"><ele>2885.4</ele><time>2026-03-13T13:45:09Z</time></trkpt><trkpt lat="46.082112" lon="7.353917"><ele>2885.8</ele><time>2026-03-13T13:45:13Z</time></trkpt><trkpt lat="46.082132" lon="7.353895"><ele>2886.0</ele><time>2026-03-13T13:45:17Z</time></trkpt><trkpt lat="46.082152" lon="7.35388"><ele>2886.4</ele><time>2026-03-13T13:45:20Z</time></trkpt><trkpt lat="46.082172" lon="7.353867"><ele>2886.8</ele><time>2026-03-13T13:45:24Z</time></trkpt><trkpt lat="46.082192" lon="7.353862"><ele>2886.8</ele><time>2026-03-13T13:45:28Z</time></trkpt><trkpt lat="46.082212" lon="7.353855"><ele>2887.0</ele><time>2026-03-13T13:45:31Z</time></trkpt><trkpt lat="46.082237" lon="7.353847"><ele>2887.2</ele><time>2026-03-13T13:45:34Z</time></trkpt><trkpt lat="46.082258" lon="7.353835"><ele>2887.0</ele><time>2026-03-13T13:45:37Z</time></trkpt><trkpt lat="46.082285" lon="7.353827"><ele>2887.2</ele><time>2026-03-13T13:45:40Z</time></trkpt><trkpt lat="46.082305" lon="7.35382"><ele>2887.0</ele><time>2026-03-13T13:45:44Z</time></trkpt><trkpt lat="46.082322" lon="7.353815"><ele>2887.0</ele><time>2026-03-13T13:45:48Z</time></trkpt><trkpt lat="46.082342" lon="7.353802"><ele>2887.2</ele><time>2026-03-13T13:45:52Z</time></trkpt><trkpt lat="46.08236" lon="7.353792"><ele>2887.2</ele><time>2026-03-13T13:45:54Z</time></trkpt><trkpt lat="46.082377" lon="7.353787"><ele>2887.2</ele><time>2026-03-13T13:45:57Z</time></trkpt><trkpt lat="46.082397" lon="7.353777"><ele>2887.2</ele><time>2026-03-13T13:46:01Z</time></trkpt><trkpt lat="46.082425" lon="7.35378"><ele>2887.0</ele><time>2026-03-13T13:46:05Z</time></trkpt><trkpt lat="46.08244" lon="7.353782"><ele>2887.0</ele><time>2026-03-13T13:46:08Z</time></trkpt><trkpt lat="46.082465" lon="7.353797"><ele>2887.0</ele><time>2026-03-13T13:46:12Z</time></trkpt><trkpt lat="46.08249" lon="7.353797"><ele>2887.4</ele><time>2026-03-13T13:46:18Z</time></trkpt><trkpt lat="46.082507" lon="7.353802"><ele>2887.4</ele><time>2026-03-13T13:46:22Z</time></trkpt><trkpt lat="46.082527" lon="7.353807"><ele>2887.4</ele><time>2026-03-13T13:46:25Z</time></trkpt><trkpt lat="46.08255" lon="7.353825"><ele>2887.6</ele><time>2026-03-13T13:46:30Z</time></trkpt><trkpt lat="46.082572" lon="7.353845"><ele>2887.8</ele><time>2026-03-13T13:46:34Z</time></trkpt><trkpt lat="46.082587" lon="7.35386"><ele>2888.0</ele><time>2026-03-13T13:46:37Z</time></trkpt><trkpt lat="46.0826" lon="7.353877"><ele>2888.4</ele><time>2026-03-13T13:46:41Z</time></trkpt><trkpt lat="46.082615" lon="7.353902"><ele>2888.6</ele><time>2026-03-13T13:46:45Z</time></trkpt><trkpt lat="46.082627" lon="7.353922"><ele>2888.4</ele><time>2026-03-13T13:46:49Z</time></trkpt><trkpt lat="46.082637" lon="7.353952"><ele>2888.4</ele><time>2026-03-13T13:46:52Z</time></trkpt><trkpt lat="46.082647" lon="7.353977"><ele>2888.4</ele><time>2026-03-13T13:46:54Z</time></trkpt><trkpt lat="46.08266" lon="7.354002"><ele>2888.4</ele><time>2026-03-13T13:46:56Z</time></trkpt><trkpt lat="46.08268" lon="7.354042"><ele>2888.2</ele><time>2026-03-13T13:46:58Z</time></trkpt><trkpt lat="46.082687" lon="7.354082"><ele>2888.0</ele><time>2026-03-13T13:47:00Z</time></trkpt><trkpt lat="46.082697" lon="7.354107"><ele>2887.2</ele><time>2026-03-13T13:47:34Z</time></trkpt><trkpt lat="46.082712" lon="7.354142"><ele>2887.2</ele><time>2026-03-13T13:47:36Z</time></trkpt><trkpt lat="46.082757" lon="7.354165"><ele>2886.4</ele><time>2026-03-13T13:47:39Z</time></trkpt><trkpt lat="46.082777" lon="7.354145"><ele>2885.2</ele><time>2026-03-13T13:47:42Z</time></trkpt><trkpt lat="46.082802" lon="7.354157"><ele>2884.8</ele><time>2026-03-13T13:47:43Z</time></trkpt><trkpt lat="46.08281" lon="7.354187"><ele>2884.4</ele><time>2026-03-13T13:47:44Z</time></trkpt><trkpt lat="46.082825" lon="7.354207"><ele>2883.6</ele><time>2026-03-13T13:47:46Z</time></trkpt><trkpt lat="46.082835" lon="7.354245"><ele>2882.0</ele><time>2026-03-13T13:47:48Z</time></trkpt><trkpt lat="46.082847" lon="7.35425"><ele>2879.2</ele><time>2026-03-13T13:47:51Z</time></trkpt><trkpt lat="46.082852" lon="7.354275"><ele>2878.2</ele><time>2026-03-13T13:47:52Z</time></trkpt><trkpt lat="46.082862" lon="7.35427"><ele>2876.0</ele><time>2026-03-13T13:47:55Z</time></trkpt><trkpt lat="46.082872" lon="7.35428"><ele>2874.4</ele><time>2026-03-13T13:47:57Z</time></trkpt><trkpt lat="46.082892" lon="7.354285"><ele>2873.4</ele><time>2026-03-13T13:47:59Z</time></trkpt><trkpt lat="46.082915" lon="7.35431"><ele>2872.4</ele><time>2026-03-13T13:48:01Z</time></trkpt><trkpt lat="46.082937" lon="7.35434"><ele>2871.8</ele><time>2026-03-13T13:48:02Z</time></trkpt><trkpt lat="46.082982" lon="7.354442"><ele>2870.4</ele><time>2026-03-13T13:48:04Z</time></trkpt><trkpt lat="46.082997" lon="7.354502"><ele>2869.4</ele><time>2026-03-13T13:48:05Z</time></trkpt><trkpt lat="46.083012" lon="7.354555"><ele>2868.2</ele><time>2026-03-13T13:48:06Z</time></trkpt><trkpt lat="46.083027" lon="7.354602"><ele>2866.8</ele><time>2026-03-13T13:48:07Z</time></trkpt><trkpt lat="46.083032" lon="7.354642"><ele>2865.4</ele><time>2026-03-13T13:48:08Z</time></trkpt><trkpt lat="46.083042" lon="7.354675"><ele>2864.0</ele><time>2026-03-13T13:48:09Z</time></trkpt><trkpt lat="46.083047" lon="7.354705"><ele>2862.8</ele><time>2026-03-13T13:48:10Z</time></trkpt><trkpt lat="46.083055" lon="7.354725"><ele>2860.8</ele><time>2026-03-13T13:48:12Z</time></trkpt><trkpt lat="46.083052" lon="7.354722"><ele>2858.8</ele><time>2026-03-13T13:48:16Z</time></trkpt><trkpt lat="46.083082" lon="7.354762"><ele>2858.4</ele><time>2026-03-13T13:49:24Z</time></trkpt><trkpt lat="46.083135" lon="7.354842"><ele>2857.8</ele><time>2026-03-13T13:49:26Z</time></trkpt><trkpt lat="46.083167" lon="7.354902"><ele>2857.2</ele><time>2026-03-13T13:49:27Z</time></trkpt><trkpt lat="46.083207" lon="7.354967"><ele>2856.4</ele><time>2026-03-13T13:49:28Z</time></trkpt><trkpt lat="46.083255" lon="7.355022"><ele>2855.4</ele><time>2026-03-13T13:49:29Z</time></trkpt><trkpt lat="46.083307" lon="7.355015"><ele>2854.0</ele><time>2026-03-13T13:49:30Z</time></trkpt><trkpt lat="46.083377" lon="7.354997"><ele>2852.4</ele><time>2026-03-13T13:49:31Z</time></trkpt><trkpt lat="46.08344" lon="7.355027"><ele>2850.8</ele><time>2026-03-13T13:49:32Z</time></trkpt><trkpt lat="46.08349" lon="7.355072"><ele>2848.8</ele><time>2026-03-13T13:49:33Z</time></trkpt><trkpt lat="46.083545" lon="7.355082"><ele>2845.8</ele><time>2026-03-13T13:49:34Z</time></trkpt><trkpt lat="46.083605" lon="7.355062"><ele>2842.6</ele><time>2026-03-13T13:49:35Z</time></trkpt><trkpt lat="46.083662" lon="7.355077"><ele>2839.6</ele><time>2026-03-13T13:49:36Z</time></trkpt><trkpt lat="46.083725" lon="7.355055"><ele>2837.0</ele><time>2026-03-13T13:49:37Z</time></trkpt><trkpt lat="46.083777" lon="7.354997"><ele>2834.0</ele><time>2026-03-13T13:49:38Z</time></trkpt><trkpt lat="46.083837" lon="7.354987"><ele>2830.6</ele><time>2026-03-13T13:49:39Z</time></trkpt><trkpt lat="46.083902" lon="7.354975"><ele>2827.2</ele><time>2026-03-13T13:49:40Z</time></trkpt><trkpt lat="46.083955" lon="7.354912"><ele>2823.4</ele><time>2026-03-13T13:49:41Z</time></trkpt><trkpt lat="46.084017" lon="7.354917"><ele>2819.8</ele><time>2026-03-13T13:49:42Z</time></trkpt><trkpt lat="46.084077" lon="7.354912"><ele>2816.2</ele><time>2026-03-13T13:49:43Z</time></trkpt><trkpt lat="46.084187" lon="7.3548"><ele>2809.0</ele><time>2026-03-13T13:49:45Z</time></trkpt><trkpt lat="46.084247" lon="7.354832"><ele>2805.6</ele><time>2026-03-13T13:49:46Z</time></trkpt><trkpt lat="46.084305" lon="7.354872"><ele>2802.2</ele><time>2026-03-13T13:49:47Z</time></trkpt><trkpt lat="46.084357" lon="7.354907"><ele>2798.6</ele><time>2026-03-13T13:49:48Z</time></trkpt><trkpt lat="46.084402" lon="7.35487"><ele>2794.8</ele><time>2026-03-13T13:49:49Z</time></trkpt><trkpt lat="46.08446" lon="7.354847"><ele>2791.4</ele><time>2026-03-13T13:49:50Z</time></trkpt><trkpt lat="46.084567" lon="7.354852"><ele>2785.6</ele><time>2026-03-13T13:49:52Z</time></trkpt><trkpt lat="46.084582" lon="7.354807"><ele>2782.4</ele><time>2026-03-13T13:49:53Z</time></trkpt><trkpt lat="46.084572" lon="7.354777"><ele>2776.6</ele><time>2026-03-13T13:49:55Z</time></trkpt><trkpt lat="46.084575" lon="7.354785"><ele>2769.8</ele><time>2026-03-13T13:49:58Z</time></trkpt><trkpt lat="46.084575" lon="7.354787"><ele>2766.8</ele><time>2026-03-13T13:50:01Z</time></trkpt><trkpt lat="46.084585" lon="7.354747"><ele>2765.2</ele><time>2026-03-13T13:50:57Z</time></trkpt><trkpt lat="46.084595" lon="7.354702"><ele>2765.0</ele><time>2026-03-13T13:50:58Z</time></trkpt><trkpt lat="46.084657" lon="7.354617"><ele>2764.6</ele><time>2026-03-13T13:51:00Z</time></trkpt><trkpt lat="46.0847" lon="7.354622"><ele>2763.8</ele><time>2026-03-13T13:51:01Z</time></trkpt><trkpt lat="46.084747" lon="7.354612"><ele>2763.0</ele><time>2026-03-13T13:51:02Z</time></trkpt><trkpt lat="46.084842" lon="7.354557"><ele>2760.4</ele><time>2026-03-13T13:51:04Z</time></trkpt><trkpt lat="46.084917" lon="7.354587"><ele>2757.0</ele><time>2026-03-13T13:51:06Z</time></trkpt><trkpt lat="46.085007" lon="7.354477"><ele>2753.4</ele><time>2026-03-13T13:51:08Z</time></trkpt><trkpt lat="46.085102" lon="7.354407"><ele>2749.4</ele><time>2026-03-13T13:51:10Z</time></trkpt><trkpt lat="46.085207" lon="7.35437"><ele>2745.2</ele><time>2026-03-13T13:51:12Z</time></trkpt><trkpt lat="46.08529" lon="7.35427"><ele>2740.0</ele><time>2026-03-13T13:51:14Z</time></trkpt><trkpt lat="46.085337" lon="7.35425"><ele>2737.4</ele><time>2026-03-13T13:51:15Z</time></trkpt><trkpt lat="46.085387" lon="7.354217"><ele>2735.0</ele><time>2026-03-13T13:51:16Z</time></trkpt><trkpt lat="46.085437" lon="7.354062"><ele>2729.8</ele><time>2026-03-13T13:51:18Z</time></trkpt><trkpt lat="46.085532" lon="7.354015"><ele>2725.2</ele><time>2026-03-13T13:51:20Z</time></trkpt><trkpt lat="46.085585" lon="7.353992"><ele>2723.0</ele><time>2026-03-13T13:51:21Z</time></trkpt><trkpt lat="46.08562" lon="7.353932"><ele>2720.4</ele><time>2026-03-13T13:51:22Z</time></trkpt><trkpt lat="46.08572" lon="7.353902"><ele>2715.8</ele><time>2026-03-13T13:51:24Z</time></trkpt><trkpt lat="46.08576" lon="7.353847"><ele>2713.2</ele><time>2026-03-13T13:51:25Z</time></trkpt><trkpt lat="46.085797" lon="7.353787"><ele>2710.6</ele><time>2026-03-13T13:51:26Z</time></trkpt><trkpt lat="46.085922" lon="7.353802"><ele>2705.8</ele><time>2026-03-13T13:51:28Z</time></trkpt><trkpt lat="46.085972" lon="7.353777"><ele>2703.2</ele><time>2026-03-13T13:51:29Z</time></trkpt><trkpt lat="46.086015" lon="7.353707"><ele>2700.6</ele><time>2026-03-13T13:51:30Z</time></trkpt><trkpt lat="46.086075" lon="7.353678"><ele>2698.2</ele><time>2026-03-13T13:51:31Z</time></trkpt><trkpt lat="46.086132" lon="7.353692"><ele>2696.0</ele><time>2026-03-13T13:51:32Z</time></trkpt><trkpt lat="46.086242" lon="7.353697"><ele>2690.8</ele><time>2026-03-13T13:51:34Z</time></trkpt><trkpt lat="46.086272" lon="7.353645"><ele>2688.0</ele><time>2026-03-13T13:51:35Z</time></trkpt><trkpt lat="46.086282" lon="7.353547"><ele>2685.8</ele><time>2026-03-13T13:51:36Z</time></trkpt><trkpt lat="46.086305" lon="7.353452"><ele>2685.8</ele><time>2026-03-13T13:51:37Z</time></trkpt><trkpt lat="46.086357" lon="7.35341"><ele>2681.2</ele><time>2026-03-13T13:51:38Z</time></trkpt><trkpt lat="46.086467" lon="7.353282"><ele>2676.2</ele><time>2026-03-13T13:51:40Z</time></trkpt><trkpt lat="46.086532" lon="7.353212"><ele>2673.6</ele><time>2026-03-13T13:51:41Z</time></trkpt><trkpt lat="46.08668" lon="7.353072"><ele>2668.8</ele><time>2026-03-13T13:51:43Z</time></trkpt><trkpt lat="46.086752" lon="7.353"><ele>2666.2</ele><time>2026-03-13T13:51:44Z</time></trkpt><trkpt lat="46.08682" lon="7.35293"><ele>2663.8</ele><time>2026-03-13T13:51:45Z</time></trkpt><trkpt lat="46.086887" lon="7.352855"><ele>2662.0</ele><time>2026-03-13T13:51:46Z</time></trkpt><trkpt lat="46.086947" lon="7.352777"><ele>2660.2</ele><time>2026-03-13T13:51:47Z</time></trkpt><trkpt lat="46.087007" lon="7.352697"><ele>2658.8</ele><time>2026-03-13T13:51:48Z</time></trkpt><trkpt lat="46.087065" lon="7.352622"><ele>2657.4</ele><time>2026-03-13T13:51:49Z</time></trkpt><trkpt lat="46.087127" lon="7.35255"><ele>2656.2</ele><time>2026-03-13T13:51:50Z</time></trkpt><trkpt lat="46.087192" lon="7.352507"><ele>2654.8</ele><time>2026-03-13T13:51:51Z</time></trkpt><trkpt lat="46.087252" lon="7.352495"><ele>2653.6</ele><time>2026-03-13T13:51:52Z</time></trkpt><trkpt lat="46.087307" lon="7.352485"><ele>2652.2</ele><time>2026-03-13T13:51:53Z</time></trkpt><trkpt lat="46.087335" lon="7.352455"><ele>2650.8</ele><time>2026-03-13T13:51:54Z</time></trkpt><trkpt lat="46.087345" lon="7.352432"><ele>2648.6</ele><time>2026-03-13T13:51:56Z</time></trkpt><trkpt lat="46.087352" lon="7.352435"><ele>2645.2</ele><time>2026-03-13T13:53:38Z</time></trkpt><trkpt lat="46.087362" lon="7.352412"><ele>2646.2</ele><time>2026-03-13T13:54:16Z</time></trkpt><trkpt lat="46.087382" lon="7.352402"><ele>2646.0</ele><time>2026-03-13T13:54:18Z</time></trkpt><trkpt lat="46.087397" lon="7.352385"><ele>2646.0</ele><time>2026-03-13T13:54:19Z</time></trkpt><trkpt lat="46.087425" lon="7.35236"><ele>2645.8</ele><time>2026-03-13T13:54:20Z</time></trkpt><trkpt lat="46.087462" lon="7.352327"><ele>2645.8</ele><time>2026-03-13T13:54:21Z</time></trkpt><trkpt lat="46.087575" lon="7.35232"><ele>2645.4</ele><time>2026-03-13T13:54:23Z</time></trkpt><trkpt lat="46.087637" lon="7.35228"><ele>2645.0</ele><time>2026-03-13T13:54:24Z</time></trkpt><trkpt lat="46.087695" lon="7.352248"><ele>2644.2</ele><time>2026-03-13T13:54:25Z</time></trkpt><trkpt lat="46.087747" lon="7.352205"><ele>2643.4</ele><time>2026-03-13T13:54:26Z</time></trkpt><trkpt lat="46.087797" lon="7.352182"><ele>2642.2</ele><time>2026-03-13T13:54:27Z</time></trkpt><trkpt lat="46.087847" lon="7.35214"><ele>2641.2</ele><time>2026-03-13T13:54:28Z</time></trkpt><trkpt lat="46.087902" lon="7.352087"><ele>2640.2</ele><time>2026-03-13T13:54:29Z</time></trkpt><trkpt lat="46.087957" lon="7.352062"><ele>2639.2</ele><time>2026-03-13T13:54:30Z</time></trkpt><trkpt lat="46.088012" lon="7.352015"><ele>2638.4</ele><time>2026-03-13T13:54:31Z</time></trkpt><trkpt lat="46.088142" lon="7.351917"><ele>2635.8</ele><time>2026-03-13T13:54:33Z</time></trkpt><trkpt lat="46.088217" lon="7.351872"><ele>2634.2</ele><time>2026-03-13T13:54:34Z</time></trkpt><trkpt lat="46.088367" lon="7.35176"><ele>2630.0</ele><time>2026-03-13T13:54:36Z</time></trkpt><trkpt lat="46.088437" lon="7.351702"><ele>2628.0</ele><time>2026-03-13T13:54:37Z</time></trkpt><trkpt lat="46.088487" lon="7.351625"><ele>2625.8</ele><time>2026-03-13T13:54:38Z</time></trkpt><trkpt lat="46.088537" lon="7.351542"><ele>2624.2</ele><time>2026-03-13T13:54:39Z</time></trkpt><trkpt lat="46.088602" lon="7.351487"><ele>2622.6</ele><time>2026-03-13T13:54:40Z</time></trkpt><trkpt lat="46.088667" lon="7.351432"><ele>2621.0</ele><time>2026-03-13T13:54:41Z</time></trkpt><trkpt lat="46.088732" lon="7.351372"><ele>2619.0</ele><time>2026-03-13T13:54:42Z</time></trkpt><trkpt lat="46.088805" lon="7.351327"><ele>2617.2</ele><time>2026-03-13T13:54:43Z</time></trkpt><trkpt lat="46.088867" lon="7.351267"><ele>2615.4</ele><time>2026-03-13T13:54:44Z</time></trkpt><trkpt lat="46.088922" lon="7.351205"><ele>2613.8</ele><time>2026-03-13T13:54:45Z</time></trkpt><trkpt lat="46.088972" lon="7.35115"><ele>2612.2</ele><time>2026-03-13T13:54:46Z</time></trkpt><trkpt lat="46.089017" lon="7.3511"><ele>2610.8</ele><time>2026-03-13T13:54:47Z</time></trkpt><trkpt lat="46.089057" lon="7.351055"><ele>2609.6</ele><time>2026-03-13T13:54:48Z</time></trkpt><trkpt lat="46.089097" lon="7.351012"><ele>2608.6</ele><time>2026-03-13T13:54:49Z</time></trkpt><trkpt lat="46.089167" lon="7.350927"><ele>2606.6</ele><time>2026-03-13T13:54:51Z</time></trkpt><trkpt lat="46.089202" lon="7.350882"><ele>2605.8</ele><time>2026-03-13T13:54:52Z</time></trkpt><trkpt lat="46.08923" lon="7.350837"><ele>2605.0</ele><time>2026-03-13T13:54:53Z</time></trkpt><trkpt lat="46.089255" lon="7.350792"><ele>2604.2</ele><time>2026-03-13T13:54:54Z</time></trkpt><trkpt lat="46.089277" lon="7.350742"><ele>2603.4</ele><time>2026-03-13T13:54:55Z</time></trkpt><trkpt lat="46.089297" lon="7.35069"><ele>2602.6</ele><time>2026-03-13T13:54:56Z</time></trkpt><trkpt lat="46.089312" lon="7.350632"><ele>2601.8</ele><time>2026-03-13T13:54:57Z</time></trkpt><trkpt lat="46.089332" lon="7.350567"><ele>2601.2</ele><time>2026-03-13T13:54:58Z</time></trkpt><trkpt lat="46.089357" lon="7.350502"><ele>2600.4</ele><time>2026-03-13T13:54:59Z</time></trkpt><trkpt lat="46.089392" lon="7.350355"><ele>2599.0</ele><time>2026-03-13T13:55:01Z</time></trkpt><trkpt lat="46.08941" lon="7.350278"><ele>2598.2</ele><time>2026-03-13T13:55:02Z</time></trkpt><trkpt lat="46.089432" lon="7.350205"><ele>2597.4</ele><time>2026-03-13T13:55:03Z</time></trkpt><trkpt lat="46.089452" lon="7.350132"><ele>2596.6</ele><time>2026-03-13T13:55:04Z</time></trkpt><trkpt lat="46.089477" lon="7.350062"><ele>2595.6</ele><time>2026-03-13T13:55:05Z</time></trkpt><trkpt lat="46.089505" lon="7.349992"><ele>2594.6</ele><time>2026-03-13T13:55:06Z</time></trkpt><trkpt lat="46.089527" lon="7.349928"><ele>2593.6</ele><time>2026-03-13T13:55:07Z</time></trkpt><trkpt lat="46.08955" lon="7.349872"><ele>2592.6</ele><time>2026-03-13T13:55:08Z</time></trkpt><trkpt lat="46.089572" lon="7.34982"><ele>2591.6</ele><time>2026-03-13T13:55:09Z</time></trkpt><trkpt lat="46.089592" lon="7.349765"><ele>2590.6</ele><time>2026-03-13T13:55:10Z</time></trkpt><trkpt lat="46.089612" lon="7.349707"><ele>2589.8</ele><time>2026-03-13T13:55:11Z</time></trkpt><trkpt lat="46.089632" lon="7.349647"><ele>2589.0</ele><time>2026-03-13T13:55:12Z</time></trkpt><trkpt lat="46.089652" lon="7.34959"><ele>2588.2</ele><time>2026-03-13T13:55:13Z</time></trkpt><trkpt lat="46.08967" lon="7.349532"><ele>2587.6</ele><time>2026-03-13T13:55:14Z</time></trkpt><trkpt lat="46.089687" lon="7.34947"><ele>2587.0</ele><time>2026-03-13T13:55:15Z</time></trkpt><trkpt lat="46.089707" lon="7.349407"><ele>2586.4</ele><time>2026-03-13T13:55:16Z</time></trkpt><trkpt lat="46.089727" lon="7.34934"><ele>2585.6</ele><time>2026-03-13T13:55:17Z</time></trkpt><trkpt lat="46.089742" lon="7.34928"><ele>2585.0</ele><time>2026-03-13T13:55:18Z</time></trkpt><trkpt lat="46.089752" lon="7.349235"><ele>2584.4</ele><time>2026-03-13T13:55:19Z</time></trkpt><trkpt lat="46.089757" lon="7.349207"><ele>2583.6</ele><time>2026-03-13T13:55:20Z</time></trkpt><trkpt lat="46.089767" lon="7.34918"><ele>2582.0</ele><time>2026-03-13T13:55:22Z</time></trkpt><trkpt lat="46.089775" lon="7.34917"><ele>2579.6</ele><time>2026-03-13T13:55:31Z</time></trkpt><trkpt lat="46.089782" lon="7.349142"><ele>2579.4</ele><time>2026-03-13T13:55:33Z</time></trkpt><trkpt lat="46.089792" lon="7.349103"><ele>2578.8</ele><time>2026-03-13T13:55:36Z</time></trkpt><trkpt lat="46.089802" lon="7.349072"><ele>2577.8</ele><time>2026-03-13T13:55:40Z</time></trkpt><trkpt lat="46.08982" lon="7.349012"><ele>2577.6</ele><time>2026-03-13T13:55:42Z</time></trkpt><trkpt lat="46.089837" lon="7.348942"><ele>2577.4</ele><time>2026-03-13T13:55:43Z</time></trkpt><trkpt lat="46.08986" lon="7.348812"><ele>2576.4</ele><time>2026-03-13T13:55:45Z</time></trkpt><trkpt lat="46.089862" lon="7.348767"><ele>2575.4</ele><time>2026-03-13T13:55:46Z</time></trkpt><trkpt lat="46.089862" lon="7.348727"><ele>2574.2</ele><time>2026-03-13T13:55:47Z</time></trkpt><trkpt lat="46.089867" lon="7.34868"><ele>2572.8</ele><time>2026-03-13T13:55:48Z</time></trkpt><trkpt lat="46.089872" lon="7.348612"><ele>2571.6</ele><time>2026-03-13T13:55:49Z</time></trkpt><trkpt lat="46.089872" lon="7.34846"><ele>2569.4</ele><time>2026-03-13T13:55:51Z</time></trkpt><trkpt lat="46.089877" lon="7.34839"><ele>2568.0</ele><time>2026-03-13T13:55:52Z</time></trkpt><trkpt lat="46.089885" lon="7.348307"><ele>2566.6</ele><time>2026-03-13T13:55:53Z</time></trkpt><trkpt lat="46.089897" lon="7.348197"><ele>2565.2</ele><time>2026-03-13T13:55:54Z</time></trkpt><trkpt lat="46.089925" lon="7.34809"><ele>2564.0</ele><time>2026-03-13T13:55:55Z</time></trkpt><trkpt lat="46.089962" lon="7.347997"><ele>2562.8</ele><time>2026-03-13T13:55:56Z</time></trkpt><trkpt lat="46.090007" lon="7.347915"><ele>2561.4</ele><time>2026-03-13T13:55:57Z</time></trkpt><trkpt lat="46.090052" lon="7.347842"><ele>2559.8</ele><time>2026-03-13T13:55:58Z</time></trkpt><trkpt lat="46.090097" lon="7.347787"><ele>2558.6</ele><time>2026-03-13T13:55:59Z</time></trkpt><trkpt lat="46.090142" lon="7.347747"><ele>2557.2</ele><time>2026-03-13T13:56:00Z</time></trkpt><trkpt lat="46.090185" lon="7.34771"><ele>2556.2</ele><time>2026-03-13T13:56:01Z</time></trkpt><trkpt lat="46.09028" lon="7.34763"><ele>2554.4</ele><time>2026-03-13T13:56:03Z</time></trkpt><trkpt lat="46.09033" lon="7.347587"><ele>2553.8</ele><time>2026-03-13T13:56:04Z</time></trkpt><trkpt lat="46.09038" lon="7.347542"><ele>2553.2</ele><time>2026-03-13T13:56:05Z</time></trkpt><trkpt lat="46.090435" lon="7.347497"><ele>2552.6</ele><time>2026-03-13T13:56:06Z</time></trkpt><trkpt lat="46.090492" lon="7.34745"><ele>2552.0</ele><time>2026-03-13T13:56:07Z</time></trkpt><trkpt lat="46.09055" lon="7.347402"><ele>2551.2</ele><time>2026-03-13T13:56:08Z</time></trkpt><trkpt lat="46.09061" lon="7.347355"><ele>2550.4</ele><time>2026-03-13T13:56:09Z</time></trkpt><trkpt lat="46.090672" lon="7.34731"><ele>2549.4</ele><time>2026-03-13T13:56:10Z</time></trkpt><trkpt lat="46.090735" lon="7.34727"><ele>2548.4</ele><time>2026-03-13T13:56:11Z</time></trkpt><trkpt lat="46.090792" lon="7.347232"><ele>2547.4</ele><time>2026-03-13T13:56:12Z</time></trkpt><trkpt lat="46.090845" lon="7.347197"><ele>2546.6</ele><time>2026-03-13T13:56:13Z</time></trkpt><trkpt lat="46.09089" lon="7.347162"><ele>2545.8</ele><time>2026-03-13T13:56:14Z</time></trkpt><trkpt lat="46.090927" lon="7.347132"><ele>2545.0</ele><time>2026-03-13T13:56:15Z</time></trkpt><trkpt lat="46.090965" lon="7.347105"><ele>2544.4</ele><time>2026-03-13T13:56:16Z</time></trkpt><trkpt lat="46.091002" lon="7.347082"><ele>2544.0</ele><time>2026-03-13T13:56:17Z</time></trkpt><trkpt lat="46.091037" lon="7.34706"><ele>2543.4</ele><time>2026-03-13T13:56:18Z</time></trkpt><trkpt lat="46.091072" lon="7.347037"><ele>2543.0</ele><time>2026-03-13T13:56:19Z</time></trkpt><trkpt lat="46.091137" lon="7.346987"><ele>2542.0</ele><time>2026-03-13T13:56:21Z</time></trkpt><trkpt lat="46.091167" lon="7.346965"><ele>2541.6</ele><time>2026-03-13T13:56:22Z</time></trkpt><trkpt lat="46.091195" lon="7.346937"><ele>2541.0</ele><time>2026-03-13T13:56:23Z</time></trkpt><trkpt lat="46.091222" lon="7.346912"><ele>2540.6</ele><time>2026-03-13T13:56:24Z</time></trkpt><trkpt lat="46.091247" lon="7.346885"><ele>2540.2</ele><time>2026-03-13T13:56:25Z</time></trkpt><trkpt lat="46.091267" lon="7.346857"><ele>2539.8</ele><time>2026-03-13T13:56:26Z</time></trkpt><trkpt lat="46.091287" lon="7.346832"><ele>2539.6</ele><time>2026-03-13T13:56:27Z</time></trkpt><trkpt lat="46.091307" lon="7.346812"><ele>2539.2</ele><time>2026-03-13T13:56:28Z</time></trkpt><trkpt lat="46.09133" lon="7.346777"><ele>2538.6</ele><time>2026-03-13T13:56:30Z</time></trkpt><trkpt lat="46.091347" lon="7.346742"><ele>2538.0</ele><time>2026-03-13T13:56:32Z</time></trkpt><trkpt lat="46.091362" lon="7.346717"><ele>2537.4</ele><time>2026-03-13T13:56:34Z</time></trkpt><trkpt lat="46.091372" lon="7.346685"><ele>2537.0</ele><time>2026-03-13T13:56:36Z</time></trkpt><trkpt lat="46.091382" lon="7.346647"><ele>2536.6</ele><time>2026-03-13T13:56:39Z</time></trkpt><trkpt lat="46.091385" lon="7.34662"><ele>2536.2</ele><time>2026-03-13T13:56:41Z</time></trkpt><trkpt lat="46.09139" lon="7.346587"><ele>2536.0</ele><time>2026-03-13T13:56:43Z</time></trkpt><trkpt lat="46.091392" lon="7.34656"><ele>2536.0</ele><time>2026-03-13T13:56:45Z</time></trkpt><trkpt lat="46.091402" lon="7.346535"><ele>2535.8</ele><time>2026-03-13T13:56:47Z</time></trkpt><trkpt lat="46.091412" lon="7.346497"><ele>2535.6</ele><time>2026-03-13T13:56:49Z</time></trkpt><trkpt lat="46.091422" lon="7.346447"><ele>2535.4</ele><time>2026-03-13T13:56:51Z</time></trkpt><trkpt lat="46.091422" lon="7.346402"><ele>2535.2</ele><time>2026-03-13T13:56:53Z</time></trkpt><trkpt lat="46.091425" lon="7.346375"><ele>2534.6</ele><time>2026-03-13T13:56:59Z</time></trkpt><trkpt lat="46.091427" lon="7.346345"><ele>2534.4</ele><time>2026-03-13T13:57:02Z</time></trkpt><trkpt lat="46.091432" lon="7.346312"><ele>2534.2</ele><time>2026-03-13T13:57:04Z</time></trkpt><trkpt lat="46.09145" lon="7.346212"><ele>2533.8</ele><time>2026-03-13T13:57:06Z</time></trkpt><trkpt lat="46.09149" lon="7.346172"><ele>2533.8</ele><time>2026-03-13T13:57:07Z</time></trkpt><trkpt lat="46.091535" lon="7.346137"><ele>2533.6</ele><time>2026-03-13T13:57:08Z</time></trkpt><trkpt lat="46.091562" lon="7.346065"><ele>2533.0</ele><time>2026-03-13T13:57:09Z</time></trkpt><trkpt lat="46.091622" lon="7.346027"><ele>2532.0</ele><time>2026-03-13T13:57:10Z</time></trkpt><trkpt lat="46.091682" lon="7.346012"><ele>2530.8</ele><time>2026-03-13T13:57:11Z</time></trkpt><trkpt lat="46.091728" lon="7.345937"><ele>2529.4</ele><time>2026-03-13T13:57:12Z</time></trkpt><trkpt lat="46.091792" lon="7.34587"><ele>2527.4</ele><time>2026-03-13T13:57:13Z</time></trkpt><trkpt lat="46.091927" lon="7.345742"><ele>2523.0</ele><time>2026-03-13T13:57:15Z</time></trkpt><trkpt lat="46.091997" lon="7.345677"><ele>2520.4</ele><time>2026-03-13T13:57:16Z</time></trkpt><trkpt lat="46.092067" lon="7.345607"><ele>2517.8</ele><time>2026-03-13T13:57:17Z</time></trkpt><trkpt lat="46.092142" lon="7.34554"><ele>2515.2</ele><time>2026-03-13T13:57:18Z</time></trkpt><trkpt lat="46.092215" lon="7.345482"><ele>2513.4</ele><time>2026-03-13T13:57:19Z</time></trkpt><trkpt lat="46.092282" lon="7.345427"><ele>2511.6</ele><time>2026-03-13T13:57:20Z</time></trkpt><trkpt lat="46.092347" lon="7.345375"><ele>2510.0</ele><time>2026-03-13T13:57:21Z</time></trkpt><trkpt lat="46.09247" lon="7.345277"><ele>2507.6</ele><time>2026-03-13T13:57:23Z</time></trkpt><trkpt lat="46.092527" lon="7.345227"><ele>2506.6</ele><time>2026-03-13T13:57:24Z</time></trkpt><trkpt lat="46.092577" lon="7.345163"><ele>2505.8</ele><time>2026-03-13T13:57:25Z</time></trkpt><trkpt lat="46.092625" lon="7.345092"><ele>2505.0</ele><time>2026-03-13T13:57:26Z</time></trkpt><trkpt lat="46.092672" lon="7.345022"><ele>2504.2</ele><time>2026-03-13T13:57:27Z</time></trkpt><trkpt lat="46.092722" lon="7.34496"><ele>2503.6</ele><time>2026-03-13T13:57:28Z</time></trkpt><trkpt lat="46.092762" lon="7.344917"><ele>2502.8</ele><time>2026-03-13T13:57:29Z</time></trkpt><trkpt lat="46.092795" lon="7.344895"><ele>2502.0</ele><time>2026-03-13T13:57:30Z</time></trkpt><trkpt lat="46.092822" lon="7.344877"><ele>2501.2</ele><time>2026-03-13T13:57:31Z</time></trkpt><trkpt lat="46.092845" lon="7.344857"><ele>2500.4</ele><time>2026-03-13T13:57:32Z</time></trkpt><trkpt lat="46.092867" lon="7.34484"><ele>2500.0</ele><time>2026-03-13T13:57:33Z</time></trkpt><trkpt lat="46.092892" lon="7.344825"><ele>2499.8</ele><time>2026-03-13T13:57:34Z</time></trkpt><trkpt lat="46.092915" lon="7.344805"><ele>2499.6</ele><time>2026-03-13T13:57:35Z</time></trkpt><trkpt lat="46.092937" lon="7.344785"><ele>2499.2</ele><time>2026-03-13T13:57:36Z</time></trkpt><trkpt lat="46.092962" lon="7.344762"><ele>2499.0</ele><time>2026-03-13T13:57:37Z</time></trkpt><trkpt lat="46.092985" lon="7.344737"><ele>2499.0</ele><time>2026-03-13T13:57:38Z</time></trkpt><trkpt lat="46.09301" lon="7.344712"><ele>2498.8</ele><time>2026-03-13T13:57:39Z</time></trkpt><trkpt lat="46.09304" lon="7.344687"><ele>2498.8</ele><time>2026-03-13T13:57:40Z</time></trkpt><trkpt lat="46.093072" lon="7.344655"><ele>2498.6</ele><time>2026-03-13T13:57:41Z</time></trkpt><trkpt lat="46.093112" lon="7.344622"><ele>2498.4</ele><time>2026-03-13T13:57:42Z</time></trkpt><trkpt lat="46.093152" lon="7.344585"><ele>2498.2</ele><time>2026-03-13T13:57:43Z</time></trkpt><trkpt lat="46.093192" lon="7.344547"><ele>2497.8</ele><time>2026-03-13T13:57:44Z</time></trkpt><trkpt lat="46.093235" lon="7.344512"><ele>2497.4</ele><time>2026-03-13T13:57:45Z</time></trkpt><trkpt lat="46.093275" lon="7.344477"><ele>2497.0</ele><time>2026-03-13T13:57:46Z</time></trkpt><trkpt lat="46.093312" lon="7.344442"><ele>2496.4</ele><time>2026-03-13T13:57:47Z</time></trkpt><trkpt lat="46.093347" lon="7.344407"><ele>2496.2</ele><time>2026-03-13T13:57:48Z</time></trkpt><trkpt lat="46.09338" lon="7.344372"><ele>2495.8</ele><time>2026-03-13T13:57:49Z</time></trkpt><trkpt lat="46.093437" lon="7.344287"><ele>2495.0</ele><time>2026-03-13T13:57:51Z</time></trkpt><trkpt lat="46.093472" lon="7.344242"><ele>2494.6</ele><time>2026-03-13T13:57:52Z</time></trkpt><trkpt lat="46.093505" lon="7.344197"><ele>2494.2</ele><time>2026-03-13T13:57:53Z</time></trkpt><trkpt lat="46.093537" lon="7.344147"><ele>2493.8</ele><time>2026-03-13T13:57:54Z</time></trkpt><trkpt lat="46.093562" lon="7.344102"><ele>2493.2</ele><time>2026-03-13T13:57:55Z</time></trkpt><trkpt lat="46.093575" lon="7.344062"><ele>2492.8</ele><time>2026-03-13T13:57:56Z</time></trkpt><trkpt lat="46.093582" lon="7.344035"><ele>2492.2</ele><time>2026-03-13T13:57:57Z</time></trkpt><trkpt lat="46.093592" lon="7.344005"><ele>2491.2</ele><time>2026-03-13T13:57:59Z</time></trkpt><trkpt lat="46.0936" lon="7.343982"><ele>2490.6</ele><time>2026-03-13T13:58:00Z</time></trkpt><trkpt lat="46.093607" lon="7.343957"><ele>2490.2</ele><time>2026-03-13T13:58:01Z</time></trkpt><trkpt lat="46.093615" lon="7.343932"><ele>2489.8</ele><time>2026-03-13T13:58:02Z</time></trkpt><trkpt lat="46.093632" lon="7.343895"><ele>2489.4</ele><time>2026-03-13T13:58:03Z</time></trkpt><trkpt lat="46.093657" lon="7.343862"><ele>2489.2</ele><time>2026-03-13T13:58:04Z</time></trkpt><trkpt lat="46.093692" lon="7.343815"><ele>2488.8</ele><time>2026-03-13T13:58:05Z</time></trkpt><trkpt lat="46.093712" lon="7.34376"><ele>2488.4</ele><time>2026-03-13T13:58:06Z</time></trkpt><trkpt lat="46.093727" lon="7.343707"><ele>2488.0</ele><time>2026-03-13T13:58:07Z</time></trkpt><trkpt lat="46.093737" lon="7.343655"><ele>2487.4</ele><time>2026-03-13T13:58:08Z</time></trkpt><trkpt lat="46.093742" lon="7.3436"><ele>2486.8</ele><time>2026-03-13T13:58:09Z</time></trkpt><trkpt lat="46.09374" lon="7.343552"><ele>2486.2</ele><time>2026-03-13T13:58:10Z</time></trkpt><trkpt lat="46.093725" lon="7.343462"><ele>2485.0</ele><time>2026-03-13T13:58:12Z</time></trkpt><trkpt lat="46.093717" lon="7.343407"><ele>2484.4</ele><time>2026-03-13T13:58:13Z</time></trkpt><trkpt lat="46.09371" lon="7.343342"><ele>2483.8</ele><time>2026-03-13T13:58:14Z</time></trkpt><trkpt lat="46.093705" lon="7.343272"><ele>2483.4</ele><time>2026-03-13T13:58:15Z</time></trkpt><trkpt lat="46.093698" lon="7.343202"><ele>2483.0</ele><time>2026-03-13T13:58:16Z</time></trkpt><trkpt lat="46.093697" lon="7.34313"><ele>2482.4</ele><time>2026-03-13T13:58:17Z</time></trkpt><trkpt lat="46.093695" lon="7.343057"><ele>2481.8</ele><time>2026-03-13T13:58:18Z</time></trkpt><trkpt lat="46.093692" lon="7.342982"><ele>2481.0</ele><time>2026-03-13T13:58:19Z</time></trkpt><trkpt lat="46.09369" lon="7.342917"><ele>2480.2</ele><time>2026-03-13T13:58:20Z</time></trkpt><trkpt lat="46.093687" lon="7.342855"><ele>2479.4</ele><time>2026-03-13T13:58:21Z</time></trkpt><trkpt lat="46.09369" lon="7.342787"><ele>2478.8</ele><time>2026-03-13T13:58:22Z</time></trkpt><trkpt lat="46.09369" lon="7.342722"><ele>2478.0</ele><time>2026-03-13T13:58:23Z</time></trkpt><trkpt lat="46.093692" lon="7.342657"><ele>2477.2</ele><time>2026-03-13T13:58:24Z</time></trkpt><trkpt lat="46.093695" lon="7.342602"><ele>2476.6</ele><time>2026-03-13T13:58:25Z</time></trkpt><trkpt lat="46.093697" lon="7.342512"><ele>2474.8</ele><time>2026-03-13T13:58:27Z</time></trkpt><trkpt lat="46.093697" lon="7.342477"><ele>2473.8</ele><time>2026-03-13T13:58:28Z</time></trkpt><trkpt lat="46.093698" lon="7.342447"><ele>2473.0</ele><time>2026-03-13T13:58:29Z</time></trkpt><trkpt lat="46.093702" lon="7.342415"><ele>2472.4</ele><time>2026-03-13T13:58:30Z</time></trkpt><trkpt lat="46.093702" lon="7.34238"><ele>2471.8</ele><time>2026-03-13T13:58:31Z</time></trkpt><trkpt lat="46.093707" lon="7.342337"><ele>2471.4</ele><time>2026-03-13T13:58:32Z</time></trkpt><trkpt lat="46.093717" lon="7.342277"><ele>2471.0</ele><time>2026-03-13T13:58:33Z</time></trkpt><trkpt lat="46.093742" lon="7.342202"><ele>2470.4</ele><time>2026-03-13T13:58:34Z</time></trkpt><trkpt lat="46.093783" lon="7.342127"><ele>2470.0</ele><time>2026-03-13T13:58:35Z</time></trkpt><trkpt lat="46.093807" lon="7.342037"><ele>2469.4</ele><time>2026-03-13T13:58:36Z</time></trkpt><trkpt lat="46.093812" lon="7.34194"><ele>2468.4</ele><time>2026-03-13T13:58:37Z</time></trkpt><trkpt lat="46.093832" lon="7.341862"><ele>2467.4</ele><time>2026-03-13T13:58:38Z</time></trkpt><trkpt lat="46.093852" lon="7.341777"><ele>2465.8</ele><time>2026-03-13T13:58:39Z</time></trkpt><trkpt lat="46.093877" lon="7.341687"><ele>2464.2</ele><time>2026-03-13T13:58:40Z</time></trkpt><trkpt lat="46.09389" lon="7.341595"><ele>2462.8</ele><time>2026-03-13T13:58:41Z</time></trkpt><trkpt lat="46.093915" lon="7.341512"><ele>2461.4</ele><time>2026-03-13T13:58:42Z</time></trkpt><trkpt lat="46.093945" lon="7.341427"><ele>2459.8</ele><time>2026-03-13T13:58:43Z</time></trkpt><trkpt lat="46.094017" lon="7.34129"><ele>2457.0</ele><time>2026-03-13T13:58:45Z</time></trkpt><trkpt lat="46.09403" lon="7.3412"><ele>2455.8</ele><time>2026-03-13T13:58:46Z</time></trkpt><trkpt lat="46.094042" lon="7.34112"><ele>2454.4</ele><time>2026-03-13T13:58:47Z</time></trkpt><trkpt lat="46.094047" lon="7.341052"><ele>2452.8</ele><time>2026-03-13T13:58:48Z</time></trkpt><trkpt lat="46.09405" lon="7.341007"><ele>2451.2</ele><time>2026-03-13T13:58:49Z</time></trkpt><trkpt lat="46.094052" lon="7.340982"><ele>2449.8</ele><time>2026-03-13T13:58:50Z</time></trkpt><trkpt lat="46.094052" lon="7.340965"><ele>2447.6</ele><time>2026-03-13T13:58:52Z</time></trkpt><trkpt lat="46.094052" lon="7.34096"><ele>2445.0</ele><time>2026-03-13T13:59:32Z</time></trkpt><trkpt lat="46.094078" lon="7.340907"><ele>2445.0</ele><time>2026-03-13T13:59:34Z</time></trkpt><trkpt lat="46.09412" lon="7.340897"><ele>2444.8</ele><time>2026-03-13T13:59:35Z</time></trkpt><trkpt lat="46.094147" lon="7.340925"><ele>2444.8</ele><time>2026-03-13T13:59:36Z</time></trkpt><trkpt lat="46.094175" lon="7.340952"><ele>2444.6</ele><time>2026-03-13T13:59:37Z</time></trkpt><trkpt lat="46.094252" lon="7.340935"><ele>2443.2</ele><time>2026-03-13T13:59:39Z</time></trkpt><trkpt lat="46.094277" lon="7.340865"><ele>2442.4</ele><time>2026-03-13T13:59:40Z</time></trkpt><trkpt lat="46.094327" lon="7.340782"><ele>2441.6</ele><time>2026-03-13T13:59:41Z</time></trkpt><trkpt lat="46.094387" lon="7.340712"><ele>2440.2</ele><time>2026-03-13T13:59:42Z</time></trkpt><trkpt lat="46.094452" lon="7.34065"><ele>2438.4</ele><time>2026-03-13T13:59:43Z</time></trkpt><trkpt lat="46.094527" lon="7.340592"><ele>2436.6</ele><time>2026-03-13T13:59:44Z</time></trkpt><trkpt lat="46.094602" lon="7.340562"><ele>2435.0</ele><time>2026-03-13T13:59:45Z</time></trkpt><trkpt lat="46.094672" lon="7.340547"><ele>2433.4</ele><time>2026-03-13T13:59:46Z</time></trkpt><trkpt lat="46.094732" lon="7.340537"><ele>2431.8</ele><time>2026-03-13T13:59:47Z</time></trkpt><trkpt lat="46.094787" lon="7.34053"><ele>2430.2</ele><time>2026-03-13T13:59:48Z</time></trkpt><trkpt lat="46.094838" lon="7.340517"><ele>2429.2</ele><time>2026-03-13T13:59:49Z</time></trkpt><trkpt lat="46.09489" lon="7.340497"><ele>2428.2</ele><time>2026-03-13T13:59:50Z</time></trkpt><trkpt lat="46.094942" lon="7.34048"><ele>2427.4</ele><time>2026-03-13T13:59:51Z</time></trkpt><trkpt lat="46.094987" lon="7.340452"><ele>2427.0</ele><time>2026-03-13T13:59:52Z</time></trkpt><trkpt lat="46.095037" lon="7.340427"><ele>2426.2</ele><time>2026-03-13T13:59:53Z</time></trkpt><trkpt lat="46.095102" lon="7.34042"><ele>2425.6</ele><time>2026-03-13T13:59:54Z</time></trkpt><trkpt lat="46.095167" lon="7.34046"><ele>2425.0</ele><time>2026-03-13T13:59:55Z</time></trkpt><trkpt lat="46.095247" lon="7.340502"><ele>2424.4</ele><time>2026-03-13T13:59:56Z</time></trkpt><trkpt lat="46.095332" lon="7.340493"><ele>2423.2</ele><time>2026-03-13T13:59:57Z</time></trkpt><trkpt lat="46.095425" lon="7.340467"><ele>2422.0</ele><time>2026-03-13T13:59:58Z</time></trkpt><trkpt lat="46.095517" lon="7.340457"><ele>2420.4</ele><time>2026-03-13T13:59:59Z</time></trkpt><trkpt lat="46.095615" lon="7.340462"><ele>2418.4</ele><time>2026-03-13T14:00:00Z</time></trkpt><trkpt lat="46.095772" lon="7.340472"><ele>2414.0</ele><time>2026-03-13T14:00:02Z</time></trkpt><trkpt lat="46.095835" lon="7.340472"><ele>2411.0</ele><time>2026-03-13T14:00:03Z</time></trkpt><trkpt lat="46.095887" lon="7.34047"><ele>2410.0</ele><time>2026-03-13T14:00:04Z</time></trkpt><trkpt lat="46.095937" lon="7.340462"><ele>2409.4</ele><time>2026-03-13T14:00:05Z</time></trkpt><trkpt lat="46.095978" lon="7.340457"><ele>2408.8</ele><time>2026-03-13T14:00:06Z</time></trkpt><trkpt lat="46.09602" lon="7.340447"><ele>2408.6</ele><time>2026-03-13T14:00:07Z</time></trkpt><trkpt lat="46.09606" lon="7.340442"><ele>2408.2</ele><time>2026-03-13T14:00:08Z</time></trkpt><trkpt lat="46.096097" lon="7.340435"><ele>2408.0</ele><time>2026-03-13T14:00:09Z</time></trkpt><trkpt lat="46.096132" lon="7.340428"><ele>2407.8</ele><time>2026-03-13T14:00:10Z</time></trkpt><trkpt lat="46.096167" lon="7.340427"><ele>2407.6</ele><time>2026-03-13T14:00:11Z</time></trkpt><trkpt lat="46.096202" lon="7.340422"><ele>2407.4</ele><time>2026-03-13T14:00:12Z</time></trkpt><trkpt lat="46.096242" lon="7.340417"><ele>2407.4</ele><time>2026-03-13T14:00:13Z</time></trkpt><trkpt lat="46.096322" lon="7.340412"><ele>2407.2</ele><time>2026-03-13T14:00:15Z</time></trkpt><trkpt lat="46.096367" lon="7.340412"><ele>2407.0</ele><time>2026-03-13T14:00:16Z</time></trkpt><trkpt lat="46.096412" lon="7.340407"><ele>2406.8</ele><time>2026-03-13T14:00:17Z</time></trkpt><trkpt lat="46.096462" lon="7.340397"><ele>2406.6</ele><time>2026-03-13T14:00:18Z</time></trkpt><trkpt lat="46.096517" lon="7.340385"><ele>2406.2</ele><time>2026-03-13T14:00:19Z</time></trkpt><trkpt lat="46.096575" lon="7.340372"><ele>2406.0</ele><time>2026-03-13T14:00:20Z</time></trkpt><trkpt lat="46.09664" lon="7.34037"><ele>2405.6</ele><time>2026-03-13T14:00:21Z</time></trkpt><trkpt lat="46.096707" lon="7.340382"><ele>2405.0</ele><time>2026-03-13T14:00:22Z</time></trkpt><trkpt lat="46.096777" lon="7.340397"><ele>2404.2</ele><time>2026-03-13T14:00:23Z</time></trkpt><trkpt lat="46.096852" lon="7.340377"><ele>2403.6</ele><time>2026-03-13T14:00:24Z</time></trkpt><trkpt lat="46.096915" lon="7.340325"><ele>2402.8</ele><time>2026-03-13T14:00:25Z</time></trkpt><trkpt lat="46.096985" lon="7.340302"><ele>2402.0</ele><time>2026-03-13T14:00:26Z</time></trkpt><trkpt lat="46.09705" lon="7.340307"><ele>2401.0</ele><time>2026-03-13T14:00:27Z</time></trkpt><trkpt lat="46.097118" lon="7.340297"><ele>2400.0</ele><time>2026-03-13T14:00:28Z</time></trkpt><trkpt lat="46.097192" lon="7.340277"><ele>2399.0</ele><time>2026-03-13T14:00:29Z</time></trkpt><trkpt lat="46.097262" lon="7.340267"><ele>2398.0</ele><time>2026-03-13T14:00:30Z</time></trkpt><trkpt lat="46.097322" lon="7.340227"><ele>2396.8</ele><time>2026-03-13T14:00:31Z</time></trkpt><trkpt lat="46.097372" lon="7.340187"><ele>2395.8</ele><time>2026-03-13T14:00:32Z</time></trkpt><trkpt lat="46.097407" lon="7.34014"><ele>2394.6</ele><time>2026-03-13T14:00:33Z</time></trkpt><trkpt lat="46.097447" lon="7.340097"><ele>2393.6</ele><time>2026-03-13T14:00:34Z</time></trkpt><trkpt lat="46.09749" lon="7.340057"><ele>2393.0</ele><time>2026-03-13T14:00:35Z</time></trkpt><trkpt lat="46.097537" lon="7.34002"><ele>2392.4</ele><time>2026-03-13T14:00:36Z</time></trkpt><trkpt lat="46.097597" lon="7.339977"><ele>2391.8</ele><time>2026-03-13T14:00:37Z</time></trkpt><trkpt lat="46.097735" lon="7.339927"><ele>2390.6</ele><time>2026-03-13T14:00:39Z</time></trkpt><trkpt lat="46.0978" lon="7.339927"><ele>2389.8</ele><time>2026-03-13T14:00:40Z</time></trkpt><trkpt lat="46.09787" lon="7.339907"><ele>2388.8</ele><time>2026-03-13T14:00:41Z</time></trkpt><trkpt lat="46.097932" lon="7.339907"><ele>2387.6</ele><time>2026-03-13T14:00:42Z</time></trkpt><trkpt lat="46.097997" lon="7.339915"><ele>2386.6</ele><time>2026-03-13T14:00:43Z</time></trkpt><trkpt lat="46.09805" lon="7.339935"><ele>2385.4</ele><time>2026-03-13T14:00:44Z</time></trkpt><trkpt lat="46.098102" lon="7.339947"><ele>2384.4</ele><time>2026-03-13T14:00:45Z</time></trkpt><trkpt lat="46.09816" lon="7.33995"><ele>2383.6</ele><time>2026-03-13T14:00:46Z</time></trkpt><trkpt lat="46.098215" lon="7.339952"><ele>2382.8</ele><time>2026-03-13T14:00:47Z</time></trkpt><trkpt lat="46.098272" lon="7.339953"><ele>2382.2</ele><time>2026-03-13T14:00:48Z</time></trkpt><trkpt lat="46.098327" lon="7.339957"><ele>2381.6</ele><time>2026-03-13T14:00:49Z</time></trkpt><trkpt lat="46.098377" lon="7.33996"><ele>2381.0</ele><time>2026-03-13T14:00:50Z</time></trkpt><trkpt lat="46.098427" lon="7.339952"><ele>2380.4</ele><time>2026-03-13T14:00:51Z</time></trkpt><trkpt lat="46.098477" lon="7.339945"><ele>2379.8</ele><time>2026-03-13T14:00:52Z</time></trkpt><trkpt lat="46.098525" lon="7.33994"><ele>2379.2</ele><time>2026-03-13T14:00:53Z</time></trkpt><trkpt lat="46.098572" lon="7.339932"><ele>2378.6</ele><time>2026-03-13T14:00:54Z</time></trkpt><trkpt lat="46.098622" lon="7.339932"><ele>2378.2</ele><time>2026-03-13T14:00:55Z</time></trkpt><trkpt lat="46.09867" lon="7.339927"><ele>2377.8</ele><time>2026-03-13T14:00:56Z</time></trkpt><trkpt lat="46.098722" lon="7.339912"><ele>2377.4</ele><time>2026-03-13T14:00:57Z</time></trkpt><trkpt lat="46.098782" lon="7.339905"><ele>2377.0</ele><time>2026-03-13T14:00:58Z</time></trkpt><trkpt lat="46.09884" lon="7.339888"><ele>2376.6</ele><time>2026-03-13T14:00:59Z</time></trkpt><trkpt lat="46.098897" lon="7.339867"><ele>2376.0</ele><time>2026-03-13T14:01:00Z</time></trkpt><trkpt lat="46.098957" lon="7.339842"><ele>2375.4</ele><time>2026-03-13T14:01:01Z</time></trkpt><trkpt lat="46.09901" lon="7.339827"><ele>2374.8</ele><time>2026-03-13T14:01:02Z</time></trkpt><trkpt lat="46.099055" lon="7.339812"><ele>2374.2</ele><time>2026-03-13T14:01:03Z</time></trkpt><trkpt lat="46.0991" lon="7.339805"><ele>2373.6</ele><time>2026-03-13T14:01:04Z</time></trkpt><trkpt lat="46.09915" lon="7.339797"><ele>2373.2</ele><time>2026-03-13T14:01:05Z</time></trkpt><trkpt lat="46.099202" lon="7.339787"><ele>2372.6</ele><time>2026-03-13T14:01:06Z</time></trkpt><trkpt lat="46.099257" lon="7.339767"><ele>2372.2</ele><time>2026-03-13T14:01:07Z</time></trkpt><trkpt lat="46.099312" lon="7.339735"><ele>2371.8</ele><time>2026-03-13T14:01:08Z</time></trkpt><trkpt lat="46.099377" lon="7.339697"><ele>2371.2</ele><time>2026-03-13T14:01:09Z</time></trkpt><trkpt lat="46.099437" lon="7.339655"><ele>2370.6</ele><time>2026-03-13T14:01:10Z</time></trkpt><trkpt lat="46.0995" lon="7.339617"><ele>2370.0</ele><time>2026-03-13T14:01:11Z</time></trkpt><trkpt lat="46.099557" lon="7.339582"><ele>2369.2</ele><time>2026-03-13T14:01:12Z</time></trkpt><trkpt lat="46.099612" lon="7.339555"><ele>2368.4</ele><time>2026-03-13T14:01:13Z</time></trkpt><trkpt lat="46.099662" lon="7.339537"><ele>2367.4</ele><time>2026-03-13T14:01:14Z</time></trkpt><trkpt lat="46.099717" lon="7.339517"><ele>2366.6</ele><time>2026-03-13T14:01:15Z</time></trkpt><trkpt lat="46.099772" lon="7.3395"><ele>2365.8</ele><time>2026-03-13T14:01:16Z</time></trkpt><trkpt lat="46.099825" lon="7.33948"><ele>2365.0</ele><time>2026-03-13T14:01:17Z</time></trkpt><trkpt lat="46.099875" lon="7.339452"><ele>2364.2</ele><time>2026-03-13T14:01:18Z</time></trkpt><trkpt lat="46.099927" lon="7.33943"><ele>2363.4</ele><time>2026-03-13T14:01:19Z</time></trkpt><trkpt lat="46.099977" lon="7.339407"><ele>2362.8</ele><time>2026-03-13T14:01:20Z</time></trkpt><trkpt lat="46.100027" lon="7.339387"><ele>2362.2</ele><time>2026-03-13T14:01:21Z</time></trkpt><trkpt lat="46.100077" lon="7.339357"><ele>2361.4</ele><time>2026-03-13T14:01:22Z</time></trkpt><trkpt lat="46.10013" lon="7.33933"><ele>2360.8</ele><time>2026-03-13T14:01:23Z</time></trkpt><trkpt lat="46.100185" lon="7.339295"><ele>2360.2</ele><time>2026-03-13T14:01:24Z</time></trkpt><trkpt lat="46.100237" lon="7.339267"><ele>2359.6</ele><time>2026-03-13T14:01:25Z</time></trkpt><trkpt lat="46.100282" lon="7.33924"><ele>2359.0</ele><time>2026-03-13T14:01:26Z</time></trkpt><trkpt lat="46.100332" lon="7.339212"><ele>2358.2</ele><time>2026-03-13T14:01:27Z</time></trkpt><trkpt lat="46.100432" lon="7.339167"><ele>2356.8</ele><time>2026-03-13T14:01:29Z</time></trkpt><trkpt lat="46.100482" lon="7.339147"><ele>2356.0</ele><time>2026-03-13T14:01:30Z</time></trkpt><trkpt lat="46.100522" lon="7.339135"><ele>2355.4</ele><time>2026-03-13T14:01:31Z</time></trkpt><trkpt lat="46.100545" lon="7.339125"><ele>2354.8</ele><time>2026-03-13T14:01:32Z</time></trkpt><trkpt lat="46.100567" lon="7.339112"><ele>2354.2</ele><time>2026-03-13T14:01:33Z</time></trkpt><trkpt lat="46.100597" lon="7.3391"><ele>2353.6</ele><time>2026-03-13T14:01:34Z</time></trkpt><trkpt lat="46.10064" lon="7.33909"><ele>2353.0</ele><time>2026-03-13T14:01:35Z</time></trkpt><trkpt lat="46.100687" lon="7.339082"><ele>2352.8</ele><time>2026-03-13T14:01:36Z</time></trkpt><trkpt lat="46.100737" lon="7.33907"><ele>2352.4</ele><time>2026-03-13T14:01:37Z</time></trkpt><trkpt lat="46.10079" lon="7.339047"><ele>2351.8</ele><time>2026-03-13T14:01:38Z</time></trkpt><trkpt lat="46.100855" lon="7.339002"><ele>2351.2</ele><time>2026-03-13T14:01:39Z</time></trkpt><trkpt lat="46.100925" lon="7.338967"><ele>2350.6</ele><time>2026-03-13T14:01:40Z</time></trkpt><trkpt lat="46.100992" lon="7.338937"><ele>2349.8</ele><time>2026-03-13T14:01:41Z</time></trkpt><trkpt lat="46.101047" lon="7.33889"><ele>2348.6</ele><time>2026-03-13T14:01:42Z</time></trkpt><trkpt lat="46.101102" lon="7.338832"><ele>2347.4</ele><time>2026-03-13T14:01:43Z</time></trkpt><trkpt lat="46.101157" lon="7.33877"><ele>2346.2</ele><time>2026-03-13T14:01:44Z</time></trkpt><trkpt lat="46.101217" lon="7.338692"><ele>2345.2</ele><time>2026-03-13T14:01:45Z</time></trkpt><trkpt lat="46.101275" lon="7.338607"><ele>2344.4</ele><time>2026-03-13T14:01:46Z</time></trkpt><trkpt lat="46.101327" lon="7.338522"><ele>2343.4</ele><time>2026-03-13T14:01:47Z</time></trkpt><trkpt lat="46.101377" lon="7.33844"><ele>2342.4</ele><time>2026-03-13T14:01:48Z</time></trkpt><trkpt lat="46.101425" lon="7.338362"><ele>2341.4</ele><time>2026-03-13T14:01:49Z</time></trkpt><trkpt lat="46.101467" lon="7.338287"><ele>2340.4</ele><time>2026-03-13T14:01:50Z</time></trkpt><trkpt lat="46.101512" lon="7.33822"><ele>2339.6</ele><time>2026-03-13T14:01:51Z</time></trkpt><trkpt lat="46.101552" lon="7.33816"><ele>2338.8</ele><time>2026-03-13T14:01:52Z</time></trkpt><trkpt lat="46.101587" lon="7.338107"><ele>2338.2</ele><time>2026-03-13T14:01:53Z</time></trkpt><trkpt lat="46.101617" lon="7.338052"><ele>2337.6</ele><time>2026-03-13T14:01:54Z</time></trkpt><trkpt lat="46.101642" lon="7.338002"><ele>2337.0</ele><time>2026-03-13T14:01:55Z</time></trkpt><trkpt lat="46.101663" lon="7.33796"><ele>2336.8</ele><time>2026-03-13T14:01:56Z</time></trkpt><trkpt lat="46.101687" lon="7.337917"><ele>2336.4</ele><time>2026-03-13T14:01:57Z</time></trkpt><trkpt lat="46.101712" lon="7.337872"><ele>2336.4</ele><time>2026-03-13T14:01:58Z</time></trkpt><trkpt lat="46.10173" lon="7.337837"><ele>2336.2</ele><time>2026-03-13T14:01:59Z</time></trkpt><trkpt lat="46.10175" lon="7.337802"><ele>2335.8</ele><time>2026-03-13T14:02:00Z</time></trkpt><trkpt lat="46.101762" lon="7.337775"><ele>2335.6</ele><time>2026-03-13T14:02:01Z</time></trkpt><trkpt lat="46.101775" lon="7.337747"><ele>2335.4</ele><time>2026-03-13T14:02:02Z</time></trkpt><trkpt lat="46.101787" lon="7.337727"><ele>2335.4</ele><time>2026-03-13T14:02:03Z</time></trkpt><trkpt lat="46.101805" lon="7.3377"><ele>2335.4</ele><time>2026-03-13T14:02:06Z</time></trkpt><trkpt lat="46.101818" lon="7.337677"><ele>2335.6</ele><time>2026-03-13T14:02:08Z</time></trkpt><trkpt lat="46.101832" lon="7.337652"><ele>2335.6</ele><time>2026-03-13T14:02:09Z</time></trkpt><trkpt lat="46.101847" lon="7.337622"><ele>2335.6</ele><time>2026-03-13T14:02:10Z</time></trkpt><trkpt lat="46.101862" lon="7.337595"><ele>2335.6</ele><time>2026-03-13T14:02:11Z</time></trkpt><trkpt lat="46.101877" lon="7.337565"><ele>2335.6</ele><time>2026-03-13T14:02:12Z</time></trkpt><trkpt lat="46.101897" lon="7.337532"><ele>2335.6</ele><time>2026-03-13T14:02:13Z</time></trkpt><trkpt lat="46.101912" lon="7.337502"><ele>2335.4</ele><time>2026-03-13T14:02:15Z</time></trkpt><trkpt lat="46.101927" lon="7.337477"><ele>2335.2</ele><time>2026-03-13T14:02:18Z</time></trkpt><trkpt lat="46.10194" lon="7.337455"><ele>2335.2</ele><time>2026-03-13T14:02:21Z</time></trkpt><trkpt lat="46.101955" lon="7.337425"><ele>2335.4</ele><time>2026-03-13T14:02:24Z</time></trkpt><trkpt lat="46.101967" lon="7.337402"><ele>2335.4</ele><time>2026-03-13T14:02:26Z</time></trkpt><trkpt lat="46.10198" lon="7.337382"><ele>2335.4</ele><time>2026-03-13T14:02:28Z</time></trkpt><trkpt lat="46.101997" lon="7.33736"><ele>2335.6</ele><time>2026-03-13T14:02:30Z</time></trkpt><trkpt lat="46.102022" lon="7.337327"><ele>2335.4</ele><time>2026-03-13T14:02:32Z</time></trkpt><trkpt lat="46.102035" lon="7.337307"><ele>2335.4</ele><time>2026-03-13T14:02:33Z</time></trkpt><trkpt lat="46.102052" lon="7.337282"><ele>2335.2</ele><time>2026-03-13T14:02:34Z</time></trkpt><trkpt lat="46.102072" lon="7.337252"><ele>2335.2</ele><time>2026-03-13T14:02:35Z</time></trkpt><trkpt lat="46.102095" lon="7.337222"><ele>2335.0</ele><time>2026-03-13T14:02:36Z</time></trkpt><trkpt lat="46.10212" lon="7.337187"><ele>2334.8</ele><time>2026-03-13T14:02:37Z</time></trkpt><trkpt lat="46.102145" lon="7.337147"><ele>2334.6</ele><time>2026-03-13T14:02:38Z</time></trkpt><trkpt lat="46.102172" lon="7.33711"><ele>2334.2</ele><time>2026-03-13T14:02:39Z</time></trkpt><trkpt lat="46.102195" lon="7.337072"><ele>2333.8</ele><time>2026-03-13T14:02:40Z</time></trkpt><trkpt lat="46.102217" lon="7.337042"><ele>2333.6</ele><time>2026-03-13T14:02:41Z</time></trkpt><trkpt lat="46.102235" lon="7.337017"><ele>2333.2</ele><time>2026-03-13T14:02:42Z</time></trkpt><trkpt lat="46.102247" lon="7.336997"><ele>2333.0</ele><time>2026-03-13T14:02:43Z</time></trkpt><trkpt lat="46.102262" lon="7.336975"><ele>2333.0</ele><time>2026-03-13T14:02:48Z</time></trkpt><trkpt lat="46.102277" lon="7.336955"><ele>2332.8</ele><time>2026-03-13T14:02:52Z</time></trkpt><trkpt lat="46.102292" lon="7.336937"><ele>2332.8</ele><time>2026-03-13T14:02:55Z</time></trkpt><trkpt lat="46.102305" lon="7.336917"><ele>2332.6</ele><time>2026-03-13T14:02:58Z</time></trkpt><trkpt lat="46.102315" lon="7.336895"><ele>2332.8</ele><time>2026-03-13T14:03:02Z</time></trkpt><trkpt lat="46.102325" lon="7.336872"><ele>2332.6</ele><time>2026-03-13T14:03:05Z</time></trkpt><trkpt lat="46.102335" lon="7.33685"><ele>2332.6</ele><time>2026-03-13T14:03:08Z</time></trkpt><trkpt lat="46.102347" lon="7.336825"><ele>2332.4</ele><time>2026-03-13T14:03:11Z</time></trkpt><trkpt lat="46.102357" lon="7.336802"><ele>2332.4</ele><time>2026-03-13T14:03:14Z</time></trkpt><trkpt lat="46.10237" lon="7.336782"><ele>2332.4</ele><time>2026-03-13T14:03:17Z</time></trkpt><trkpt lat="46.102385" lon="7.336765"><ele>2332.4</ele><time>2026-03-13T14:03:20Z</time></trkpt><trkpt lat="46.102402" lon="7.336747"><ele>2332.4</ele><time>2026-03-13T14:03:24Z</time></trkpt><trkpt lat="46.102417" lon="7.336732"><ele>2332.4</ele><time>2026-03-13T14:03:26Z</time></trkpt><trkpt lat="46.102432" lon="7.336717"><ele>2331.2</ele><time>2026-03-13T14:04:59Z</time></trkpt><trkpt lat="46.102442" lon="7.336692"><ele>2331.0</ele><time>2026-03-13T14:05:01Z</time></trkpt><trkpt lat="46.10246" lon="7.336662"><ele>2331.0</ele><time>2026-03-13T14:05:03Z</time></trkpt><trkpt lat="46.102477" lon="7.336632"><ele>2331.0</ele><time>2026-03-13T14:05:06Z</time></trkpt><trkpt lat="46.102487" lon="7.33661"><ele>2330.8</ele><time>2026-03-13T14:05:08Z</time></trkpt><trkpt lat="46.102497" lon="7.336582"><ele>2330.4</ele><time>2026-03-13T14:05:10Z</time></trkpt><trkpt lat="46.102512" lon="7.336547"><ele>2330.2</ele><time>2026-03-13T14:05:12Z</time></trkpt><trkpt lat="46.102522" lon="7.336522"><ele>2330.0</ele><time>2026-03-13T14:05:13Z</time></trkpt><trkpt lat="46.102532" lon="7.336495"><ele>2330.0</ele><time>2026-03-13T14:05:14Z</time></trkpt><trkpt lat="46.102552" lon="7.336462"><ele>2330.0</ele><time>2026-03-13T14:05:15Z</time></trkpt><trkpt lat="46.102585" lon="7.336442"><ele>2330.0</ele><time>2026-03-13T14:05:16Z</time></trkpt><trkpt lat="46.102617" lon="7.336437"><ele>2329.8</ele><time>2026-03-13T14:05:17Z</time></trkpt><trkpt lat="46.102645" lon="7.336432"><ele>2329.6</ele><time>2026-03-13T14:05:18Z</time></trkpt><trkpt lat="46.10266" lon="7.336387"><ele>2329.4</ele><time>2026-03-13T14:05:19Z</time></trkpt><trkpt lat="46.102707" lon="7.336312"><ele>2328.6</ele><time>2026-03-13T14:05:21Z</time></trkpt><trkpt lat="46.102727" lon="7.336292"><ele>2328.0</ele><time>2026-03-13T14:05:22Z</time></trkpt><trkpt lat="46.102737" lon="7.33627"><ele>2327.2</ele><time>2026-03-13T14:05:23Z</time></trkpt><trkpt lat="46.102742" lon="7.336247"><ele>2326.0</ele><time>2026-03-13T14:05:24Z</time></trkpt><trkpt lat="46.102752" lon="7.336227"><ele>2324.8</ele><time>2026-03-13T14:05:25Z</time></trkpt><trkpt lat="46.10278" lon="7.336197"><ele>2323.0</ele><time>2026-03-13T14:05:27Z</time></trkpt><trkpt lat="46.1028" lon="7.336182"><ele>2322.0</ele><time>2026-03-13T14:05:28Z</time></trkpt><trkpt lat="46.102837" lon="7.336155"><ele>2321.2</ele><time>2026-03-13T14:05:29Z</time></trkpt><trkpt lat="46.102877" lon="7.336132"><ele>2320.4</ele><time>2026-03-13T14:05:30Z</time></trkpt><trkpt lat="46.102907" lon="7.336112"><ele>2319.6</ele><time>2026-03-13T14:05:31Z</time></trkpt><trkpt lat="46.102935" lon="7.336092"><ele>2319.0</ele><time>2026-03-13T14:05:32Z</time></trkpt><trkpt lat="46.10296" lon="7.336067"><ele>2318.0</ele><time>2026-03-13T14:05:33Z</time></trkpt><trkpt lat="46.102995" lon="7.336045"><ele>2317.0</ele><time>2026-03-13T14:05:34Z</time></trkpt><trkpt lat="46.103032" lon="7.33602"><ele>2316.2</ele><time>2026-03-13T14:05:35Z</time></trkpt><trkpt lat="46.10307" lon="7.335992"><ele>2315.4</ele><time>2026-03-13T14:05:36Z</time></trkpt><trkpt lat="46.103112" lon="7.335937"><ele>2314.6</ele><time>2026-03-13T14:05:37Z</time></trkpt><trkpt lat="46.103162" lon="7.335872"><ele>2313.8</ele><time>2026-03-13T14:05:38Z</time></trkpt><trkpt lat="46.103205" lon="7.335832"><ele>2313.0</ele><time>2026-03-13T14:05:39Z</time></trkpt><trkpt lat="46.103237" lon="7.335792"><ele>2312.0</ele><time>2026-03-13T14:05:40Z</time></trkpt><trkpt lat="46.103272" lon="7.335747"><ele>2311.0</ele><time>2026-03-13T14:05:41Z</time></trkpt><trkpt lat="46.103307" lon="7.3357"><ele>2309.8</ele><time>2026-03-13T14:05:42Z</time></trkpt><trkpt lat="46.10334" lon="7.335657"><ele>2308.8</ele><time>2026-03-13T14:05:43Z</time></trkpt><trkpt lat="46.103372" lon="7.335627"><ele>2307.8</ele><time>2026-03-13T14:05:44Z</time></trkpt><trkpt lat="46.103407" lon="7.335587"><ele>2306.8</ele><time>2026-03-13T14:05:45Z</time></trkpt><trkpt lat="46.103437" lon="7.335552"><ele>2305.8</ele><time>2026-03-13T14:05:46Z</time></trkpt><trkpt lat="46.10346" lon="7.335507"><ele>2305.0</ele><time>2026-03-13T14:05:47Z</time></trkpt><trkpt lat="46.103472" lon="7.335467"><ele>2304.0</ele><time>2026-03-13T14:05:48Z</time></trkpt><trkpt lat="46.103477" lon="7.335422"><ele>2303.2</ele><time>2026-03-13T14:05:49Z</time></trkpt><trkpt lat="46.103475" lon="7.335387"><ele>2302.4</ele><time>2026-03-13T14:05:50Z</time></trkpt><trkpt lat="46.103447" lon="7.335357"><ele>2301.6</ele><time>2026-03-13T14:05:51Z</time></trkpt><trkpt lat="46.10344" lon="7.33531"><ele>2301.0</ele><time>2026-03-13T14:05:52Z</time></trkpt><trkpt lat="46.10344" lon="7.335225"><ele>2299.8</ele><time>2026-03-13T14:05:54Z</time></trkpt><trkpt lat="46.103437" lon="7.335187"><ele>2299.0</ele><time>2026-03-13T14:05:55Z</time></trkpt><trkpt lat="46.103435" lon="7.33515"><ele>2298.0</ele><time>2026-03-13T14:05:56Z</time></trkpt><trkpt lat="46.103432" lon="7.335107"><ele>2297.0</ele><time>2026-03-13T14:05:57Z</time></trkpt><trkpt lat="46.103432" lon="7.335045"><ele>2295.8</ele><time>2026-03-13T14:05:58Z</time></trkpt><trkpt lat="46.10343" lon="7.334985"><ele>2294.6</ele><time>2026-03-13T14:05:59Z</time></trkpt><trkpt lat="46.10343" lon="7.33494"><ele>2293.4</ele><time>2026-03-13T14:06:00Z</time></trkpt><trkpt lat="46.103425" lon="7.334892"><ele>2292.4</ele><time>2026-03-13T14:06:01Z</time></trkpt><trkpt lat="46.103412" lon="7.334825"><ele>2291.4</ele><time>2026-03-13T14:06:02Z</time></trkpt><trkpt lat="46.103395" lon="7.334747"><ele>2290.2</ele><time>2026-03-13T14:06:03Z</time></trkpt><trkpt lat="46.103382" lon="7.334655"><ele>2289.2</ele><time>2026-03-13T14:06:04Z</time></trkpt><trkpt lat="46.103367" lon="7.334565"><ele>2288.4</ele><time>2026-03-13T14:06:05Z</time></trkpt><trkpt lat="46.10336" lon="7.33447"><ele>2287.4</ele><time>2026-03-13T14:06:06Z</time></trkpt><trkpt lat="46.103362" lon="7.334375"><ele>2286.2</ele><time>2026-03-13T14:06:07Z</time></trkpt><trkpt lat="46.103362" lon="7.334285"><ele>2285.4</ele><time>2026-03-13T14:06:08Z</time></trkpt><trkpt lat="46.10337" lon="7.334215"><ele>2284.4</ele><time>2026-03-13T14:06:09Z</time></trkpt><trkpt lat="46.10337" lon="7.334142"><ele>2283.8</ele><time>2026-03-13T14:06:10Z</time></trkpt><trkpt lat="46.10337" lon="7.334062"><ele>2283.0</ele><time>2026-03-13T14:06:11Z</time></trkpt><trkpt lat="46.103372" lon="7.333977"><ele>2282.2</ele><time>2026-03-13T14:06:12Z</time></trkpt><trkpt lat="46.103372" lon="7.333887"><ele>2281.6</ele><time>2026-03-13T14:06:13Z</time></trkpt><trkpt lat="46.103372" lon="7.333788"><ele>2281.0</ele><time>2026-03-13T14:06:14Z</time></trkpt><trkpt lat="46.103377" lon="7.333687"><ele>2280.4</ele><time>2026-03-13T14:06:15Z</time></trkpt><trkpt lat="46.103387" lon="7.333587"><ele>2279.6</ele><time>2026-03-13T14:06:16Z</time></trkpt><trkpt lat="46.103392" lon="7.33348"><ele>2278.8</ele><time>2026-03-13T14:06:17Z</time></trkpt><trkpt lat="46.103417" lon="7.3334"><ele>2278.0</ele><time>2026-03-13T14:06:18Z</time></trkpt><trkpt lat="46.103437" lon="7.333322"><ele>2277.2</ele><time>2026-03-13T14:06:19Z</time></trkpt><trkpt lat="46.10346" lon="7.333252"><ele>2276.4</ele><time>2026-03-13T14:06:20Z</time></trkpt><trkpt lat="46.103477" lon="7.333187"><ele>2275.6</ele><time>2026-03-13T14:06:21Z</time></trkpt><trkpt lat="46.103492" lon="7.33312"><ele>2274.8</ele><time>2026-03-13T14:06:22Z</time></trkpt><trkpt lat="46.103505" lon="7.333055"><ele>2274.0</ele><time>2026-03-13T14:06:23Z</time></trkpt><trkpt lat="46.103517" lon="7.332995"><ele>2273.4</ele><time>2026-03-13T14:06:24Z</time></trkpt><trkpt lat="46.103535" lon="7.332932"><ele>2272.8</ele><time>2026-03-13T14:06:25Z</time></trkpt><trkpt lat="46.103557" lon="7.332872"><ele>2272.2</ele><time>2026-03-13T14:06:26Z</time></trkpt><trkpt lat="46.103577" lon="7.332812"><ele>2271.8</ele><time>2026-03-13T14:06:27Z</time></trkpt><trkpt lat="46.1036" lon="7.332745"><ele>2271.2</ele><time>2026-03-13T14:06:28Z</time></trkpt><trkpt lat="46.103617" lon="7.332682"><ele>2270.8</ele><time>2026-03-13T14:06:29Z</time></trkpt><trkpt lat="46.103632" lon="7.332617"><ele>2270.2</ele><time>2026-03-13T14:06:30Z</time></trkpt><trkpt lat="46.103647" lon="7.332552"><ele>2269.8</ele><time>2026-03-13T14:06:31Z</time></trkpt><trkpt lat="46.103667" lon="7.33249"><ele>2269.2</ele><time>2026-03-13T14:06:32Z</time></trkpt><trkpt lat="46.103687" lon="7.332427"><ele>2268.8</ele><time>2026-03-13T14:06:33Z</time></trkpt><trkpt lat="46.103703" lon="7.332357"><ele>2268.4</ele><time>2026-03-13T14:06:34Z</time></trkpt><trkpt lat="46.103725" lon="7.332297"><ele>2268.2</ele><time>2026-03-13T14:06:35Z</time></trkpt><trkpt lat="46.103742" lon="7.332235"><ele>2267.8</ele><time>2026-03-13T14:06:36Z</time></trkpt><trkpt lat="46.103762" lon="7.332168"><ele>2267.2</ele><time>2026-03-13T14:06:37Z</time></trkpt><trkpt lat="46.10378" lon="7.332115"><ele>2266.6</ele><time>2026-03-13T14:06:38Z</time></trkpt><trkpt lat="46.103788" lon="7.332062"><ele>2266.0</ele><time>2026-03-13T14:06:39Z</time></trkpt><trkpt lat="46.103797" lon="7.331997"><ele>2265.4</ele><time>2026-03-13T14:06:40Z</time></trkpt><trkpt lat="46.103802" lon="7.331917"><ele>2265.0</ele><time>2026-03-13T14:06:41Z</time></trkpt><trkpt lat="46.10381" lon="7.33183"><ele>2264.6</ele><time>2026-03-13T14:06:42Z</time></trkpt><trkpt lat="46.103832" lon="7.331752"><ele>2264.2</ele><time>2026-03-13T14:06:43Z</time></trkpt><trkpt lat="46.103852" lon="7.331717"><ele>2263.8</ele><time>2026-03-13T14:06:44Z</time></trkpt><trkpt lat="46.103862" lon="7.331682"><ele>2263.2</ele><time>2026-03-13T14:06:45Z</time></trkpt><trkpt lat="46.103877" lon="7.331635"><ele>2262.6</ele><time>2026-03-13T14:06:46Z</time></trkpt><trkpt lat="46.103895" lon="7.331587"><ele>2262.2</ele><time>2026-03-13T14:06:47Z</time></trkpt><trkpt lat="46.103922" lon="7.33153"><ele>2262.0</ele><time>2026-03-13T14:06:48Z</time></trkpt><trkpt lat="46.103952" lon="7.331477"><ele>2261.8</ele><time>2026-03-13T14:06:49Z</time></trkpt><trkpt lat="46.103977" lon="7.331432"><ele>2261.4</ele><time>2026-03-13T14:06:50Z</time></trkpt><trkpt lat="46.103997" lon="7.331372"><ele>2261.0</ele><time>2026-03-13T14:06:51Z</time></trkpt><trkpt lat="46.104013" lon="7.3313"><ele>2260.4</ele><time>2026-03-13T14:06:52Z</time></trkpt><trkpt lat="46.104037" lon="7.33122"><ele>2259.8</ele><time>2026-03-13T14:06:53Z</time></trkpt><trkpt lat="46.10406" lon="7.331167"><ele>2259.2</ele><time>2026-03-13T14:06:54Z</time></trkpt><trkpt lat="46.104077" lon="7.331137"><ele>2258.6</ele><time>2026-03-13T14:06:55Z</time></trkpt><trkpt lat="46.104092" lon="7.331105"><ele>2257.8</ele><time>2026-03-13T14:06:56Z</time></trkpt><trkpt lat="46.104142" lon="7.331027"><ele>2256.4</ele><time>2026-03-13T14:06:58Z</time></trkpt><trkpt lat="46.104165" lon="7.331002"><ele>2255.8</ele><time>2026-03-13T14:06:59Z</time></trkpt><trkpt lat="46.104185" lon="7.330977"><ele>2255.2</ele><time>2026-03-13T14:07:00Z</time></trkpt><trkpt lat="46.104202" lon="7.330952"><ele>2254.8</ele><time>2026-03-13T14:07:01Z</time></trkpt><trkpt lat="46.104217" lon="7.33093"><ele>2254.2</ele><time>2026-03-13T14:07:02Z</time></trkpt><trkpt lat="46.104237" lon="7.330907"><ele>2253.6</ele><time>2026-03-13T14:07:03Z</time></trkpt><trkpt lat="46.104252" lon="7.330875"><ele>2253.2</ele><time>2026-03-13T14:07:04Z</time></trkpt><trkpt lat="46.104267" lon="7.330837"><ele>2252.8</ele><time>2026-03-13T14:07:05Z</time></trkpt><trkpt lat="46.104282" lon="7.330792"><ele>2252.4</ele><time>2026-03-13T14:07:06Z</time></trkpt><trkpt lat="46.10429" lon="7.330742"><ele>2252.0</ele><time>2026-03-13T14:07:07Z</time></trkpt><trkpt lat="46.104307" lon="7.330677"><ele>2251.6</ele><time>2026-03-13T14:07:08Z</time></trkpt><trkpt lat="46.10432" lon="7.330632"><ele>2251.2</ele><time>2026-03-13T14:07:09Z</time></trkpt><trkpt lat="46.104332" lon="7.330587"><ele>2250.6</ele><time>2026-03-13T14:07:10Z</time></trkpt><trkpt lat="46.10435" lon="7.330532"><ele>2250.0</ele><time>2026-03-13T14:07:11Z</time></trkpt><trkpt lat="46.104372" lon="7.33049"><ele>2249.4</ele><time>2026-03-13T14:07:12Z</time></trkpt><trkpt lat="46.104392" lon="7.330447"><ele>2249.0</ele><time>2026-03-13T14:07:13Z</time></trkpt><trkpt lat="46.104402" lon="7.330385"><ele>2248.4</ele><time>2026-03-13T14:07:14Z</time></trkpt><trkpt lat="46.104412" lon="7.33033"><ele>2247.8</ele><time>2026-03-13T14:07:15Z</time></trkpt><trkpt lat="46.104422" lon="7.33027"><ele>2247.4</ele><time>2026-03-13T14:07:16Z</time></trkpt><trkpt lat="46.104437" lon="7.330195"><ele>2246.8</ele><time>2026-03-13T14:07:17Z</time></trkpt><trkpt lat="46.104472" lon="7.330115"><ele>2246.4</ele><time>2026-03-13T14:07:18Z</time></trkpt><trkpt lat="46.104515" lon="7.330077"><ele>2245.8</ele><time>2026-03-13T14:07:19Z</time></trkpt><trkpt lat="46.104552" lon="7.33006"><ele>2245.0</ele><time>2026-03-13T14:07:20Z</time></trkpt><trkpt lat="46.104592" lon="7.330027"><ele>2244.2</ele><time>2026-03-13T14:07:21Z</time></trkpt><trkpt lat="46.104632" lon="7.329975"><ele>2243.6</ele><time>2026-03-13T14:07:22Z</time></trkpt><trkpt lat="46.104675" lon="7.329925"><ele>2243.0</ele><time>2026-03-13T14:07:23Z</time></trkpt><trkpt lat="46.104712" lon="7.32987"><ele>2242.4</ele><time>2026-03-13T14:07:24Z</time></trkpt><trkpt lat="46.104752" lon="7.329812"><ele>2242.0</ele><time>2026-03-13T14:07:25Z</time></trkpt><trkpt lat="46.104787" lon="7.329747"><ele>2241.4</ele><time>2026-03-13T14:07:26Z</time></trkpt><trkpt lat="46.104822" lon="7.32969"><ele>2241.0</ele><time>2026-03-13T14:07:27Z</time></trkpt><trkpt lat="46.104855" lon="7.329622"><ele>2240.4</ele><time>2026-03-13T14:07:28Z</time></trkpt><trkpt lat="46.10489" lon="7.329552"><ele>2239.6</ele><time>2026-03-13T14:07:29Z</time></trkpt><trkpt lat="46.104922" lon="7.329485"><ele>2239.0</ele><time>2026-03-13T14:07:30Z</time></trkpt><trkpt lat="46.104952" lon="7.329422"><ele>2238.4</ele><time>2026-03-13T14:07:31Z</time></trkpt><trkpt lat="46.104977" lon="7.329372"><ele>2237.6</ele><time>2026-03-13T14:07:32Z</time></trkpt><trkpt lat="46.104998" lon="7.329305"><ele>2236.8</ele><time>2026-03-13T14:07:33Z</time></trkpt><trkpt lat="46.105022" lon="7.329242"><ele>2236.0</ele><time>2026-03-13T14:07:34Z</time></trkpt><trkpt lat="46.105037" lon="7.329182"><ele>2235.4</ele><time>2026-03-13T14:07:35Z</time></trkpt><trkpt lat="46.105047" lon="7.329097"><ele>2234.6</ele><time>2026-03-13T14:07:36Z</time></trkpt><trkpt lat="46.105052" lon="7.329"><ele>2234.0</ele><time>2026-03-13T14:07:37Z</time></trkpt><trkpt lat="46.10504" lon="7.328902"><ele>2233.2</ele><time>2026-03-13T14:07:38Z</time></trkpt><trkpt lat="46.105037" lon="7.328822"><ele>2232.6</ele><time>2026-03-13T14:07:39Z</time></trkpt><trkpt lat="46.105032" lon="7.328737"><ele>2231.8</ele><time>2026-03-13T14:07:40Z</time></trkpt><trkpt lat="46.105027" lon="7.328647"><ele>2230.6</ele><time>2026-03-13T14:07:41Z</time></trkpt><trkpt lat="46.10503" lon="7.328562"><ele>2229.8</ele><time>2026-03-13T14:07:42Z</time></trkpt><trkpt lat="46.105037" lon="7.328477"><ele>2229.0</ele><time>2026-03-13T14:07:43Z</time></trkpt><trkpt lat="46.10505" lon="7.328402"><ele>2228.2</ele><time>2026-03-13T14:07:44Z</time></trkpt><trkpt lat="46.105062" lon="7.328337"><ele>2227.2</ele><time>2026-03-13T14:07:45Z</time></trkpt><trkpt lat="46.10508" lon="7.328267"><ele>2226.4</ele><time>2026-03-13T14:07:46Z</time></trkpt><trkpt lat="46.105097" lon="7.328212"><ele>2225.4</ele><time>2026-03-13T14:07:47Z</time></trkpt><trkpt lat="46.105127" lon="7.328145"><ele>2223.8</ele><time>2026-03-13T14:07:49Z</time></trkpt><trkpt lat="46.10513" lon="7.32813"><ele>2222.0</ele><time>2026-03-13T14:07:51Z</time></trkpt><trkpt lat="46.105135" lon="7.328092"><ele>2220.8</ele><time>2026-03-13T14:07:53Z</time></trkpt><trkpt lat="46.105142" lon="7.328052"><ele>2220.4</ele><time>2026-03-13T14:07:54Z</time></trkpt><trkpt lat="46.105155" lon="7.327997"><ele>2220.2</ele><time>2026-03-13T14:07:55Z</time></trkpt><trkpt lat="46.105167" lon="7.327947"><ele>2219.8</ele><time>2026-03-13T14:07:56Z</time></trkpt><trkpt lat="46.105187" lon="7.327895"><ele>2219.4</ele><time>2026-03-13T14:07:57Z</time></trkpt><trkpt lat="46.105207" lon="7.327832"><ele>2218.8</ele><time>2026-03-13T14:07:58Z</time></trkpt><trkpt lat="46.105235" lon="7.327785"><ele>2218.4</ele><time>2026-03-13T14:07:59Z</time></trkpt><trkpt lat="46.105267" lon="7.327735"><ele>2218.0</ele><time>2026-03-13T14:08:00Z</time></trkpt><trkpt lat="46.105325" lon="7.32761"><ele>2217.0</ele><time>2026-03-13T14:08:02Z</time></trkpt><trkpt lat="46.10535" lon="7.327542"><ele>2216.6</ele><time>2026-03-13T14:08:03Z</time></trkpt><trkpt lat="46.105372" lon="7.327477"><ele>2216.0</ele><time>2026-03-13T14:08:04Z</time></trkpt><trkpt lat="46.105387" lon="7.327403"><ele>2215.6</ele><time>2026-03-13T14:08:05Z</time></trkpt><trkpt lat="46.105412" lon="7.32732"><ele>2214.8</ele><time>2026-03-13T14:08:06Z</time></trkpt><trkpt lat="46.10544" lon="7.327262"><ele>2214.2</ele><time>2026-03-13T14:08:07Z</time></trkpt><trkpt lat="46.105462" lon="7.327213"><ele>2213.4</ele><time>2026-03-13T14:08:08Z</time></trkpt><trkpt lat="46.105482" lon="7.32717"><ele>2212.8</ele><time>2026-03-13T14:08:09Z</time></trkpt><trkpt lat="46.105507" lon="7.327132"><ele>2212.0</ele><time>2026-03-13T14:08:10Z</time></trkpt><trkpt lat="46.10554" lon="7.327085"><ele>2211.6</ele><time>2026-03-13T14:08:11Z</time></trkpt><trkpt lat="46.105587" lon="7.327035"><ele>2211.4</ele><time>2026-03-13T14:08:12Z</time></trkpt><trkpt lat="46.105637" lon="7.326997"><ele>2211.2</ele><time>2026-03-13T14:08:13Z</time></trkpt><trkpt lat="46.105692" lon="7.326962"><ele>2210.8</ele><time>2026-03-13T14:08:14Z</time></trkpt><trkpt lat="46.105747" lon="7.326927"><ele>2210.2</ele><time>2026-03-13T14:08:15Z</time></trkpt><trkpt lat="46.105797" lon="7.326887"><ele>2209.8</ele><time>2026-03-13T14:08:16Z</time></trkpt><trkpt lat="46.105852" lon="7.326845"><ele>2209.4</ele><time>2026-03-13T14:08:17Z</time></trkpt><trkpt lat="46.105897" lon="7.3268"><ele>2209.0</ele><time>2026-03-13T14:08:18Z</time></trkpt><trkpt lat="46.10594" lon="7.326752"><ele>2208.6</ele><time>2026-03-13T14:08:19Z</time></trkpt><trkpt lat="46.106012" lon="7.326652"><ele>2207.8</ele><time>2026-03-13T14:08:21Z</time></trkpt><trkpt lat="46.106052" lon="7.326607"><ele>2207.4</ele><time>2026-03-13T14:08:22Z</time></trkpt><trkpt lat="46.106082" lon="7.326567"><ele>2207.2</ele><time>2026-03-13T14:08:23Z</time></trkpt><trkpt lat="46.106115" lon="7.326522"><ele>2206.8</ele><time>2026-03-13T14:08:24Z</time></trkpt><trkpt lat="46.106142" lon="7.326485"><ele>2206.4</ele><time>2026-03-13T14:08:25Z</time></trkpt><trkpt lat="46.106167" lon="7.326447"><ele>2206.0</ele><time>2026-03-13T14:08:26Z</time></trkpt><trkpt lat="46.106192" lon="7.326412"><ele>2205.6</ele><time>2026-03-13T14:08:27Z</time></trkpt><trkpt lat="46.106217" lon="7.326377"><ele>2205.4</ele><time>2026-03-13T14:08:28Z</time></trkpt><trkpt lat="46.10624" lon="7.326337"><ele>2205.0</ele><time>2026-03-13T14:08:29Z</time></trkpt><trkpt lat="46.106262" lon="7.3263"><ele>2204.8</ele><time>2026-03-13T14:08:30Z</time></trkpt><trkpt lat="46.106282" lon="7.326257"><ele>2204.6</ele><time>2026-03-13T14:08:31Z</time></trkpt><trkpt lat="46.106307" lon="7.32621"><ele>2204.4</ele><time>2026-03-13T14:08:32Z</time></trkpt><trkpt lat="46.106332" lon="7.32617"><ele>2204.2</ele><time>2026-03-13T14:08:33Z</time></trkpt><trkpt lat="46.10636" lon="7.326132"><ele>2204.0</ele><time>2026-03-13T14:08:34Z</time></trkpt><trkpt lat="46.106392" lon="7.326102"><ele>2203.8</ele><time>2026-03-13T14:08:35Z</time></trkpt><trkpt lat="46.106425" lon="7.326082"><ele>2203.4</ele><time>2026-03-13T14:08:36Z</time></trkpt><trkpt lat="46.106465" lon="7.326077"><ele>2203.2</ele><time>2026-03-13T14:08:37Z</time></trkpt><trkpt lat="46.106497" lon="7.326087"><ele>2202.8</ele><time>2026-03-13T14:08:38Z</time></trkpt><trkpt lat="46.106515" lon="7.3261"><ele>2202.6</ele><time>2026-03-13T14:08:39Z</time></trkpt><trkpt lat="46.106532" lon="7.32611"><ele>2202.2</ele><time>2026-03-13T14:08:42Z</time></trkpt><trkpt lat="46.106557" lon="7.326135"><ele>2202.0</ele><time>2026-03-13T14:08:45Z</time></trkpt><trkpt lat="46.106587" lon="7.32616"><ele>2202.0</ele><time>2026-03-13T14:08:47Z</time></trkpt><trkpt lat="46.106615" lon="7.326177"><ele>2202.0</ele><time>2026-03-13T14:08:49Z</time></trkpt><trkpt lat="46.106635" lon="7.326192"><ele>2202.0</ele><time>2026-03-13T14:08:51Z</time></trkpt><trkpt lat="46.106655" lon="7.32621"><ele>2202.0</ele><time>2026-03-13T14:08:55Z</time></trkpt><trkpt lat="46.106672" lon="7.326222"><ele>2202.2</ele><time>2026-03-13T14:08:58Z</time></trkpt><trkpt lat="46.106692" lon="7.32622"><ele>2202.4</ele><time>2026-03-13T14:09:00Z</time></trkpt><trkpt lat="46.106715" lon="7.326222"><ele>2202.8</ele><time>2026-03-13T14:09:03Z</time></trkpt><trkpt lat="46.106735" lon="7.326222"><ele>2203.0</ele><time>2026-03-13T14:09:06Z</time></trkpt><trkpt lat="46.106757" lon="7.326222"><ele>2203.2</ele><time>2026-03-13T14:09:08Z</time></trkpt><trkpt lat="46.106785" lon="7.326222"><ele>2203.4</ele><time>2026-03-13T14:09:10Z</time></trkpt><trkpt lat="46.106812" lon="7.326222"><ele>2203.4</ele><time>2026-03-13T14:09:12Z</time></trkpt><trkpt lat="46.106837" lon="7.326222"><ele>2203.4</ele><time>2026-03-13T14:09:14Z</time></trkpt><trkpt lat="46.106862" lon="7.326222"><ele>2203.4</ele><time>2026-03-13T14:09:16Z</time></trkpt><trkpt lat="46.106892" lon="7.32622"><ele>2203.4</ele><time>2026-03-13T14:09:18Z</time></trkpt><trkpt lat="46.106912" lon="7.326217"><ele>2203.4</ele><time>2026-03-13T14:09:19Z</time></trkpt><trkpt lat="46.106932" lon="7.32621"><ele>2203.2</ele><time>2026-03-13T14:09:20Z</time></trkpt><trkpt lat="46.10696" lon="7.326205"><ele>2203.2</ele><time>2026-03-13T14:09:22Z</time></trkpt><trkpt lat="46.106982" lon="7.326195"><ele>2203.2</ele><time>2026-03-13T14:09:24Z</time></trkpt><trkpt lat="46.107" lon="7.326185"><ele>2203.2</ele><time>2026-03-13T14:09:25Z</time></trkpt><trkpt lat="46.107017" lon="7.326172"><ele>2203.0</ele><time>2026-03-13T14:09:26Z</time></trkpt><trkpt lat="46.107035" lon="7.32616"><ele>2203.2</ele><time>2026-03-13T14:09:27Z</time></trkpt><trkpt lat="46.107052" lon="7.326147"><ele>2203.2</ele><time>2026-03-13T14:09:28Z</time></trkpt><trkpt lat="46.107075" lon="7.326127"><ele>2203.2</ele><time>2026-03-13T14:09:29Z</time></trkpt><trkpt lat="46.107092" lon="7.326112"><ele>2203.0</ele><time>2026-03-13T14:09:30Z</time></trkpt><trkpt lat="46.107115" lon="7.326097"><ele>2202.8</ele><time>2026-03-13T14:09:32Z</time></trkpt><trkpt lat="46.107137" lon="7.326082"><ele>2202.8</ele><time>2026-03-13T14:09:34Z</time></trkpt><trkpt lat="46.10716" lon="7.326072"><ele>2202.8</ele><time>2026-03-13T14:09:37Z</time></trkpt><trkpt lat="46.107182" lon="7.326062"><ele>2202.8</ele><time>2026-03-13T14:09:40Z</time></trkpt><trkpt lat="46.107202" lon="7.32605"><ele>2203.0</ele><time>2026-03-13T14:09:43Z</time></trkpt><trkpt lat="46.10723" lon="7.32603"><ele>2203.0</ele><time>2026-03-13T14:09:46Z</time></trkpt><trkpt lat="46.107252" lon="7.32601"><ele>2203.0</ele><time>2026-03-13T14:09:48Z</time></trkpt><trkpt lat="46.107272" lon="7.326"><ele>2202.8</ele><time>2026-03-13T14:09:51Z</time></trkpt><trkpt lat="46.10729" lon="7.32599"><ele>2203.0</ele><time>2026-03-13T14:09:54Z</time></trkpt><trkpt lat="46.107312" lon="7.325973"><ele>2203.2</ele><time>2026-03-13T14:09:56Z</time></trkpt><trkpt lat="46.107327" lon="7.325962"><ele>2203.2</ele><time>2026-03-13T14:09:58Z</time></trkpt><trkpt lat="46.107347" lon="7.325955"><ele>2203.2</ele><time>2026-03-13T14:10:01Z</time></trkpt><trkpt lat="46.107367" lon="7.325937"><ele>2203.4</ele><time>2026-03-13T14:10:05Z</time></trkpt><trkpt lat="46.10739" lon="7.325915"><ele>2203.2</ele><time>2026-03-13T14:10:07Z</time></trkpt><trkpt lat="46.107412" lon="7.325897"><ele>2203.2</ele><time>2026-03-13T14:10:08Z</time></trkpt><trkpt lat="46.107437" lon="7.325877"><ele>2203.2</ele><time>2026-03-13T14:10:09Z</time></trkpt><trkpt lat="46.107462" lon="7.325857"><ele>2203.4</ele><time>2026-03-13T14:10:10Z</time></trkpt><trkpt lat="46.10748" lon="7.325837"><ele>2203.2</ele><time>2026-03-13T14:10:11Z</time></trkpt><trkpt lat="46.1075" lon="7.325815"><ele>2203.0</ele><time>2026-03-13T14:10:12Z</time></trkpt><trkpt lat="46.107517" lon="7.325787"><ele>2202.8</ele><time>2026-03-13T14:10:14Z</time></trkpt><trkpt lat="46.10754" lon="7.325762"><ele>2202.8</ele><time>2026-03-13T14:10:16Z</time></trkpt><trkpt lat="46.107555" lon="7.325747"><ele>2202.8</ele><time>2026-03-13T14:10:18Z</time></trkpt><trkpt lat="46.107572" lon="7.325737"><ele>2202.6</ele><time>2026-03-13T14:10:21Z</time></trkpt><trkpt lat="46.1076" lon="7.325725"><ele>2202.6</ele><time>2026-03-13T14:10:26Z</time></trkpt><trkpt lat="46.107612" lon="7.325717"><ele>2202.6</ele><time>2026-03-13T14:10:29Z</time></trkpt><trkpt lat="46.10763" lon="7.325702"><ele>2202.8</ele><time>2026-03-13T14:10:32Z</time></trkpt><trkpt lat="46.107667" lon="7.325667"><ele>2203.0</ele><time>2026-03-13T14:10:36Z</time></trkpt><trkpt lat="46.107677" lon="7.32566"><ele>2203.0</ele><time>2026-03-13T14:10:37Z</time></trkpt><trkpt lat="46.107702" lon="7.325637"><ele>2202.8</ele><time>2026-03-13T14:10:39Z</time></trkpt><trkpt lat="46.107722" lon="7.32562"><ele>2202.8</ele><time>2026-03-13T14:10:40Z</time></trkpt><trkpt lat="46.107742" lon="7.3256"><ele>2203.0</ele><time>2026-03-13T14:10:41Z</time></trkpt><trkpt lat="46.107765" lon="7.325577"><ele>2202.8</ele><time>2026-03-13T14:10:43Z</time></trkpt><trkpt lat="46.107792" lon="7.32555"><ele>2202.6</ele><time>2026-03-13T14:10:45Z</time></trkpt><trkpt lat="46.10781" lon="7.325537"><ele>2202.6</ele><time>2026-03-13T14:10:46Z</time></trkpt><trkpt lat="46.107835" lon="7.325542"><ele>2202.4</ele><time>2026-03-13T14:10:48Z</time></trkpt><trkpt lat="46.107857" lon="7.32554"><ele>2202.2</ele><time>2026-03-13T14:10:50Z</time></trkpt><trkpt lat="46.10788" lon="7.325542"><ele>2202.0</ele><time>2026-03-13T14:10:55Z</time></trkpt><trkpt lat="46.107897" lon="7.325552"><ele>2201.8</ele><time>2026-03-13T14:10:59Z</time></trkpt><trkpt lat="46.107912" lon="7.325572"><ele>2202.0</ele><time>2026-03-13T14:11:03Z</time></trkpt><trkpt lat="46.107927" lon="7.325602"><ele>2201.4</ele><time>2026-03-13T14:12:42Z</time></trkpt><trkpt lat="46.107947" lon="7.32563"><ele>2201.4</ele><time>2026-03-13T14:12:44Z</time></trkpt><trkpt lat="46.107957" lon="7.325652"><ele>2201.8</ele><time>2026-03-13T14:12:47Z</time></trkpt><trkpt lat="46.107985" lon="7.325672"><ele>2202.4</ele><time>2026-03-13T14:13:02Z</time></trkpt><trkpt lat="46.108005" lon="7.325687"><ele>2202.4</ele><time>2026-03-13T14:13:03Z</time></trkpt><trkpt lat="46.108027" lon="7.325702"><ele>2202.4</ele><time>2026-03-13T14:13:04Z</time></trkpt><trkpt lat="46.108047" lon="7.325715"><ele>2202.4</ele><time>2026-03-13T14:13:05Z</time></trkpt><trkpt lat="46.108075" lon="7.325727"><ele>2202.2</ele><time>2026-03-13T14:13:07Z</time></trkpt><trkpt lat="46.108097" lon="7.325727"><ele>2202.4</ele><time>2026-03-13T14:13:13Z</time></trkpt><trkpt lat="46.108125" lon="7.325735"><ele>2202.4</ele><time>2026-03-13T14:13:16Z</time></trkpt><trkpt lat="46.108145" lon="7.325742"><ele>2202.4</ele><time>2026-03-13T14:13:18Z</time></trkpt><trkpt lat="46.108177" lon="7.325752"><ele>2202.4</ele><time>2026-03-13T14:13:20Z</time></trkpt><trkpt lat="46.108197" lon="7.325757"><ele>2202.4</ele><time>2026-03-13T14:13:21Z</time></trkpt><trkpt lat="46.108217" lon="7.325767"><ele>2202.4</ele><time>2026-03-13T14:13:22Z</time></trkpt><trkpt lat="46.108242" lon="7.325777"><ele>2202.4</ele><time>2026-03-13T14:13:23Z</time></trkpt><trkpt lat="46.108267" lon="7.325782"><ele>2202.2</ele><time>2026-03-13T14:13:24Z</time></trkpt><trkpt lat="46.108292" lon="7.32578"><ele>2202.0</ele><time>2026-03-13T14:13:26Z</time></trkpt><trkpt lat="46.10832" lon="7.325787"><ele>2202.0</ele><time>2026-03-13T14:13:28Z</time></trkpt><trkpt lat="46.108337" lon="7.325792"><ele>2202.0</ele><time>2026-03-13T14:13:29Z</time></trkpt><trkpt lat="46.108357" lon="7.325797"><ele>2201.8</ele><time>2026-03-13T14:13:34Z</time></trkpt><trkpt lat="46.108377" lon="7.3258"><ele>2202.2</ele><time>2026-03-13T14:13:38Z</time></trkpt><trkpt lat="46.108397" lon="7.3258"><ele>2202.4</ele><time>2026-03-13T14:13:41Z</time></trkpt><trkpt lat="46.108417" lon="7.325802"><ele>2202.4</ele><time>2026-03-13T14:13:43Z</time></trkpt><trkpt lat="46.108447" lon="7.32581"><ele>2202.6</ele><time>2026-03-13T14:13:45Z</time></trkpt><trkpt lat="46.108467" lon="7.325815"><ele>2202.4</ele><time>2026-03-13T14:13:46Z</time></trkpt><trkpt lat="46.108492" lon="7.325827"><ele>2202.4</ele><time>2026-03-13T14:13:47Z</time></trkpt><trkpt lat="46.108512" lon="7.325837"><ele>2202.4</ele><time>2026-03-13T14:13:48Z</time></trkpt><trkpt lat="46.108537" lon="7.325852"><ele>2202.2</ele><time>2026-03-13T14:13:49Z</time></trkpt><trkpt lat="46.108555" lon="7.325865"><ele>2202.2</ele><time>2026-03-13T14:13:50Z</time></trkpt><trkpt lat="46.108572" lon="7.325875"><ele>2202.0</ele><time>2026-03-13T14:13:51Z</time></trkpt><trkpt lat="46.108597" lon="7.325887"><ele>2202.0</ele><time>2026-03-13T14:13:53Z</time></trkpt><trkpt lat="46.108617" lon="7.325885"><ele>2201.6</ele><time>2026-03-13T14:13:56Z</time></trkpt><trkpt lat="46.108635" lon="7.325885"><ele>2201.8</ele><time>2026-03-13T14:13:59Z</time></trkpt><trkpt lat="46.108657" lon="7.325882"><ele>2202.2</ele><time>2026-03-13T14:14:04Z</time></trkpt><trkpt lat="46.108685" lon="7.325885"><ele>2202.4</ele><time>2026-03-13T14:14:08Z</time></trkpt><trkpt lat="46.108717" lon="7.325878"><ele>2202.4</ele><time>2026-03-13T14:14:10Z</time></trkpt><trkpt lat="46.108752" lon="7.325882"><ele>2202.2</ele><time>2026-03-13T14:14:12Z</time></trkpt><trkpt lat="46.10877" lon="7.325887"><ele>2202.2</ele><time>2026-03-13T14:14:13Z</time></trkpt><trkpt lat="46.108792" lon="7.325892"><ele>2202.2</ele><time>2026-03-13T14:14:14Z</time></trkpt><trkpt lat="46.108817" lon="7.325895"><ele>2202.0</ele><time>2026-03-13T14:14:15Z</time></trkpt><trkpt lat="46.108847" lon="7.325897"><ele>2202.0</ele><time>2026-03-13T14:14:16Z</time></trkpt><trkpt lat="46.108872" lon="7.325897"><ele>2202.0</ele><time>2026-03-13T14:14:17Z</time></trkpt><trkpt lat="46.108895" lon="7.3259"><ele>2201.8</ele><time>2026-03-13T14:14:18Z</time></trkpt><trkpt lat="46.108915" lon="7.325897"><ele>2201.6</ele><time>2026-03-13T14:14:19Z</time></trkpt><trkpt lat="46.108937" lon="7.325892"><ele>2201.6</ele><time>2026-03-13T14:14:20Z</time></trkpt><trkpt lat="46.108982" lon="7.32589"><ele>2201.4</ele><time>2026-03-13T14:14:22Z</time></trkpt><trkpt lat="46.109002" lon="7.325902"><ele>2201.4</ele><time>2026-03-13T14:14:23Z</time></trkpt><trkpt lat="46.109022" lon="7.325915"><ele>2201.2</ele><time>2026-03-13T14:14:25Z</time></trkpt><trkpt lat="46.109032" lon="7.325937"><ele>2201.4</ele><time>2026-03-13T14:14:30Z</time></trkpt><trkpt lat="46.10905" lon="7.32595"><ele>2201.8</ele><time>2026-03-13T14:14:34Z</time></trkpt><trkpt lat="46.109085" lon="7.325945"><ele>2202.0</ele><time>2026-03-13T14:14:38Z</time></trkpt><trkpt lat="46.109112" lon="7.325932"><ele>2202.2</ele><time>2026-03-13T14:14:40Z</time></trkpt><trkpt lat="46.109132" lon="7.325922"><ele>2202.0</ele><time>2026-03-13T14:14:41Z</time></trkpt><trkpt lat="46.109155" lon="7.325912"><ele>2202.0</ele><time>2026-03-13T14:14:42Z</time></trkpt><trkpt lat="46.109182" lon="7.325897"><ele>2201.6</ele><time>2026-03-13T14:14:44Z</time></trkpt><trkpt lat="46.109207" lon="7.325887"><ele>2201.6</ele><time>2026-03-13T14:14:45Z</time></trkpt><trkpt lat="46.109225" lon="7.325877"><ele>2201.6</ele><time>2026-03-13T14:14:46Z</time></trkpt><trkpt lat="46.109262" lon="7.325862"><ele>2201.6</ele><time>2026-03-13T14:14:48Z</time></trkpt><trkpt lat="46.109282" lon="7.325852"><ele>2201.6</ele><time>2026-03-13T14:14:49Z</time></trkpt><trkpt lat="46.109317" lon="7.325837"><ele>2201.4</ele><time>2026-03-13T14:14:51Z</time></trkpt><trkpt lat="46.109342" lon="7.325827"><ele>2201.4</ele><time>2026-03-13T14:14:53Z</time></trkpt><trkpt lat="46.109372" lon="7.325812"><ele>2201.4</ele><time>2026-03-13T14:14:55Z</time></trkpt><trkpt lat="46.1094" lon="7.325805"><ele>2201.4</ele><time>2026-03-13T14:14:57Z</time></trkpt><trkpt lat="46.109422" lon="7.325797"><ele>2201.4</ele><time>2026-03-13T14:14:58Z</time></trkpt><trkpt lat="46.10944" lon="7.325795"><ele>2201.2</ele><time>2026-03-13T14:14:59Z</time></trkpt><trkpt lat="46.109465" lon="7.325792"><ele>2201.0</ele><time>2026-03-13T14:15:01Z</time></trkpt><trkpt lat="46.109485" lon="7.325782"><ele>2201.0</ele><time>2026-03-13T14:15:03Z</time></trkpt><trkpt lat="46.109517" lon="7.325772"><ele>2201.2</ele><time>2026-03-13T14:15:05Z</time></trkpt><trkpt lat="46.109542" lon="7.32577"><ele>2201.2</ele><time>2026-03-13T14:15:07Z</time></trkpt><trkpt lat="46.109565" lon="7.325767"><ele>2201.2</ele><time>2026-03-13T14:15:09Z</time></trkpt><trkpt lat="46.109587" lon="7.325767"><ele>2201.2</ele><time>2026-03-13T14:15:11Z</time></trkpt><trkpt lat="46.109607" lon="7.325772"><ele>2201.0</ele><time>2026-03-13T14:15:15Z</time></trkpt><trkpt lat="46.10963" lon="7.32577"><ele>2201.2</ele><time>2026-03-13T14:15:19Z</time></trkpt><trkpt lat="46.10965" lon="7.325762"><ele>2201.4</ele><time>2026-03-13T14:15:22Z</time></trkpt><trkpt lat="46.10967" lon="7.325757"><ele>2201.4</ele><time>2026-03-13T14:15:24Z</time></trkpt><trkpt lat="46.109702" lon="7.325747"><ele>2201.2</ele><time>2026-03-13T14:15:26Z</time></trkpt><trkpt lat="46.109735" lon="7.325737"><ele>2201.0</ele><time>2026-03-13T14:15:28Z</time></trkpt><trkpt lat="46.109755" lon="7.325732"><ele>2201.0</ele><time>2026-03-13T14:15:29Z</time></trkpt><trkpt lat="46.109782" lon="7.325722"><ele>2201.0</ele><time>2026-03-13T14:15:31Z</time></trkpt><trkpt lat="46.109817" lon="7.325715"><ele>2201.0</ele><time>2026-03-13T14:15:33Z</time></trkpt><trkpt lat="46.109835" lon="7.325712"><ele>2200.8</ele><time>2026-03-13T14:15:34Z</time></trkpt><trkpt lat="46.109855" lon="7.325702"><ele>2200.8</ele><time>2026-03-13T14:15:35Z</time></trkpt><trkpt lat="46.109875" lon="7.325697"><ele>2200.8</ele><time>2026-03-13T14:15:36Z</time></trkpt><trkpt lat="46.10991" lon="7.325687"><ele>2200.6</ele><time>2026-03-13T14:15:38Z</time></trkpt><trkpt lat="46.109935" lon="7.32568"><ele>2200.6</ele><time>2026-03-13T14:15:40Z</time></trkpt><trkpt lat="46.109965" lon="7.325672"><ele>2200.6</ele><time>2026-03-13T14:15:42Z</time></trkpt><trkpt lat="46.10999" lon="7.325672"><ele>2200.4</ele><time>2026-03-13T14:15:45Z</time></trkpt><trkpt lat="46.110022" lon="7.325655"><ele>2200.4</ele><time>2026-03-13T14:15:48Z</time></trkpt><trkpt lat="46.11004" lon="7.325645"><ele>2200.4</ele><time>2026-03-13T14:15:49Z</time></trkpt><trkpt lat="46.110072" lon="7.325632"><ele>2200.4</ele><time>2026-03-13T14:15:51Z</time></trkpt><trkpt lat="46.110097" lon="7.325623"><ele>2200.4</ele><time>2026-03-13T14:15:53Z</time></trkpt><trkpt lat="46.110117" lon="7.32562"><ele>2200.4</ele><time>2026-03-13T14:15:56Z</time></trkpt><trkpt lat="46.110137" lon="7.325617"><ele>2200.4</ele><time>2026-03-13T14:15:59Z</time></trkpt><trkpt lat="46.11016" lon="7.325607"><ele>2200.6</ele><time>2026-03-13T14:16:03Z</time></trkpt><trkpt lat="46.11018" lon="7.325597"><ele>2200.8</ele><time>2026-03-13T14:16:05Z</time></trkpt><trkpt lat="46.110205" lon="7.325587"><ele>2200.8</ele><time>2026-03-13T14:16:07Z</time></trkpt><trkpt lat="46.110227" lon="7.325582"><ele>2200.8</ele><time>2026-03-13T14:16:09Z</time></trkpt><trkpt lat="46.110247" lon="7.32557"><ele>2201.0</ele><time>2026-03-13T14:16:12Z</time></trkpt><trkpt lat="46.110267" lon="7.325567"><ele>2201.0</ele><time>2026-03-13T14:16:15Z</time></trkpt><trkpt lat="46.11029" lon="7.325565"><ele>2200.8</ele><time>2026-03-13T14:16:18Z</time></trkpt><trkpt lat="46.110312" lon="7.325557"><ele>2200.8</ele><time>2026-03-13T14:16:21Z</time></trkpt><trkpt lat="46.110332" lon="7.325547"><ele>2200.8</ele><time>2026-03-13T14:16:24Z</time></trkpt><trkpt lat="46.110355" lon="7.325532"><ele>2200.8</ele><time>2026-03-13T14:16:26Z</time></trkpt><trkpt lat="46.110387" lon="7.325522"><ele>2201.0</ele><time>2026-03-13T14:16:28Z</time></trkpt><trkpt lat="46.11042" lon="7.325512"><ele>2200.8</ele><time>2026-03-13T14:16:30Z</time></trkpt><trkpt lat="46.110442" lon="7.325507"><ele>2200.8</ele><time>2026-03-13T14:16:31Z</time></trkpt><trkpt lat="46.110462" lon="7.325502"><ele>2200.8</ele><time>2026-03-13T14:16:32Z</time></trkpt><trkpt lat="46.110502" lon="7.325497"><ele>2200.8</ele><time>2026-03-13T14:16:34Z</time></trkpt><trkpt lat="46.11052" lon="7.325495"><ele>2200.8</ele><time>2026-03-13T14:16:35Z</time></trkpt><trkpt lat="46.110537" lon="7.325492"><ele>2200.6</ele><time>2026-03-13T14:16:36Z</time></trkpt><trkpt lat="46.110557" lon="7.32549"><ele>2200.6</ele><time>2026-03-13T14:16:37Z</time></trkpt><trkpt lat="46.11058" lon="7.325487"><ele>2200.4</ele><time>2026-03-13T14:16:39Z</time></trkpt><trkpt lat="46.110597" lon="7.325487"><ele>2200.6</ele><time>2026-03-13T14:16:41Z</time></trkpt><trkpt lat="46.110622" lon="7.32548"><ele>2200.6</ele><time>2026-03-13T14:16:44Z</time></trkpt><trkpt lat="46.110652" lon="7.325467"><ele>2200.6</ele><time>2026-03-13T14:16:48Z</time></trkpt><trkpt lat="46.110675" lon="7.325452"><ele>2200.8</ele><time>2026-03-13T14:16:50Z</time></trkpt><trkpt lat="46.110702" lon="7.325432"><ele>2200.6</ele><time>2026-03-13T14:16:52Z</time></trkpt><trkpt lat="46.110722" lon="7.325417"><ele>2200.4</ele><time>2026-03-13T14:16:53Z</time></trkpt><trkpt lat="46.110742" lon="7.325407"><ele>2200.4</ele><time>2026-03-13T14:16:54Z</time></trkpt><trkpt lat="46.110762" lon="7.325387"><ele>2200.4</ele><time>2026-03-13T14:16:55Z</time></trkpt><trkpt lat="46.110787" lon="7.325362"><ele>2200.4</ele><time>2026-03-13T14:16:56Z</time></trkpt><trkpt lat="46.11081" lon="7.325332"><ele>2200.2</ele><time>2026-03-13T14:16:57Z</time></trkpt><trkpt lat="46.110832" lon="7.325297"><ele>2200.2</ele><time>2026-03-13T14:16:58Z</time></trkpt><trkpt lat="46.110847" lon="7.325265"><ele>2200.0</ele><time>2026-03-13T14:16:59Z</time></trkpt><trkpt lat="46.11086" lon="7.325235"><ele>2199.8</ele><time>2026-03-13T14:17:00Z</time></trkpt><trkpt lat="46.110875" lon="7.325205"><ele>2199.6</ele><time>2026-03-13T14:17:01Z</time></trkpt><trkpt lat="46.110887" lon="7.325185"><ele>2199.4</ele><time>2026-03-13T14:17:02Z</time></trkpt><trkpt lat="46.110905" lon="7.325162"><ele>2199.4</ele><time>2026-03-13T14:17:03Z</time></trkpt><trkpt lat="46.110922" lon="7.325147"><ele>2199.4</ele><time>2026-03-13T14:17:04Z</time></trkpt><trkpt lat="46.110947" lon="7.325135"><ele>2199.4</ele><time>2026-03-13T14:17:06Z</time></trkpt><trkpt lat="46.110967" lon="7.32514"><ele>2199.4</ele><time>2026-03-13T14:17:10Z</time></trkpt><trkpt lat="46.110987" lon="7.325145"><ele>2199.6</ele><time>2026-03-13T14:17:12Z</time></trkpt><trkpt lat="46.111012" lon="7.32515"><ele>2199.6</ele><time>2026-03-13T14:17:16Z</time></trkpt><trkpt lat="46.11103" lon="7.325152"><ele>2199.8</ele><time>2026-03-13T14:17:22Z</time></trkpt><trkpt lat="46.111047" lon="7.32515"><ele>2200.0</ele><time>2026-03-13T14:17:24Z</time></trkpt><trkpt lat="46.111077" lon="7.325145"><ele>2200.0</ele><time>2026-03-13T14:17:26Z</time></trkpt><trkpt lat="46.111102" lon="7.32514"><ele>2200.2</ele><time>2026-03-13T14:17:27Z</time></trkpt><trkpt lat="46.111125" lon="7.325137"><ele>2200.2</ele><time>2026-03-13T14:17:28Z</time></trkpt><trkpt lat="46.111165" lon="7.32514"><ele>2200.0</ele><time>2026-03-13T14:17:30Z</time></trkpt><trkpt lat="46.111192" lon="7.325147"><ele>2200.0</ele><time>2026-03-13T14:17:31Z</time></trkpt><trkpt lat="46.111227" lon="7.325172"><ele>2200.0</ele><time>2026-03-13T14:17:32Z</time></trkpt><trkpt lat="46.111247" lon="7.325202"><ele>2199.8</ele><time>2026-03-13T14:17:33Z</time></trkpt><trkpt lat="46.111262" lon="7.325232"><ele>2199.6</ele><time>2026-03-13T14:17:34Z</time></trkpt><trkpt lat="46.11127" lon="7.32526"><ele>2199.4</ele><time>2026-03-13T14:17:35Z</time></trkpt><trkpt lat="46.111277" lon="7.325295"><ele>2199.4</ele><time>2026-03-13T14:17:37Z</time></trkpt><trkpt lat="46.111287" lon="7.325322"><ele>2199.4</ele><time>2026-03-13T14:17:39Z</time></trkpt><trkpt lat="46.111288" lon="7.32535"><ele>2199.4</ele><time>2026-03-13T14:17:41Z</time></trkpt><trkpt lat="46.111297" lon="7.325377"><ele>2199.4</ele><time>2026-03-13T14:17:43Z</time></trkpt><trkpt lat="46.111307" lon="7.32541"><ele>2199.4</ele><time>2026-03-13T14:17:45Z</time></trkpt><trkpt lat="46.111317" lon="7.325437"><ele>2199.6</ele><time>2026-03-13T14:17:46Z</time></trkpt><trkpt lat="46.111327" lon="7.325467"><ele>2199.6</ele><time>2026-03-13T14:17:47Z</time></trkpt><trkpt lat="46.111332" lon="7.325492"><ele>2199.6</ele><time>2026-03-13T14:17:48Z</time></trkpt><trkpt lat="46.111337" lon="7.325522"><ele>2199.4</ele><time>2026-03-13T14:17:51Z</time></trkpt><trkpt lat="46.111345" lon="7.325562"><ele>2199.6</ele><time>2026-03-13T14:17:55Z</time></trkpt><trkpt lat="46.111362" lon="7.325595"><ele>2200.0</ele><time>2026-03-13T14:17:58Z</time></trkpt><trkpt lat="46.111385" lon="7.325635"><ele>2199.8</ele><time>2026-03-13T14:18:00Z</time></trkpt><trkpt lat="46.111402" lon="7.325662"><ele>2199.8</ele><time>2026-03-13T14:18:02Z</time></trkpt><trkpt lat="46.111417" lon="7.32568"><ele>2199.6</ele><time>2026-03-13T14:18:05Z</time></trkpt><trkpt lat="46.111432" lon="7.325697"><ele>2199.6</ele><time>2026-03-13T14:18:08Z</time></trkpt><trkpt lat="46.11145" lon="7.325707"><ele>2199.8</ele><time>2026-03-13T14:18:10Z</time></trkpt><trkpt lat="46.111467" lon="7.325718"><ele>2200.0</ele><time>2026-03-13T14:18:13Z</time></trkpt><trkpt lat="46.111485" lon="7.32573"><ele>2200.2</ele><time>2026-03-13T14:18:16Z</time></trkpt><trkpt lat="46.111512" lon="7.325742"><ele>2200.6</ele><time>2026-03-13T14:18:20Z</time></trkpt><trkpt lat="46.111525" lon="7.325752"><ele>2200.6</ele><time>2026-03-13T14:18:22Z</time></trkpt><trkpt lat="46.111552" lon="7.32576"><ele>2200.6</ele><time>2026-03-13T14:18:25Z</time></trkpt><trkpt lat="46.111572" lon="7.32577"><ele>2200.4</ele><time>2026-03-13T14:18:27Z</time></trkpt><trkpt lat="46.111597" lon="7.325783"><ele>2200.4</ele><time>2026-03-13T14:18:29Z</time></trkpt><trkpt lat="46.11162" lon="7.325802"><ele>2200.4</ele><time>2026-03-13T14:18:31Z</time></trkpt><trkpt lat="46.111645" lon="7.325822"><ele>2200.6</ele><time>2026-03-13T14:18:33Z</time></trkpt><trkpt lat="46.111662" lon="7.325837"><ele>2200.6</ele><time>2026-03-13T14:18:34Z</time></trkpt><trkpt lat="46.111687" lon="7.325857"><ele>2200.6</ele><time>2026-03-13T14:18:36Z</time></trkpt><trkpt lat="46.111705" lon="7.325877"><ele>2200.4</ele><time>2026-03-13T14:18:38Z</time></trkpt><trkpt lat="46.111727" lon="7.325897"><ele>2200.4</ele><time>2026-03-13T14:18:40Z</time></trkpt><trkpt lat="46.111747" lon="7.325905"><ele>2200.4</ele><time>2026-03-13T14:18:42Z</time></trkpt><trkpt lat="46.111765" lon="7.325912"><ele>2200.4</ele><time>2026-03-13T14:18:44Z</time></trkpt><trkpt lat="46.111782" lon="7.325927"><ele>2200.2</ele><time>2026-03-13T14:18:47Z</time></trkpt><trkpt lat="46.111802" lon="7.325932"><ele>2200.2</ele><time>2026-03-13T14:18:50Z</time></trkpt><trkpt lat="46.111822" lon="7.325932"><ele>2200.4</ele><time>2026-03-13T14:18:52Z</time></trkpt><trkpt lat="46.111847" lon="7.325927"><ele>2200.4</ele><time>2026-03-13T14:18:54Z</time></trkpt><trkpt lat="46.111872" lon="7.325927"><ele>2200.4</ele><time>2026-03-13T14:18:56Z</time></trkpt><trkpt lat="46.111897" lon="7.325922"><ele>2200.4</ele><time>2026-03-13T14:18:58Z</time></trkpt><trkpt lat="46.111937" lon="7.325907"><ele>2200.4</ele><time>2026-03-13T14:19:00Z</time></trkpt><trkpt lat="46.111963" lon="7.325887"><ele>2200.4</ele><time>2026-03-13T14:19:01Z</time></trkpt><trkpt lat="46.112007" lon="7.32586"><ele>2200.4</ele><time>2026-03-13T14:19:02Z</time></trkpt><trkpt lat="46.11205" lon="7.32583"><ele>2200.2</ele><time>2026-03-13T14:19:03Z</time></trkpt><trkpt lat="46.112132" lon="7.32578"><ele>2199.8</ele><time>2026-03-13T14:19:05Z</time></trkpt><trkpt lat="46.112167" lon="7.32576"><ele>2199.6</ele><time>2026-03-13T14:19:06Z</time></trkpt><trkpt lat="46.112215" lon="7.32573"><ele>2199.2</ele><time>2026-03-13T14:19:07Z</time></trkpt><trkpt lat="46.112272" lon="7.325672"><ele>2199.0</ele><time>2026-03-13T14:19:08Z</time></trkpt><trkpt lat="46.112327" lon="7.325592"><ele>2198.8</ele><time>2026-03-13T14:19:09Z</time></trkpt><trkpt lat="46.112425" lon="7.325482"><ele>2198.0</ele><time>2026-03-13T14:19:11Z</time></trkpt><trkpt lat="46.11246" lon="7.325455"><ele>2197.2</ele><time>2026-03-13T14:19:12Z</time></trkpt><trkpt lat="46.112487" lon="7.325433"><ele>2196.2</ele><time>2026-03-13T14:19:13Z</time></trkpt><trkpt lat="46.112522" lon="7.325417"><ele>2195.6</ele><time>2026-03-13T14:19:14Z</time></trkpt><trkpt lat="46.112555" lon="7.3254"><ele>2195.2</ele><time>2026-03-13T14:19:15Z</time></trkpt><trkpt lat="46.112592" lon="7.325367"><ele>2195.0</ele><time>2026-03-13T14:19:16Z</time></trkpt><trkpt lat="46.112622" lon="7.325332"><ele>2195.0</ele><time>2026-03-13T14:19:17Z</time></trkpt><trkpt lat="46.112637" lon="7.32531"><ele>2194.8</ele><time>2026-03-13T14:19:18Z</time></trkpt><trkpt lat="46.112645" lon="7.325287"><ele>2194.6</ele><time>2026-03-13T14:19:19Z</time></trkpt><trkpt lat="46.112653" lon="7.325262"><ele>2194.2</ele><time>2026-03-13T14:19:21Z</time></trkpt><trkpt lat="46.112665" lon="7.325237"><ele>2194.2</ele><time>2026-03-13T14:19:24Z</time></trkpt><trkpt lat="46.11268" lon="7.325212"><ele>2194.2</ele><time>2026-03-13T14:19:28Z</time></trkpt><trkpt lat="46.11269" lon="7.325192"><ele>2194.4</ele><time>2026-03-13T14:19:30Z</time></trkpt><trkpt lat="46.112702" lon="7.32517"><ele>2194.4</ele><time>2026-03-13T14:19:32Z</time></trkpt><trkpt lat="46.112722" lon="7.325127"><ele>2194.4</ele><time>2026-03-13T14:19:34Z</time></trkpt><trkpt lat="46.112732" lon="7.3251"><ele>2194.4</ele><time>2026-03-13T14:19:35Z</time></trkpt><trkpt lat="46.112745" lon="7.325077"><ele>2194.4</ele><time>2026-03-13T14:19:36Z</time></trkpt><trkpt lat="46.112762" lon="7.325065"><ele>2194.2</ele><time>2026-03-13T14:19:40Z</time></trkpt><trkpt lat="46.112782" lon="7.325037"><ele>2194.4</ele><time>2026-03-13T14:19:45Z</time></trkpt><trkpt lat="46.112793" lon="7.325012"><ele>2194.4</ele><time>2026-03-13T14:19:47Z</time></trkpt><trkpt lat="46.112807" lon="7.324977"><ele>2194.6</ele><time>2026-03-13T14:19:49Z</time></trkpt><trkpt lat="46.112822" lon="7.324927"><ele>2194.4</ele><time>2026-03-13T14:19:51Z</time></trkpt><trkpt lat="46.11283" lon="7.324892"><ele>2194.4</ele><time>2026-03-13T14:19:52Z</time></trkpt><trkpt lat="46.112837" lon="7.324855"><ele>2194.2</ele><time>2026-03-13T14:19:53Z</time></trkpt><trkpt lat="46.112842" lon="7.324817"><ele>2194.2</ele><time>2026-03-13T14:19:54Z</time></trkpt><trkpt lat="46.112847" lon="7.324775"><ele>2194.0</ele><time>2026-03-13T14:19:55Z</time></trkpt><trkpt lat="46.11285" lon="7.32473"><ele>2193.8</ele><time>2026-03-13T14:19:56Z</time></trkpt><trkpt lat="46.112852" lon="7.324682"><ele>2193.8</ele><time>2026-03-13T14:19:57Z</time></trkpt><trkpt lat="46.112857" lon="7.32463"><ele>2193.6</ele><time>2026-03-13T14:19:58Z</time></trkpt><trkpt lat="46.112862" lon="7.324575"><ele>2193.6</ele><time>2026-03-13T14:19:59Z</time></trkpt><trkpt lat="46.112877" lon="7.324517"><ele>2193.4</ele><time>2026-03-13T14:20:00Z</time></trkpt><trkpt lat="46.112892" lon="7.324467"><ele>2193.2</ele><time>2026-03-13T14:20:01Z</time></trkpt><trkpt lat="46.112912" lon="7.324422"><ele>2193.0</ele><time>2026-03-13T14:20:02Z</time></trkpt><trkpt lat="46.11293" lon="7.324382"><ele>2192.6</ele><time>2026-03-13T14:20:03Z</time></trkpt><trkpt lat="46.112947" lon="7.324342"><ele>2192.4</ele><time>2026-03-13T14:20:04Z</time></trkpt><trkpt lat="46.112967" lon="7.324307"><ele>2192.2</ele><time>2026-03-13T14:20:05Z</time></trkpt><trkpt lat="46.11299" lon="7.324272"><ele>2192.2</ele><time>2026-03-13T14:20:06Z</time></trkpt><trkpt lat="46.113012" lon="7.324247"><ele>2192.2</ele><time>2026-03-13T14:20:07Z</time></trkpt><trkpt lat="46.113032" lon="7.324222"><ele>2192.0</ele><time>2026-03-13T14:20:08Z</time></trkpt><trkpt lat="46.113052" lon="7.324202"><ele>2192.0</ele><time>2026-03-13T14:20:09Z</time></trkpt><trkpt lat="46.11307" lon="7.324182"><ele>2191.8</ele><time>2026-03-13T14:20:10Z</time></trkpt><trkpt lat="46.113085" lon="7.324163"><ele>2191.8</ele><time>2026-03-13T14:20:11Z</time></trkpt><trkpt lat="46.1131" lon="7.324132"><ele>2191.6</ele><time>2026-03-13T14:20:13Z</time></trkpt><trkpt lat="46.113102" lon="7.324107"><ele>2191.0</ele><time>2026-03-13T14:25:37Z</time></trkpt><trkpt lat="46.11311" lon="7.324027"><ele>2190.6</ele><time>2026-03-13T14:25:40Z</time></trkpt><trkpt lat="46.1131" lon="7.323997"><ele>2190.6</ele><time>2026-03-13T14:25:41Z</time></trkpt><trkpt lat="46.113072" lon="7.323942"><ele>2190.6</ele><time>2026-03-13T14:25:43Z</time></trkpt><trkpt lat="46.113057" lon="7.323908"><ele>2190.4</ele><time>2026-03-13T14:25:44Z</time></trkpt><trkpt lat="46.113047" lon="7.323882"><ele>2190.4</ele><time>2026-03-13T14:25:45Z</time></trkpt><trkpt lat="46.113032" lon="7.323837"><ele>2190.4</ele><time>2026-03-13T14:25:47Z</time></trkpt><trkpt lat="46.113025" lon="7.323812"><ele>2190.4</ele><time>2026-03-13T14:25:48Z</time></trkpt><trkpt lat="46.113017" lon="7.323785"><ele>2190.4</ele><time>2026-03-13T14:25:49Z</time></trkpt><trkpt lat="46.113005" lon="7.323755"><ele>2190.6</ele><time>2026-03-13T14:25:50Z</time></trkpt><trkpt lat="46.112992" lon="7.32373"><ele>2190.4</ele><time>2026-03-13T14:25:51Z</time></trkpt><trkpt lat="46.112985" lon="7.323702"><ele>2190.4</ele><time>2026-03-13T14:25:52Z</time></trkpt><trkpt lat="46.112972" lon="7.323677"><ele>2190.4</ele><time>2026-03-13T14:25:53Z</time></trkpt><trkpt lat="46.112965" lon="7.323652"><ele>2190.4</ele><time>2026-03-13T14:25:54Z</time></trkpt><trkpt lat="46.112947" lon="7.323607"><ele>2190.4</ele><time>2026-03-13T14:25:56Z</time></trkpt><trkpt lat="46.11294" lon="7.323582"><ele>2190.4</ele><time>2026-03-13T14:25:57Z</time></trkpt><trkpt lat="46.112927" lon="7.323555"><ele>2190.4</ele><time>2026-03-13T14:25:58Z</time></trkpt><trkpt lat="46.112915" lon="7.323522"><ele>2190.4</ele><time>2026-03-13T14:25:59Z</time></trkpt><trkpt lat="46.1129" lon="7.323477"><ele>2190.6</ele><time>2026-03-13T14:26:01Z</time></trkpt><trkpt lat="46.112892" lon="7.323452"><ele>2190.6</ele><time>2026-03-13T14:26:02Z</time></trkpt><trkpt lat="46.112882" lon="7.323422"><ele>2190.6</ele><time>2026-03-13T14:26:03Z</time></trkpt><trkpt lat="46.112872" lon="7.323395"><ele>2190.4</ele><time>2026-03-13T14:26:04Z</time></trkpt><trkpt lat="46.11286" lon="7.323372"><ele>2190.4</ele><time>2026-03-13T14:26:05Z</time></trkpt><trkpt lat="46.112847" lon="7.323325"><ele>2190.4</ele><time>2026-03-13T14:26:07Z</time></trkpt><trkpt lat="46.112837" lon="7.323297"><ele>2190.6</ele><time>2026-03-13T14:26:08Z</time></trkpt><trkpt lat="46.112827" lon="7.323272"><ele>2190.6</ele><time>2026-03-13T14:26:09Z</time></trkpt><trkpt lat="46.112817" lon="7.323247"><ele>2190.6</ele><time>2026-03-13T14:26:10Z</time></trkpt><trkpt lat="46.112807" lon="7.323222"><ele>2190.6</ele><time>2026-03-13T14:26:11Z</time></trkpt><trkpt lat="46.1128" lon="7.323197"><ele>2190.6</ele><time>2026-03-13T14:26:12Z</time></trkpt><trkpt lat="46.112785" lon="7.32316"><ele>2190.6</ele><time>2026-03-13T14:26:14Z</time></trkpt><trkpt lat="46.112777" lon="7.323137"><ele>2190.4</ele><time>2026-03-13T14:26:15Z</time></trkpt><trkpt lat="46.112765" lon="7.32311"><ele>2190.4</ele><time>2026-03-13T14:26:16Z</time></trkpt><trkpt lat="46.112757" lon="7.323087"><ele>2190.6</ele><time>2026-03-13T14:26:17Z</time></trkpt><trkpt lat="46.112747" lon="7.323062"><ele>2190.6</ele><time>2026-03-13T14:26:18Z</time></trkpt><trkpt lat="46.11273" lon="7.323015"><ele>2190.6</ele><time>2026-03-13T14:26:20Z</time></trkpt><trkpt lat="46.112712" lon="7.322972"><ele>2190.6</ele><time>2026-03-13T14:26:22Z</time></trkpt><trkpt lat="46.112705" lon="7.322947"><ele>2190.6</ele><time>2026-03-13T14:26:23Z</time></trkpt><trkpt lat="46.11269" lon="7.32291"><ele>2190.6</ele><time>2026-03-13T14:26:25Z</time></trkpt><trkpt lat="46.112682" lon="7.322887"><ele>2190.6</ele><time>2026-03-13T14:26:26Z</time></trkpt><trkpt lat="46.11267" lon="7.32286"><ele>2190.6</ele><time>2026-03-13T14:26:27Z</time></trkpt><trkpt lat="46.112652" lon="7.322812"><ele>2190.8</ele><time>2026-03-13T14:26:29Z</time></trkpt><trkpt lat="46.112637" lon="7.322772"><ele>2190.8</ele><time>2026-03-13T14:26:31Z</time></trkpt><trkpt lat="46.11263" lon="7.322747"><ele>2190.8</ele><time>2026-03-13T14:26:32Z</time></trkpt><trkpt lat="46.112622" lon="7.322722"><ele>2190.6</ele><time>2026-03-13T14:26:33Z</time></trkpt><trkpt lat="46.112607" lon="7.322685"><ele>2190.6</ele><time>2026-03-13T14:26:35Z</time></trkpt><trkpt lat="46.112597" lon="7.322657"><ele>2190.6</ele><time>2026-03-13T14:26:36Z</time></trkpt><trkpt lat="46.112587" lon="7.322632"><ele>2190.6</ele><time>2026-03-13T14:26:37Z</time></trkpt><trkpt lat="46.112567" lon="7.322592"><ele>2190.6</ele><time>2026-03-13T14:26:39Z</time></trkpt><trkpt lat="46.112557" lon="7.322562"><ele>2190.8</ele><time>2026-03-13T14:26:40Z</time></trkpt><trkpt lat="46.112542" lon="7.32253"><ele>2191.0</ele><time>2026-03-13T14:26:42Z</time></trkpt><trkpt lat="46.112532" lon="7.322502"><ele>2191.0</ele><time>2026-03-13T14:26:43Z</time></trkpt><trkpt lat="46.112517" lon="7.322457"><ele>2191.0</ele><time>2026-03-13T14:26:45Z</time></trkpt><trkpt lat="46.112502" lon="7.322415"><ele>2191.0</ele><time>2026-03-13T14:26:47Z</time></trkpt><trkpt lat="46.112492" lon="7.322387"><ele>2191.0</ele><time>2026-03-13T14:26:48Z</time></trkpt><trkpt lat="46.112482" lon="7.322362"><ele>2191.0</ele><time>2026-03-13T14:26:49Z</time></trkpt><trkpt lat="46.112475" lon="7.322337"><ele>2191.0</ele><time>2026-03-13T14:26:50Z</time></trkpt><trkpt lat="46.112465" lon="7.322312"><ele>2191.2</ele><time>2026-03-13T14:26:51Z</time></trkpt><trkpt lat="46.11245" lon="7.322275"><ele>2191.2</ele><time>2026-03-13T14:26:53Z</time></trkpt><trkpt lat="46.11244" lon="7.322252"><ele>2191.2</ele><time>2026-03-13T14:26:54Z</time></trkpt><trkpt lat="46.112427" lon="7.322217"><ele>2191.2</ele><time>2026-03-13T14:26:56Z</time></trkpt><trkpt lat="46.112412" lon="7.322177"><ele>2191.2</ele><time>2026-03-13T14:26:58Z</time></trkpt><trkpt lat="46.112397" lon="7.322142"><ele>2191.2</ele><time>2026-03-13T14:27:00Z</time></trkpt><trkpt lat="46.112382" lon="7.322102"><ele>2191.2</ele><time>2026-03-13T14:27:02Z</time></trkpt><trkpt lat="46.112372" lon="7.322075"><ele>2191.0</ele><time>2026-03-13T14:27:04Z</time></trkpt><trkpt lat="46.112357" lon="7.322032"><ele>2191.0</ele><time>2026-03-13T14:27:06Z</time></trkpt><trkpt lat="46.112343" lon="7.322"><ele>2191.0</ele><time>2026-03-13T14:27:08Z</time></trkpt><trkpt lat="46.11233" lon="7.32196"><ele>2191.0</ele><time>2026-03-13T14:27:10Z</time></trkpt><trkpt lat="46.112322" lon="7.321942"><ele>2190.8</ele><time>2026-03-13T14:27:11Z</time></trkpt><trkpt lat="46.112315" lon="7.321915"><ele>2190.8</ele><time>2026-03-13T14:27:13Z</time></trkpt><trkpt lat="46.112307" lon="7.321887"><ele>2190.8</ele><time>2026-03-13T14:27:15Z</time></trkpt><trkpt lat="46.112292" lon="7.321852"><ele>2191.0</ele><time>2026-03-13T14:27:17Z</time></trkpt><trkpt lat="46.112282" lon="7.321817"><ele>2191.0</ele><time>2026-03-13T14:27:19Z</time></trkpt><trkpt lat="46.112262" lon="7.32178"><ele>2190.8</ele><time>2026-03-13T14:27:22Z</time></trkpt><trkpt lat="46.11226" lon="7.321767"><ele>2191.0</ele><time>2026-03-13T14:27:23Z</time></trkpt><trkpt lat="46.11225" lon="7.321742"><ele>2190.8</ele><time>2026-03-13T14:27:26Z</time></trkpt><trkpt lat="46.11224" lon="7.32172"><ele>2190.8</ele><time>2026-03-13T14:27:29Z</time></trkpt><trkpt lat="46.112232" lon="7.321695"><ele>2190.8</ele><time>2026-03-13T14:27:32Z</time></trkpt><trkpt lat="46.112222" lon="7.321662"><ele>2191.0</ele><time>2026-03-13T14:27:36Z</time></trkpt><trkpt lat="46.112207" lon="7.32163"><ele>2191.0</ele><time>2026-03-13T14:27:39Z</time></trkpt><trkpt lat="46.112195" lon="7.3216"><ele>2191.0</ele><time>2026-03-13T14:27:41Z</time></trkpt><trkpt lat="46.112177" lon="7.321557"><ele>2191.2</ele><time>2026-03-13T14:27:43Z</time></trkpt><trkpt lat="46.112162" lon="7.32152"><ele>2191.2</ele><time>2026-03-13T14:27:45Z</time></trkpt><trkpt lat="46.112157" lon="7.3215"><ele>2191.2</ele><time>2026-03-13T14:27:46Z</time></trkpt><trkpt lat="46.112147" lon="7.321472"><ele>2191.4</ele><time>2026-03-13T14:27:47Z</time></trkpt><trkpt lat="46.112137" lon="7.321442"><ele>2191.2</ele><time>2026-03-13T14:27:48Z</time></trkpt><trkpt lat="46.11213" lon="7.321417"><ele>2191.2</ele><time>2026-03-13T14:27:49Z</time></trkpt><trkpt lat="46.112112" lon="7.321377"><ele>2191.4</ele><time>2026-03-13T14:27:51Z</time></trkpt><trkpt lat="46.112102" lon="7.321347"><ele>2191.4</ele><time>2026-03-13T14:27:52Z</time></trkpt><trkpt lat="46.112092" lon="7.321322"><ele>2191.4</ele><time>2026-03-13T14:27:53Z</time></trkpt><trkpt lat="46.112082" lon="7.3213"><ele>2191.4</ele><time>2026-03-13T14:27:54Z</time></trkpt><trkpt lat="46.112067" lon="7.321262"><ele>2191.2</ele><time>2026-03-13T14:27:56Z</time></trkpt><trkpt lat="46.112062" lon="7.321235"><ele>2191.2</ele><time>2026-03-13T14:27:58Z</time></trkpt><trkpt lat="46.112052" lon="7.321207"><ele>2191.2</ele><time>2026-03-13T14:28:00Z</time></trkpt><trkpt lat="46.112042" lon="7.321177"><ele>2191.2</ele><time>2026-03-13T14:28:02Z</time></trkpt><trkpt lat="46.112027" lon="7.321132"><ele>2191.0</ele><time>2026-03-13T14:28:04Z</time></trkpt><trkpt lat="46.112012" lon="7.321102"><ele>2191.0</ele><time>2026-03-13T14:28:06Z</time></trkpt><trkpt lat="46.111997" lon="7.321067"><ele>2191.2</ele><time>2026-03-13T14:28:08Z</time></trkpt><trkpt lat="46.111987" lon="7.321042"><ele>2191.2</ele><time>2026-03-13T14:28:09Z</time></trkpt><trkpt lat="46.111977" lon="7.321012"><ele>2191.2</ele><time>2026-03-13T14:28:11Z</time></trkpt><trkpt lat="46.111963" lon="7.320982"><ele>2191.2</ele><time>2026-03-13T14:28:13Z</time></trkpt><trkpt lat="46.111957" lon="7.32096"><ele>2191.2</ele><time>2026-03-13T14:28:15Z</time></trkpt><trkpt lat="46.111945" lon="7.320927"><ele>2191.2</ele><time>2026-03-13T14:28:17Z</time></trkpt><trkpt lat="46.111932" lon="7.3209"><ele>2191.2</ele><time>2026-03-13T14:28:19Z</time></trkpt><trkpt lat="46.111922" lon="7.320872"><ele>2191.2</ele><time>2026-03-13T14:28:21Z</time></trkpt><trkpt lat="46.111912" lon="7.320835"><ele>2191.4</ele><time>2026-03-13T14:28:23Z</time></trkpt><trkpt lat="46.111897" lon="7.320797"><ele>2191.4</ele><time>2026-03-13T14:28:25Z</time></trkpt><trkpt lat="46.111887" lon="7.320763"><ele>2191.6</ele><time>2026-03-13T14:28:27Z</time></trkpt><trkpt lat="46.111872" lon="7.320732"><ele>2191.4</ele><time>2026-03-13T14:28:29Z</time></trkpt><trkpt lat="46.111862" lon="7.320697"><ele>2191.6</ele><time>2026-03-13T14:28:31Z</time></trkpt><trkpt lat="46.111847" lon="7.320662"><ele>2191.6</ele><time>2026-03-13T14:28:33Z</time></trkpt><trkpt lat="46.111837" lon="7.320632"><ele>2191.6</ele><time>2026-03-13T14:28:35Z</time></trkpt><trkpt lat="46.111827" lon="7.32061"><ele>2191.6</ele><time>2026-03-13T14:28:36Z</time></trkpt><trkpt lat="46.111815" lon="7.320577"><ele>2191.6</ele><time>2026-03-13T14:28:38Z</time></trkpt><trkpt lat="46.111802" lon="7.32055"><ele>2191.6</ele><time>2026-03-13T14:28:40Z</time></trkpt><trkpt lat="46.11179" lon="7.320517"><ele>2191.6</ele><time>2026-03-13T14:28:42Z</time></trkpt><trkpt lat="46.11178" lon="7.320485"><ele>2191.4</ele><time>2026-03-13T14:28:44Z</time></trkpt><trkpt lat="46.111772" lon="7.320455"><ele>2191.6</ele><time>2026-03-13T14:28:46Z</time></trkpt><trkpt lat="46.111762" lon="7.320413"><ele>2191.6</ele><time>2026-03-13T14:28:48Z</time></trkpt><trkpt lat="46.11175" lon="7.320365"><ele>2191.4</ele><time>2026-03-13T14:28:50Z</time></trkpt><trkpt lat="46.111742" lon="7.320322"><ele>2191.4</ele><time>2026-03-13T14:28:52Z</time></trkpt><trkpt lat="46.111742" lon="7.320292"><ele>2191.4</ele><time>2026-03-13T14:28:57Z</time></trkpt><trkpt lat="46.111737" lon="7.320255"><ele>2191.4</ele><time>2026-03-13T14:29:00Z</time></trkpt><trkpt lat="46.111737" lon="7.32021"><ele>2191.6</ele><time>2026-03-13T14:29:04Z</time></trkpt><trkpt lat="46.111737" lon="7.32018"><ele>2191.8</ele><time>2026-03-13T14:29:06Z</time></trkpt><trkpt lat="46.111738" lon="7.320142"><ele>2191.8</ele><time>2026-03-13T14:29:08Z</time></trkpt><trkpt lat="46.111742" lon="7.320092"><ele>2191.8</ele><time>2026-03-13T14:29:10Z</time></trkpt><trkpt lat="46.111742" lon="7.320057"><ele>2191.8</ele><time>2026-03-13T14:29:11Z</time></trkpt><trkpt lat="46.111742" lon="7.320027"><ele>2191.8</ele><time>2026-03-13T14:29:12Z</time></trkpt><trkpt lat="46.111737" lon="7.319972"><ele>2191.6</ele><time>2026-03-13T14:29:14Z</time></trkpt><trkpt lat="46.111732" lon="7.319937"><ele>2191.4</ele><time>2026-03-13T14:29:16Z</time></trkpt><trkpt lat="46.111732" lon="7.319907"><ele>2191.4</ele><time>2026-03-13T14:29:19Z</time></trkpt><trkpt lat="46.11173" lon="7.319872"><ele>2191.4</ele><time>2026-03-13T14:29:21Z</time></trkpt><trkpt lat="46.11173" lon="7.319837"><ele>2191.4</ele><time>2026-03-13T14:29:23Z</time></trkpt><trkpt lat="46.111727" lon="7.319802"><ele>2191.2</ele><time>2026-03-13T14:29:25Z</time></trkpt><trkpt lat="46.111725" lon="7.319765"><ele>2191.4</ele><time>2026-03-13T14:29:27Z</time></trkpt><trkpt lat="46.111722" lon="7.319737"><ele>2191.4</ele><time>2026-03-13T14:29:29Z</time></trkpt><trkpt lat="46.11172" lon="7.319712"><ele>2191.4</ele><time>2026-03-13T14:29:31Z</time></trkpt><trkpt lat="46.111717" lon="7.319682"><ele>2191.6</ele><time>2026-03-13T14:29:33Z</time></trkpt><trkpt lat="46.111717" lon="7.319642"><ele>2191.8</ele><time>2026-03-13T14:29:36Z</time></trkpt><trkpt lat="46.111715" lon="7.319605"><ele>2191.6</ele><time>2026-03-13T14:29:38Z</time></trkpt><trkpt lat="46.111712" lon="7.319567"><ele>2191.6</ele><time>2026-03-13T14:29:40Z</time></trkpt><trkpt lat="46.111712" lon="7.319537"><ele>2191.6</ele><time>2026-03-13T14:29:42Z</time></trkpt><trkpt lat="46.111712" lon="7.319497"><ele>2191.6</ele><time>2026-03-13T14:29:44Z</time></trkpt><trkpt lat="46.111715" lon="7.319467"><ele>2191.4</ele><time>2026-03-13T14:29:46Z</time></trkpt><trkpt lat="46.111722" lon="7.319442"><ele>2191.4</ele><time>2026-03-13T14:29:49Z</time></trkpt><trkpt lat="46.111742" lon="7.319407"><ele>2191.4</ele><time>2026-03-13T14:29:52Z</time></trkpt><trkpt lat="46.111752" lon="7.31939"><ele>2191.4</ele><time>2026-03-13T14:29:54Z</time></trkpt><trkpt lat="46.111767" lon="7.319375"><ele>2191.6</ele><time>2026-03-13T14:29:56Z</time></trkpt><trkpt lat="46.111785" lon="7.319357"><ele>2191.6</ele><time>2026-03-13T14:29:58Z</time></trkpt><trkpt lat="46.111805" lon="7.31934"><ele>2191.4</ele><time>2026-03-13T14:30:01Z</time></trkpt><trkpt lat="46.111822" lon="7.319327"><ele>2191.4</ele><time>2026-03-13T14:30:03Z</time></trkpt><trkpt lat="46.111842" lon="7.319312"><ele>2191.4</ele><time>2026-03-13T14:30:06Z</time></trkpt><trkpt lat="46.111857" lon="7.319297"><ele>2191.2</ele><time>2026-03-13T14:30:08Z</time></trkpt><trkpt lat="46.111872" lon="7.319272"><ele>2191.6</ele><time>2026-03-13T14:30:11Z</time></trkpt><trkpt lat="46.111882" lon="7.319237"><ele>2191.6</ele><time>2026-03-13T14:30:14Z</time></trkpt><trkpt lat="46.11189" lon="7.319187"><ele>2191.8</ele><time>2026-03-13T14:30:16Z</time></trkpt><trkpt lat="46.111897" lon="7.319157"><ele>2191.6</ele><time>2026-03-13T14:30:17Z</time></trkpt><trkpt lat="46.111907" lon="7.319117"><ele>2191.6</ele><time>2026-03-13T14:30:18Z</time></trkpt><trkpt lat="46.111917" lon="7.319072"><ele>2191.4</ele><time>2026-03-13T14:30:19Z</time></trkpt><trkpt lat="46.11193" lon="7.31903"><ele>2191.2</ele><time>2026-03-13T14:30:20Z</time></trkpt><trkpt lat="46.11194" lon="7.318997"><ele>2191.0</ele><time>2026-03-13T14:30:21Z</time></trkpt><trkpt lat="46.111947" lon="7.31897"><ele>2190.8</ele><time>2026-03-13T14:30:22Z</time></trkpt><trkpt lat="46.111963" lon="7.318935"><ele>2190.6</ele><time>2026-03-13T14:30:25Z</time></trkpt><trkpt lat="46.111975" lon="7.318925"><ele>2190.6</ele><time>2026-03-13T14:30:27Z</time></trkpt><trkpt lat="46.11199" lon="7.318905"><ele>2190.8</ele><time>2026-03-13T14:30:31Z</time></trkpt><trkpt lat="46.112002" lon="7.318882"><ele>2191.0</ele><time>2026-03-13T14:30:36Z</time></trkpt><trkpt lat="46.11202" lon="7.318865"><ele>2191.4</ele><time>2026-03-13T14:30:42Z</time></trkpt><trkpt lat="46.112035" lon="7.318837"><ele>2191.4</ele><time>2026-03-13T14:30:52Z</time></trkpt><trkpt lat="46.112045" lon="7.318812"><ele>2191.2</ele><time>2026-03-13T14:30:54Z</time></trkpt><trkpt lat="46.112062" lon="7.318767"><ele>2191.2</ele><time>2026-03-13T14:30:56Z</time></trkpt><trkpt lat="46.112075" lon="7.31873"><ele>2191.0</ele><time>2026-03-13T14:30:58Z</time></trkpt><trkpt lat="46.112087" lon="7.318698"><ele>2190.8</ele><time>2026-03-13T14:31:00Z</time></trkpt><trkpt lat="46.112102" lon="7.318662"><ele>2190.8</ele><time>2026-03-13T14:31:02Z</time></trkpt><trkpt lat="46.112112" lon="7.318632"><ele>2190.6</ele><time>2026-03-13T14:31:03Z</time></trkpt><trkpt lat="46.112127" lon="7.3186"><ele>2190.6</ele><time>2026-03-13T14:31:04Z</time></trkpt><trkpt lat="46.11214" lon="7.318567"><ele>2190.4</ele><time>2026-03-13T14:31:05Z</time></trkpt><trkpt lat="46.112157" lon="7.318532"><ele>2190.4</ele><time>2026-03-13T14:31:06Z</time></trkpt><trkpt lat="46.112172" lon="7.318495"><ele>2190.2</ele><time>2026-03-13T14:31:07Z</time></trkpt><trkpt lat="46.112185" lon="7.318452"><ele>2190.0</ele><time>2026-03-13T14:31:08Z</time></trkpt><trkpt lat="46.112197" lon="7.318402"><ele>2189.8</ele><time>2026-03-13T14:31:09Z</time></trkpt><trkpt lat="46.11221" lon="7.318348"><ele>2189.8</ele><time>2026-03-13T14:31:10Z</time></trkpt><trkpt lat="46.112222" lon="7.318297"><ele>2189.6</ele><time>2026-03-13T14:31:11Z</time></trkpt><trkpt lat="46.11223" lon="7.318245"><ele>2189.2</ele><time>2026-03-13T14:31:12Z</time></trkpt><trkpt lat="46.112232" lon="7.318205"><ele>2189.0</ele><time>2026-03-13T14:31:13Z</time></trkpt><trkpt lat="46.112237" lon="7.318172"><ele>2188.6</ele><time>2026-03-13T14:31:14Z</time></trkpt><trkpt lat="46.112242" lon="7.318142"><ele>2188.4</ele><time>2026-03-13T14:31:15Z</time></trkpt><trkpt lat="46.112247" lon="7.318102"><ele>2187.8</ele><time>2026-03-13T14:31:17Z</time></trkpt><trkpt lat="46.11224" lon="7.318072"><ele>2186.6</ele><time>2026-03-13T14:31:43Z</time></trkpt><trkpt lat="46.112237" lon="7.318017"><ele>2186.4</ele><time>2026-03-13T14:31:45Z</time></trkpt><trkpt lat="46.112232" lon="7.317977"><ele>2186.2</ele><time>2026-03-13T14:31:46Z</time></trkpt><trkpt lat="46.112232" lon="7.31794"><ele>2186.2</ele><time>2026-03-13T14:31:47Z</time></trkpt><trkpt lat="46.112227" lon="7.317912"><ele>2186.0</ele><time>2026-03-13T14:31:48Z</time></trkpt><trkpt lat="46.112227" lon="7.317867"><ele>2185.8</ele><time>2026-03-13T14:31:50Z</time></trkpt><trkpt lat="46.112222" lon="7.317825"><ele>2185.6</ele><time>2026-03-13T14:31:52Z</time></trkpt><trkpt lat="46.112212" lon="7.317787"><ele>2185.2</ele><time>2026-03-13T14:31:55Z</time></trkpt><trkpt lat="46.112205" lon="7.317762"><ele>2185.2</ele><time>2026-03-13T14:31:56Z</time></trkpt><trkpt lat="46.112197" lon="7.31773"><ele>2185.2</ele><time>2026-03-13T14:31:57Z</time></trkpt><trkpt lat="46.112172" lon="7.317642"><ele>2185.0</ele><time>2026-03-13T14:31:59Z</time></trkpt><trkpt lat="46.112162" lon="7.3176"><ele>2184.8</ele><time>2026-03-13T14:32:00Z</time></trkpt><trkpt lat="46.112152" lon="7.317557"><ele>2184.6</ele><time>2026-03-13T14:32:02Z</time></trkpt><trkpt lat="46.112152" lon="7.317525"><ele>2184.2</ele><time>2026-03-13T14:32:04Z</time></trkpt><trkpt lat="46.112165" lon="7.31749"><ele>2184.2</ele><time>2026-03-13T14:32:06Z</time></trkpt><trkpt lat="46.112177" lon="7.317457"><ele>2184.0</ele><time>2026-03-13T14:32:08Z</time></trkpt><trkpt lat="46.1122" lon="7.317405"><ele>2183.8</ele><time>2026-03-13T14:32:10Z</time></trkpt><trkpt lat="46.112207" lon="7.31737"><ele>2183.4</ele><time>2026-03-13T14:32:11Z</time></trkpt><trkpt lat="46.112225" lon="7.317307"><ele>2182.6</ele><time>2026-03-13T14:32:13Z</time></trkpt><trkpt lat="46.112232" lon="7.317262"><ele>2181.8</ele><time>2026-03-13T14:32:14Z</time></trkpt><trkpt lat="46.112242" lon="7.317225"><ele>2181.0</ele><time>2026-03-13T14:32:15Z</time></trkpt><trkpt lat="46.112252" lon="7.317192"><ele>2180.2</ele><time>2026-03-13T14:32:16Z</time></trkpt><trkpt lat="46.112262" lon="7.317157"><ele>2179.6</ele><time>2026-03-13T14:32:17Z</time></trkpt><trkpt lat="46.112272" lon="7.317122"><ele>2179.0</ele><time>2026-03-13T14:32:18Z</time></trkpt><trkpt lat="46.112285" lon="7.317087"><ele>2178.4</ele><time>2026-03-13T14:32:19Z</time></trkpt><trkpt lat="46.112292" lon="7.317057"><ele>2177.8</ele><time>2026-03-13T14:32:20Z</time></trkpt><trkpt lat="46.112307" lon="7.317017"><ele>2177.0</ele><time>2026-03-13T14:32:22Z</time></trkpt><trkpt lat="46.11232" lon="7.316975"><ele>2176.2</ele><time>2026-03-13T14:32:24Z</time></trkpt><trkpt lat="46.112337" lon="7.316942"><ele>2176.0</ele><time>2026-03-13T14:32:25Z</time></trkpt><trkpt lat="46.11236" lon="7.316915"><ele>2175.8</ele><time>2026-03-13T14:32:26Z</time></trkpt><trkpt lat="46.112377" lon="7.31688"><ele>2175.6</ele><time>2026-03-13T14:32:27Z</time></trkpt><trkpt lat="46.11239" lon="7.316845"><ele>2175.2</ele><time>2026-03-13T14:32:28Z</time></trkpt><trkpt lat="46.112402" lon="7.316812"><ele>2174.8</ele><time>2026-03-13T14:32:29Z</time></trkpt><trkpt lat="46.112407" lon="7.31677"><ele>2174.2</ele><time>2026-03-13T14:32:30Z</time></trkpt><trkpt lat="46.112412" lon="7.316732"><ele>2173.6</ele><time>2026-03-13T14:32:31Z</time></trkpt><trkpt lat="46.11242" lon="7.316677"><ele>2173.0</ele><time>2026-03-13T14:32:32Z</time></trkpt><trkpt lat="46.112422" lon="7.31662"><ele>2172.4</ele><time>2026-03-13T14:32:33Z</time></trkpt><trkpt lat="46.112427" lon="7.316552"><ele>2171.6</ele><time>2026-03-13T14:32:34Z</time></trkpt><trkpt lat="46.112432" lon="7.316502"><ele>2170.6</ele><time>2026-03-13T14:32:35Z</time></trkpt><trkpt lat="46.11245" lon="7.31643"><ele>2168.6</ele><time>2026-03-13T14:32:37Z</time></trkpt><trkpt lat="46.112457" lon="7.316405"><ele>2167.6</ele><time>2026-03-13T14:32:38Z</time></trkpt><trkpt lat="46.112472" lon="7.316372"><ele>2166.8</ele><time>2026-03-13T14:32:39Z</time></trkpt><trkpt lat="46.112492" lon="7.31634"><ele>2166.2</ele><time>2026-03-13T14:32:40Z</time></trkpt><trkpt lat="46.112507" lon="7.316307"><ele>2165.6</ele><time>2026-03-13T14:32:41Z</time></trkpt><trkpt lat="46.112532" lon="7.316272"><ele>2165.2</ele><time>2026-03-13T14:32:42Z</time></trkpt><trkpt lat="46.112557" lon="7.316232"><ele>2164.6</ele><time>2026-03-13T14:32:43Z</time></trkpt><trkpt lat="46.11258" lon="7.316192"><ele>2164.0</ele><time>2026-03-13T14:32:44Z</time></trkpt><trkpt lat="46.1126" lon="7.316157"><ele>2163.4</ele><time>2026-03-13T14:32:45Z</time></trkpt><trkpt lat="46.112612" lon="7.31613"><ele>2162.8</ele><time>2026-03-13T14:32:46Z</time></trkpt><trkpt lat="46.112617" lon="7.316102"><ele>2162.0</ele><time>2026-03-13T14:32:47Z</time></trkpt><trkpt lat="46.112622" lon="7.316077"><ele>2161.2</ele><time>2026-03-13T14:32:48Z</time></trkpt><trkpt lat="46.11263" lon="7.316047"><ele>2160.6</ele><time>2026-03-13T14:32:49Z</time></trkpt><trkpt lat="46.11264" lon="7.316007"><ele>2160.2</ele><time>2026-03-13T14:32:50Z</time></trkpt><trkpt lat="46.112652" lon="7.315975"><ele>2159.6</ele><time>2026-03-13T14:32:51Z</time></trkpt><trkpt lat="46.112653" lon="7.315962"><ele>2156.8</ele><time>2026-03-13T14:33:06Z</time></trkpt><trkpt lat="46.112677" lon="7.315952"><ele>2156.6</ele><time>2026-03-13T14:33:09Z</time></trkpt><trkpt lat="46.112692" lon="7.315942"><ele>2156.4</ele><time>2026-03-13T14:33:10Z</time></trkpt><trkpt lat="46.112717" lon="7.315922"><ele>2156.0</ele><time>2026-03-13T14:33:11Z</time></trkpt><trkpt lat="46.112742" lon="7.315902"><ele>2155.8</ele><time>2026-03-13T14:33:12Z</time></trkpt><trkpt lat="46.112767" lon="7.315885"><ele>2155.4</ele><time>2026-03-13T14:33:13Z</time></trkpt><trkpt lat="46.112817" lon="7.31585"><ele>2154.0</ele><time>2026-03-13T14:33:15Z</time></trkpt><trkpt lat="46.11286" lon="7.315855"><ele>2153.4</ele><time>2026-03-13T14:33:16Z</time></trkpt><trkpt lat="46.112872" lon="7.315905"><ele>2152.8</ele><time>2026-03-13T14:33:17Z</time></trkpt><trkpt lat="46.112877" lon="7.31595"><ele>2152.2</ele><time>2026-03-13T14:33:18Z</time></trkpt><trkpt lat="46.112878" lon="7.31599"><ele>2151.0</ele><time>2026-03-13T14:33:19Z</time></trkpt><trkpt lat="46.112877" lon="7.316047"><ele>2149.6</ele><time>2026-03-13T14:33:20Z</time></trkpt><trkpt lat="46.112872" lon="7.31609"><ele>2148.2</ele><time>2026-03-13T14:33:21Z</time></trkpt><trkpt lat="46.112877" lon="7.316092"><ele>2145.6</ele><time>2026-03-13T14:33:23Z</time></trkpt><trkpt lat="46.112885" lon="7.316122"><ele>2143.0</ele><time>2026-03-13T14:33:25Z</time></trkpt><trkpt lat="46.112907" lon="7.316152"><ele>2142.2</ele><time>2026-03-13T14:33:26Z</time></trkpt><trkpt lat="46.11294" lon="7.316142"><ele>2141.4</ele><time>2026-03-13T14:33:27Z</time></trkpt><trkpt lat="46.112962" lon="7.316122"><ele>2140.6</ele><time>2026-03-13T14:33:28Z</time></trkpt><trkpt lat="46.11298" lon="7.31611"><ele>2139.8</ele><time>2026-03-13T14:33:29Z</time></trkpt><trkpt lat="46.112997" lon="7.316097"><ele>2138.6</ele><time>2026-03-13T14:33:30Z</time></trkpt><trkpt lat="46.113012" lon="7.316085"><ele>2137.4</ele><time>2026-03-13T14:33:31Z</time></trkpt><trkpt lat="46.11304" lon="7.316082"><ele>2136.4</ele><time>2026-03-13T14:33:32Z</time></trkpt><trkpt lat="46.113072" lon="7.316105"><ele>2135.4</ele><time>2026-03-13T14:33:33Z</time></trkpt><trkpt lat="46.113072" lon="7.31616"><ele>2134.6</ele><time>2026-03-13T14:33:34Z</time></trkpt><trkpt lat="46.113072" lon="7.31621"><ele>2133.8</ele><time>2026-03-13T14:33:35Z</time></trkpt><trkpt lat="46.113072" lon="7.31627"><ele>2132.4</ele><time>2026-03-13T14:33:36Z</time></trkpt><trkpt lat="46.11307" lon="7.316307"><ele>2130.8</ele><time>2026-03-13T14:33:37Z</time></trkpt><trkpt lat="46.113067" lon="7.316317"><ele>2128.4</ele><time>2026-03-13T14:33:39Z</time></trkpt><trkpt lat="46.113082" lon="7.316305"><ele>2126.6</ele><time>2026-03-13T14:33:41Z</time></trkpt><trkpt lat="46.113097" lon="7.316317"><ele>2126.0</ele><time>2026-03-13T14:33:42Z</time></trkpt><trkpt lat="46.113112" lon="7.316307"><ele>2124.8</ele><time>2026-03-13T14:33:44Z</time></trkpt><trkpt lat="46.11314" lon="7.316327"><ele>2123.6</ele><time>2026-03-13T14:33:46Z</time></trkpt><trkpt lat="46.113172" lon="7.316307"><ele>2122.4</ele><time>2026-03-13T14:33:48Z</time></trkpt><trkpt lat="46.113192" lon="7.316275"><ele>2121.8</ele><time>2026-03-13T14:33:49Z</time></trkpt><trkpt lat="46.113212" lon="7.316252"><ele>2120.4</ele><time>2026-03-13T14:33:51Z</time></trkpt><trkpt lat="46.113232" lon="7.316242"><ele>2118.6</ele><time>2026-03-13T14:33:53Z</time></trkpt><trkpt lat="46.113255" lon="7.316227"><ele>2117.8</ele><time>2026-03-13T14:33:54Z</time></trkpt><trkpt lat="46.113267" lon="7.316207"><ele>2117.2</ele><time>2026-03-13T14:33:55Z</time></trkpt><trkpt lat="46.113287" lon="7.316187"><ele>2115.8</ele><time>2026-03-13T14:33:57Z</time></trkpt><trkpt lat="46.113302" lon="7.31617"><ele>2115.2</ele><time>2026-03-13T14:33:58Z</time></trkpt><trkpt lat="46.113328" lon="7.31614"><ele>2114.6</ele><time>2026-03-13T14:33:59Z</time></trkpt><trkpt lat="46.113352" lon="7.316107"><ele>2114.2</ele><time>2026-03-13T14:34:00Z</time></trkpt><trkpt lat="46.11337" lon="7.316087"><ele>2113.6</ele><time>2026-03-13T14:34:01Z</time></trkpt><trkpt lat="46.113387" lon="7.31607"><ele>2113.0</ele><time>2026-03-13T14:34:02Z</time></trkpt><trkpt lat="46.113462" lon="7.316065"><ele>2111.2</ele><time>2026-03-13T14:34:05Z</time></trkpt><trkpt lat="46.113472" lon="7.316105"><ele>2110.6</ele><time>2026-03-13T14:34:06Z</time></trkpt><trkpt lat="46.113495" lon="7.316132"><ele>2110.0</ele><time>2026-03-13T14:34:07Z</time></trkpt><trkpt lat="46.113532" lon="7.316122"><ele>2109.0</ele><time>2026-03-13T14:34:08Z</time></trkpt><trkpt lat="46.113557" lon="7.316092"><ele>2107.8</ele><time>2026-03-13T14:34:09Z</time></trkpt><trkpt lat="46.113572" lon="7.316057"><ele>2106.8</ele><time>2026-03-13T14:34:10Z</time></trkpt><trkpt lat="46.11359" lon="7.316032"><ele>2105.4</ele><time>2026-03-13T14:34:11Z</time></trkpt><trkpt lat="46.113612" lon="7.316032"><ele>2102.6</ele><time>2026-03-13T14:34:13Z</time></trkpt><trkpt lat="46.11365" lon="7.316042"><ele>2101.6</ele><time>2026-03-13T14:34:14Z</time></trkpt><trkpt lat="46.113692" lon="7.316022"><ele>2100.8</ele><time>2026-03-13T14:34:15Z</time></trkpt><trkpt lat="46.113722" lon="7.316007"><ele>2100.0</ele><time>2026-03-13T14:34:16Z</time></trkpt><trkpt lat="46.11375" lon="7.315992"><ele>2099.0</ele><time>2026-03-13T14:34:17Z</time></trkpt><trkpt lat="46.113777" lon="7.315977"><ele>2097.8</ele><time>2026-03-13T14:34:18Z</time></trkpt><trkpt lat="46.113812" lon="7.315957"><ele>2096.6</ele><time>2026-03-13T14:34:19Z</time></trkpt><trkpt lat="46.11383" lon="7.315937"><ele>2095.4</ele><time>2026-03-13T14:34:20Z</time></trkpt><trkpt lat="46.113842" lon="7.315942"><ele>2093.2</ele><time>2026-03-13T14:34:22Z</time></trkpt><trkpt lat="46.11384" lon="7.315947"><ele>2090.4</ele><time>2026-03-13T14:34:25Z</time></trkpt><trkpt lat="46.113857" lon="7.315933"><ele>2089.0</ele><time>2026-03-13T14:34:28Z</time></trkpt><trkpt lat="46.11391" lon="7.3159"><ele>2088.4</ele><time>2026-03-13T14:34:30Z</time></trkpt><trkpt lat="46.11395" lon="7.315875"><ele>2088.0</ele><time>2026-03-13T14:34:31Z</time></trkpt><trkpt lat="46.113997" lon="7.315847"><ele>2087.8</ele><time>2026-03-13T14:34:32Z</time></trkpt><trkpt lat="46.114047" lon="7.315812"><ele>2087.2</ele><time>2026-03-13T14:34:33Z</time></trkpt><trkpt lat="46.114087" lon="7.315782"><ele>2086.6</ele><time>2026-03-13T14:34:34Z</time></trkpt><trkpt lat="46.11412" lon="7.315757"><ele>2086.0</ele><time>2026-03-13T14:34:35Z</time></trkpt><trkpt lat="46.114147" lon="7.315732"><ele>2085.2</ele><time>2026-03-13T14:34:36Z</time></trkpt><trkpt lat="46.114175" lon="7.31571"><ele>2084.2</ele><time>2026-03-13T14:34:37Z</time></trkpt><trkpt lat="46.114202" lon="7.315685"><ele>2083.4</ele><time>2026-03-13T14:34:38Z</time></trkpt><trkpt lat="46.114232" lon="7.315665"><ele>2082.8</ele><time>2026-03-13T14:34:39Z</time></trkpt><trkpt lat="46.114257" lon="7.315647"><ele>2082.2</ele><time>2026-03-13T14:34:40Z</time></trkpt><trkpt lat="46.114282" lon="7.315632"><ele>2081.4</ele><time>2026-03-13T14:34:41Z</time></trkpt><trkpt lat="46.114312" lon="7.315607"><ele>2080.8</ele><time>2026-03-13T14:34:42Z</time></trkpt><trkpt lat="46.114342" lon="7.315582"><ele>2080.2</ele><time>2026-03-13T14:34:43Z</time></trkpt><trkpt lat="46.114377" lon="7.315557"><ele>2079.8</ele><time>2026-03-13T14:34:44Z</time></trkpt><trkpt lat="46.114427" lon="7.315537"><ele>2079.4</ele><time>2026-03-13T14:34:45Z</time></trkpt><trkpt lat="46.114477" lon="7.315502"><ele>2078.8</ele><time>2026-03-13T14:34:46Z</time></trkpt><trkpt lat="46.11451" lon="7.315472"><ele>2078.4</ele><time>2026-03-13T14:34:47Z</time></trkpt><trkpt lat="46.114545" lon="7.315452"><ele>2077.8</ele><time>2026-03-13T14:34:48Z</time></trkpt><trkpt lat="46.114585" lon="7.315432"><ele>2077.0</ele><time>2026-03-13T14:34:49Z</time></trkpt><trkpt lat="46.114623" lon="7.315402"><ele>2076.0</ele><time>2026-03-13T14:34:50Z</time></trkpt><trkpt lat="46.114665" lon="7.315362"><ele>2075.2</ele><time>2026-03-13T14:34:51Z</time></trkpt><trkpt lat="46.114705" lon="7.31533"><ele>2074.4</ele><time>2026-03-13T14:34:52Z</time></trkpt><trkpt lat="46.114747" lon="7.315302"><ele>2073.6</ele><time>2026-03-13T14:34:53Z</time></trkpt><trkpt lat="46.114777" lon="7.315285"><ele>2072.8</ele><time>2026-03-13T14:34:54Z</time></trkpt><trkpt lat="46.114815" lon="7.315252"><ele>2072.0</ele><time>2026-03-13T14:34:55Z</time></trkpt><trkpt lat="46.114847" lon="7.315202"><ele>2071.4</ele><time>2026-03-13T14:34:56Z</time></trkpt><trkpt lat="46.114867" lon="7.315172"><ele>2070.8</ele><time>2026-03-13T14:34:57Z</time></trkpt><trkpt lat="46.114882" lon="7.315157"><ele>2070.4</ele><time>2026-03-13T14:34:58Z</time></trkpt><trkpt lat="46.114905" lon="7.315157"><ele>2070.0</ele><time>2026-03-13T14:34:59Z</time></trkpt><trkpt lat="46.114937" lon="7.315152"><ele>2069.6</ele><time>2026-03-13T14:35:00Z</time></trkpt><trkpt lat="46.114977" lon="7.315132"><ele>2069.2</ele><time>2026-03-13T14:35:01Z</time></trkpt><trkpt lat="46.115017" lon="7.315115"><ele>2069.0</ele><time>2026-03-13T14:35:02Z</time></trkpt><trkpt lat="46.115055" lon="7.315085"><ele>2068.6</ele><time>2026-03-13T14:35:03Z</time></trkpt><trkpt lat="46.115095" lon="7.315062"><ele>2068.0</ele><time>2026-03-13T14:35:04Z</time></trkpt><trkpt lat="46.115135" lon="7.31504"><ele>2067.4</ele><time>2026-03-13T14:35:05Z</time></trkpt><trkpt lat="46.11517" lon="7.315012"><ele>2066.8</ele><time>2026-03-13T14:35:06Z</time></trkpt><trkpt lat="46.115202" lon="7.314982"><ele>2066.0</ele><time>2026-03-13T14:35:07Z</time></trkpt><trkpt lat="46.115232" lon="7.314957"><ele>2065.6</ele><time>2026-03-13T14:35:08Z</time></trkpt><trkpt lat="46.115267" lon="7.314937"><ele>2065.2</ele><time>2026-03-13T14:35:09Z</time></trkpt><trkpt lat="46.115307" lon="7.314912"><ele>2064.8</ele><time>2026-03-13T14:35:10Z</time></trkpt><trkpt lat="46.115352" lon="7.314885"><ele>2064.4</ele><time>2026-03-13T14:35:11Z</time></trkpt><trkpt lat="46.115392" lon="7.314862"><ele>2064.0</ele><time>2026-03-13T14:35:12Z</time></trkpt><trkpt lat="46.115427" lon="7.314837"><ele>2063.4</ele><time>2026-03-13T14:35:13Z</time></trkpt><trkpt lat="46.115467" lon="7.314812"><ele>2063.0</ele><time>2026-03-13T14:35:14Z</time></trkpt><trkpt lat="46.115507" lon="7.314777"><ele>2062.6</ele><time>2026-03-13T14:35:15Z</time></trkpt><trkpt lat="46.11553" lon="7.314742"><ele>2062.2</ele><time>2026-03-13T14:35:16Z</time></trkpt><trkpt lat="46.11554" lon="7.314692"><ele>2061.0</ele><time>2026-03-13T14:35:19Z</time></trkpt><trkpt lat="46.115562" lon="7.314652"><ele>2060.6</ele><time>2026-03-13T14:35:20Z</time></trkpt><trkpt lat="46.115592" lon="7.314622"><ele>2060.4</ele><time>2026-03-13T14:35:21Z</time></trkpt><trkpt lat="46.11563" lon="7.314595"><ele>2060.0</ele><time>2026-03-13T14:35:22Z</time></trkpt><trkpt lat="46.115667" lon="7.314572"><ele>2059.4</ele><time>2026-03-13T14:35:23Z</time></trkpt><trkpt lat="46.115702" lon="7.314562"><ele>2058.6</ele><time>2026-03-13T14:35:24Z</time></trkpt><trkpt lat="46.115737" lon="7.314545"><ele>2058.0</ele><time>2026-03-13T14:35:25Z</time></trkpt><trkpt lat="46.115775" lon="7.314525"><ele>2057.4</ele><time>2026-03-13T14:35:26Z</time></trkpt><trkpt lat="46.115805" lon="7.31451"><ele>2057.0</ele><time>2026-03-13T14:35:27Z</time></trkpt><trkpt lat="46.115827" lon="7.3145"><ele>2056.4</ele><time>2026-03-13T14:35:28Z</time></trkpt><trkpt lat="46.115857" lon="7.314477"><ele>2056.0</ele><time>2026-03-13T14:35:29Z</time></trkpt><trkpt lat="46.115892" lon="7.314455"><ele>2055.4</ele><time>2026-03-13T14:35:30Z</time></trkpt><trkpt lat="46.11593" lon="7.314427"><ele>2055.0</ele><time>2026-03-13T14:35:31Z</time></trkpt><trkpt lat="46.115967" lon="7.314417"><ele>2054.6</ele><time>2026-03-13T14:35:32Z</time></trkpt><trkpt lat="46.116" lon="7.314407"><ele>2053.8</ele><time>2026-03-13T14:35:33Z</time></trkpt><trkpt lat="46.116017" lon="7.314395"><ele>2053.0</ele><time>2026-03-13T14:35:34Z</time></trkpt><trkpt lat="46.11604" lon="7.314365"><ele>2052.2</ele><time>2026-03-13T14:35:35Z</time></trkpt><trkpt lat="46.116067" lon="7.314332"><ele>2051.4</ele><time>2026-03-13T14:35:36Z</time></trkpt><trkpt lat="46.1161" lon="7.314302"><ele>2050.8</ele><time>2026-03-13T14:35:37Z</time></trkpt><trkpt lat="46.116127" lon="7.314277"><ele>2050.2</ele><time>2026-03-13T14:35:38Z</time></trkpt><trkpt lat="46.116162" lon="7.314262"><ele>2049.2</ele><time>2026-03-13T14:35:39Z</time></trkpt><trkpt lat="46.116197" lon="7.314247"><ele>2048.4</ele><time>2026-03-13T14:35:40Z</time></trkpt><trkpt lat="46.11623" lon="7.314237"><ele>2047.4</ele><time>2026-03-13T14:35:41Z</time></trkpt><trkpt lat="46.116265" lon="7.314225"><ele>2046.4</ele><time>2026-03-13T14:35:42Z</time></trkpt><trkpt lat="46.116297" lon="7.314217"><ele>2045.6</ele><time>2026-03-13T14:35:43Z</time></trkpt><trkpt lat="46.11633" lon="7.3142"><ele>2044.8</ele><time>2026-03-13T14:35:44Z</time></trkpt><trkpt lat="46.116372" lon="7.314172"><ele>2044.0</ele><time>2026-03-13T14:35:45Z</time></trkpt><trkpt lat="46.116412" lon="7.31414"><ele>2043.4</ele><time>2026-03-13T14:35:46Z</time></trkpt><trkpt lat="46.116455" lon="7.314117"><ele>2042.8</ele><time>2026-03-13T14:35:47Z</time></trkpt><trkpt lat="46.116497" lon="7.314105"><ele>2042.0</ele><time>2026-03-13T14:35:48Z</time></trkpt><trkpt lat="46.116532" lon="7.314095"><ele>2041.0</ele><time>2026-03-13T14:35:49Z</time></trkpt><trkpt lat="46.116562" lon="7.314085"><ele>2040.0</ele><time>2026-03-13T14:35:50Z</time></trkpt><trkpt lat="46.116592" lon="7.314082"><ele>2039.2</ele><time>2026-03-13T14:35:51Z</time></trkpt><trkpt lat="46.116622" lon="7.314082"><ele>2038.2</ele><time>2026-03-13T14:35:52Z</time></trkpt><trkpt lat="46.116642" lon="7.31408"><ele>2037.4</ele><time>2026-03-13T14:35:53Z</time></trkpt><trkpt lat="46.116662" lon="7.314077"><ele>2035.2</ele><time>2026-03-13T14:35:56Z</time></trkpt><trkpt lat="46.116707" lon="7.314062"><ele>2034.8</ele><time>2026-03-13T14:35:58Z</time></trkpt><trkpt lat="46.116747" lon="7.31404"><ele>2034.6</ele><time>2026-03-13T14:35:59Z</time></trkpt><trkpt lat="46.116782" lon="7.314032"><ele>2034.4</ele><time>2026-03-13T14:36:00Z</time></trkpt><trkpt lat="46.116812" lon="7.314022"><ele>2033.6</ele><time>2026-03-13T14:36:02Z</time></trkpt><trkpt lat="46.116832" lon="7.314005"><ele>2033.0</ele><time>2026-03-13T14:36:03Z</time></trkpt><trkpt lat="46.116857" lon="7.313995"><ele>2032.4</ele><time>2026-03-13T14:36:04Z</time></trkpt><trkpt lat="46.116882" lon="7.313995"><ele>2031.8</ele><time>2026-03-13T14:36:05Z</time></trkpt><trkpt lat="46.116907" lon="7.31399"><ele>2031.2</ele><time>2026-03-13T14:36:06Z</time></trkpt><trkpt lat="46.116942" lon="7.31397"><ele>2030.8</ele><time>2026-03-13T14:36:07Z</time></trkpt><trkpt lat="46.116972" lon="7.313952"><ele>2030.2</ele><time>2026-03-13T14:36:08Z</time></trkpt><trkpt lat="46.117002" lon="7.31394"><ele>2029.6</ele><time>2026-03-13T14:36:09Z</time></trkpt><trkpt lat="46.117027" lon="7.313927"><ele>2029.2</ele><time>2026-03-13T14:36:10Z</time></trkpt><trkpt lat="46.117047" lon="7.313917"><ele>2028.4</ele><time>2026-03-13T14:36:11Z</time></trkpt><trkpt lat="46.117072" lon="7.313897"><ele>2027.6</ele><time>2026-03-13T14:36:12Z</time></trkpt><trkpt lat="46.117095" lon="7.31388"><ele>2027.0</ele><time>2026-03-13T14:36:13Z</time></trkpt><trkpt lat="46.117113" lon="7.313857"><ele>2026.2</ele><time>2026-03-13T14:36:14Z</time></trkpt><trkpt lat="46.117132" lon="7.31384"><ele>2025.6</ele><time>2026-03-13T14:36:15Z</time></trkpt><trkpt lat="46.117155" lon="7.313827"><ele>2024.6</ele><time>2026-03-13T14:36:16Z</time></trkpt><trkpt lat="46.11718" lon="7.313807"><ele>2023.8</ele><time>2026-03-13T14:36:17Z</time></trkpt><trkpt lat="46.117212" lon="7.3138"><ele>2023.0</ele><time>2026-03-13T14:36:18Z</time></trkpt><trkpt lat="46.117237" lon="7.313792"><ele>2022.2</ele><time>2026-03-13T14:36:19Z</time></trkpt><trkpt lat="46.117272" lon="7.313772"><ele>2021.4</ele><time>2026-03-13T14:36:20Z</time></trkpt><trkpt lat="46.117302" lon="7.313755"><ele>2020.8</ele><time>2026-03-13T14:36:21Z</time></trkpt><trkpt lat="46.117342" lon="7.313735"><ele>2019.4</ele><time>2026-03-13T14:36:23Z</time></trkpt><trkpt lat="46.117362" lon="7.313722"><ele>2018.4</ele><time>2026-03-13T14:36:24Z</time></trkpt><trkpt lat="46.117397" lon="7.31369"><ele>2017.6</ele><time>2026-03-13T14:36:25Z</time></trkpt><trkpt lat="46.117437" lon="7.313677"><ele>2017.0</ele><time>2026-03-13T14:36:26Z</time></trkpt><trkpt lat="46.117462" lon="7.313665"><ele>2016.6</ele><time>2026-03-13T14:36:27Z</time></trkpt><trkpt lat="46.117497" lon="7.313637"><ele>2015.2</ele><time>2026-03-13T14:36:29Z</time></trkpt><trkpt lat="46.117527" lon="7.313625"><ele>2014.4</ele><time>2026-03-13T14:36:30Z</time></trkpt><trkpt lat="46.117557" lon="7.313612"><ele>2013.8</ele><time>2026-03-13T14:36:31Z</time></trkpt><trkpt lat="46.117587" lon="7.3136"><ele>2013.4</ele><time>2026-03-13T14:36:32Z</time></trkpt><trkpt lat="46.117617" lon="7.31359"><ele>2012.8</ele><time>2026-03-13T14:36:33Z</time></trkpt><trkpt lat="46.117642" lon="7.31358"><ele>2012.2</ele><time>2026-03-13T14:36:34Z</time></trkpt><trkpt lat="46.117672" lon="7.313562"><ele>2011.6</ele><time>2026-03-13T14:36:35Z</time></trkpt><trkpt lat="46.117707" lon="7.313552"><ele>2010.8</ele><time>2026-03-13T14:36:36Z</time></trkpt><trkpt lat="46.11774" lon="7.313547"><ele>2010.2</ele><time>2026-03-13T14:36:37Z</time></trkpt><trkpt lat="46.117767" lon="7.313542"><ele>2009.4</ele><time>2026-03-13T14:36:38Z</time></trkpt><trkpt lat="46.117795" lon="7.313522"><ele>2008.8</ele><time>2026-03-13T14:36:39Z</time></trkpt><trkpt lat="46.117822" lon="7.313495"><ele>2008.0</ele><time>2026-03-13T14:36:40Z</time></trkpt><trkpt lat="46.117857" lon="7.313482"><ele>2007.6</ele><time>2026-03-13T14:36:41Z</time></trkpt><trkpt lat="46.117882" lon="7.31347"><ele>2007.0</ele><time>2026-03-13T14:36:42Z</time></trkpt><trkpt lat="46.117905" lon="7.313447"><ele>2006.4</ele><time>2026-03-13T14:36:43Z</time></trkpt><trkpt lat="46.11794" lon="7.31342"><ele>2005.6</ele><time>2026-03-13T14:36:44Z</time></trkpt><trkpt lat="46.117975" lon="7.313395"><ele>2005.0</ele><time>2026-03-13T14:36:45Z</time></trkpt><trkpt lat="46.118015" lon="7.313382"><ele>2004.4</ele><time>2026-03-13T14:36:46Z</time></trkpt><trkpt lat="46.118062" lon="7.313372"><ele>2003.0</ele><time>2026-03-13T14:36:48Z</time></trkpt><trkpt lat="46.118082" lon="7.313367"><ele>2002.4</ele><time>2026-03-13T14:36:49Z</time></trkpt><trkpt lat="46.118115" lon="7.31336"><ele>2001.6</ele><time>2026-03-13T14:36:50Z</time></trkpt><trkpt lat="46.118147" lon="7.313345"><ele>2000.8</ele><time>2026-03-13T14:36:51Z</time></trkpt><trkpt lat="46.118177" lon="7.313312"><ele>2000.2</ele><time>2026-03-13T14:36:52Z</time></trkpt><trkpt lat="46.118217" lon="7.313292"><ele>1999.6</ele><time>2026-03-13T14:36:53Z</time></trkpt><trkpt lat="46.118242" lon="7.313277"><ele>1999.2</ele><time>2026-03-13T14:36:54Z</time></trkpt><trkpt lat="46.11826" lon="7.313262"><ele>1998.6</ele><time>2026-03-13T14:36:55Z</time></trkpt><trkpt lat="46.11828" lon="7.31325"><ele>1998.0</ele><time>2026-03-13T14:36:56Z</time></trkpt><trkpt lat="46.118312" lon="7.313232"><ele>1997.2</ele><time>2026-03-13T14:36:57Z</time></trkpt><trkpt lat="46.118352" lon="7.313212"><ele>1996.6</ele><time>2026-03-13T14:36:58Z</time></trkpt><trkpt lat="46.118382" lon="7.3132"><ele>1996.2</ele><time>2026-03-13T14:36:59Z</time></trkpt><trkpt lat="46.118402" lon="7.313195"><ele>1995.8</ele><time>2026-03-13T14:37:00Z</time></trkpt><trkpt lat="46.118422" lon="7.31319"><ele>1995.2</ele><time>2026-03-13T14:37:01Z</time></trkpt><trkpt lat="46.118452" lon="7.313185"><ele>1994.4</ele><time>2026-03-13T14:37:02Z</time></trkpt><trkpt lat="46.118478" lon="7.31317"><ele>1993.8</ele><time>2026-03-13T14:37:03Z</time></trkpt><trkpt lat="46.118505" lon="7.313135"><ele>1993.2</ele><time>2026-03-13T14:37:04Z</time></trkpt><trkpt lat="46.118532" lon="7.313082"><ele>1992.6</ele><time>2026-03-13T14:37:05Z</time></trkpt><trkpt lat="46.118577" lon="7.31304"><ele>1992.4</ele><time>2026-03-13T14:37:06Z</time></trkpt><trkpt lat="46.11863" lon="7.313015"><ele>1992.0</ele><time>2026-03-13T14:37:07Z</time></trkpt><trkpt lat="46.118692" lon="7.313012"><ele>1991.4</ele><time>2026-03-13T14:37:08Z</time></trkpt><trkpt lat="46.11875" lon="7.313012"><ele>1991.0</ele><time>2026-03-13T14:37:09Z</time></trkpt><trkpt lat="46.118807" lon="7.312978"><ele>1990.6</ele><time>2026-03-13T14:37:10Z</time></trkpt><trkpt lat="46.118855" lon="7.312935"><ele>1990.0</ele><time>2026-03-13T14:37:11Z</time></trkpt><trkpt lat="46.118947" lon="7.312897"><ele>1988.6</ele><time>2026-03-13T14:37:13Z</time></trkpt><trkpt lat="46.118967" lon="7.312897"><ele>1987.8</ele><time>2026-03-13T14:37:14Z</time></trkpt><trkpt lat="46.118975" lon="7.312892"><ele>1985.8</ele><time>2026-03-13T14:37:16Z</time></trkpt><trkpt lat="46.118977" lon="7.312892"><ele>1983.8</ele><time>2026-03-13T14:37:20Z</time></trkpt><trkpt lat="46.118997" lon="7.312917"><ele>1983.2</ele><time>2026-03-13T14:37:23Z</time></trkpt><trkpt lat="46.119027" lon="7.312935"><ele>1983.0</ele><time>2026-03-13T14:37:24Z</time></trkpt><trkpt lat="46.119065" lon="7.312952"><ele>1983.0</ele><time>2026-03-13T14:37:25Z</time></trkpt><trkpt lat="46.119137" lon="7.312978"><ele>1982.6</ele><time>2026-03-13T14:37:27Z</time></trkpt><trkpt lat="46.11918" lon="7.312992"><ele>1982.4</ele><time>2026-03-13T14:37:28Z</time></trkpt><trkpt lat="46.11923" lon="7.313007"><ele>1982.0</ele><time>2026-03-13T14:37:29Z</time></trkpt><trkpt lat="46.119282" lon="7.313012"><ele>1981.2</ele><time>2026-03-13T14:37:30Z</time></trkpt><trkpt lat="46.119342" lon="7.312997"><ele>1980.8</ele><time>2026-03-13T14:37:31Z</time></trkpt><trkpt lat="46.119402" lon="7.312982"><ele>1980.4</ele><time>2026-03-13T14:37:32Z</time></trkpt><trkpt lat="46.11946" lon="7.312975"><ele>1980.0</ele><time>2026-03-13T14:37:33Z</time></trkpt><trkpt lat="46.119517" lon="7.312947"><ele>1979.6</ele><time>2026-03-13T14:37:34Z</time></trkpt><trkpt lat="46.119582" lon="7.312917"><ele>1979.0</ele><time>2026-03-13T14:37:35Z</time></trkpt><trkpt lat="46.119647" lon="7.312902"><ele>1978.2</ele><time>2026-03-13T14:37:36Z</time></trkpt><trkpt lat="46.119712" lon="7.312875"><ele>1977.6</ele><time>2026-03-13T14:37:37Z</time></trkpt><trkpt lat="46.119777" lon="7.312877"><ele>1976.8</ele><time>2026-03-13T14:37:38Z</time></trkpt><trkpt lat="46.119842" lon="7.312867"><ele>1976.2</ele><time>2026-03-13T14:37:39Z</time></trkpt><trkpt lat="46.119907" lon="7.312857"><ele>1975.2</ele><time>2026-03-13T14:37:40Z</time></trkpt><trkpt lat="46.119972" lon="7.31286"><ele>1974.2</ele><time>2026-03-13T14:37:41Z</time></trkpt><trkpt lat="46.120037" lon="7.31284"><ele>1973.6</ele><time>2026-03-13T14:37:42Z</time></trkpt><trkpt lat="46.120105" lon="7.312827"><ele>1972.8</ele><time>2026-03-13T14:37:43Z</time></trkpt><trkpt lat="46.120175" lon="7.312817"><ele>1972.2</ele><time>2026-03-13T14:37:44Z</time></trkpt><trkpt lat="46.120247" lon="7.312787"><ele>1971.8</ele><time>2026-03-13T14:37:45Z</time></trkpt><trkpt lat="46.120322" lon="7.312755"><ele>1971.0</ele><time>2026-03-13T14:37:46Z</time></trkpt><trkpt lat="46.120392" lon="7.312742"><ele>1970.2</ele><time>2026-03-13T14:37:47Z</time></trkpt><trkpt lat="46.120467" lon="7.31271"><ele>1969.6</ele><time>2026-03-13T14:37:48Z</time></trkpt><trkpt lat="46.120537" lon="7.312693"><ele>1968.6</ele><time>2026-03-13T14:37:49Z</time></trkpt><trkpt lat="46.120675" lon="7.312657"><ele>1966.8</ele><time>2026-03-13T14:37:51Z</time></trkpt><trkpt lat="46.120745" lon="7.312645"><ele>1965.8</ele><time>2026-03-13T14:37:52Z</time></trkpt><trkpt lat="46.120817" lon="7.312612"><ele>1965.0</ele><time>2026-03-13T14:37:53Z</time></trkpt><trkpt lat="46.120887" lon="7.312585"><ele>1964.4</ele><time>2026-03-13T14:37:54Z</time></trkpt><trkpt lat="46.120957" lon="7.312567"><ele>1963.6</ele><time>2026-03-13T14:37:55Z</time></trkpt><trkpt lat="46.121032" lon="7.312542"><ele>1962.8</ele><time>2026-03-13T14:37:56Z</time></trkpt><trkpt lat="46.121107" lon="7.3125"><ele>1962.0</ele><time>2026-03-13T14:37:57Z</time></trkpt><trkpt lat="46.12118" lon="7.312442"><ele>1961.6</ele><time>2026-03-13T14:37:58Z</time></trkpt><trkpt lat="46.121245" lon="7.31235"><ele>1961.0</ele><time>2026-03-13T14:37:59Z</time></trkpt><trkpt lat="46.121297" lon="7.312237"><ele>1960.4</ele><time>2026-03-13T14:38:00Z</time></trkpt><trkpt lat="46.121332" lon="7.312112"><ele>1959.8</ele><time>2026-03-13T14:38:01Z</time></trkpt><trkpt lat="46.121342" lon="7.311982"><ele>1959.2</ele><time>2026-03-13T14:38:02Z</time></trkpt><trkpt lat="46.121325" lon="7.311862"><ele>1958.4</ele><time>2026-03-13T14:38:03Z</time></trkpt><trkpt lat="46.121297" lon="7.311742"><ele>1957.4</ele><time>2026-03-13T14:38:04Z</time></trkpt><trkpt lat="46.121295" lon="7.311625"><ele>1956.4</ele><time>2026-03-13T14:38:05Z</time></trkpt><trkpt lat="46.121325" lon="7.311507"><ele>1955.4</ele><time>2026-03-13T14:38:06Z</time></trkpt><trkpt lat="46.121377" lon="7.311417"><ele>1953.6</ele><time>2026-03-13T14:38:07Z</time></trkpt><trkpt lat="46.121445" lon="7.311357"><ele>1952.0</ele><time>2026-03-13T14:38:08Z</time></trkpt><trkpt lat="46.121517" lon="7.311312"><ele>1950.6</ele><time>2026-03-13T14:38:09Z</time></trkpt><trkpt lat="46.121592" lon="7.31128"><ele>1949.2</ele><time>2026-03-13T14:38:10Z</time></trkpt><trkpt lat="46.121662" lon="7.311255"><ele>1948.2</ele><time>2026-03-13T14:38:11Z</time></trkpt><trkpt lat="46.121727" lon="7.311232"><ele>1947.4</ele><time>2026-03-13T14:38:12Z</time></trkpt><trkpt lat="46.121795" lon="7.311207"><ele>1946.8</ele><time>2026-03-13T14:38:13Z</time></trkpt><trkpt lat="46.121857" lon="7.311185"><ele>1946.2</ele><time>2026-03-13T14:38:14Z</time></trkpt><trkpt lat="46.121912" lon="7.31116"><ele>1945.6</ele><time>2026-03-13T14:38:15Z</time></trkpt><trkpt lat="46.121967" lon="7.311135"><ele>1945.0</ele><time>2026-03-13T14:38:16Z</time></trkpt><trkpt lat="46.122017" lon="7.31111"><ele>1944.6</ele><time>2026-03-13T14:38:17Z</time></trkpt><trkpt lat="46.122065" lon="7.311087"><ele>1944.2</ele><time>2026-03-13T14:38:18Z</time></trkpt><trkpt lat="46.122115" lon="7.311072"><ele>1944.0</ele><time>2026-03-13T14:38:19Z</time></trkpt><trkpt lat="46.122172" lon="7.311042"><ele>1943.8</ele><time>2026-03-13T14:38:20Z</time></trkpt><trkpt lat="46.122232" lon="7.310985"><ele>1943.6</ele><time>2026-03-13T14:38:21Z</time></trkpt><trkpt lat="46.122287" lon="7.310913"><ele>1943.2</ele><time>2026-03-13T14:38:22Z</time></trkpt><trkpt lat="46.122352" lon="7.310857"><ele>1943.0</ele><time>2026-03-13T14:38:23Z</time></trkpt><trkpt lat="46.122422" lon="7.310842"><ele>1942.4</ele><time>2026-03-13T14:38:24Z</time></trkpt><trkpt lat="46.122495" lon="7.310857"><ele>1941.8</ele><time>2026-03-13T14:38:25Z</time></trkpt><trkpt lat="46.122577" lon="7.310845"><ele>1941.0</ele><time>2026-03-13T14:38:26Z</time></trkpt><trkpt lat="46.122657" lon="7.31083"><ele>1939.8</ele><time>2026-03-13T14:38:27Z</time></trkpt><trkpt lat="46.122747" lon="7.310818"><ele>1938.6</ele><time>2026-03-13T14:38:28Z</time></trkpt><trkpt lat="46.122837" lon="7.310782"><ele>1937.4</ele><time>2026-03-13T14:38:29Z</time></trkpt><trkpt lat="46.122927" lon="7.310767"><ele>1936.0</ele><time>2026-03-13T14:38:30Z</time></trkpt><trkpt lat="46.123005" lon="7.310818"><ele>1935.0</ele><time>2026-03-13T14:38:31Z</time></trkpt><trkpt lat="46.123057" lon="7.310895"><ele>1933.6</ele><time>2026-03-13T14:38:32Z</time></trkpt><trkpt lat="46.12313" lon="7.310942"><ele>1932.4</ele><time>2026-03-13T14:38:33Z</time></trkpt><trkpt lat="46.12321" lon="7.310935"><ele>1931.0</ele><time>2026-03-13T14:38:34Z</time></trkpt><trkpt lat="46.12329" lon="7.310957"><ele>1929.8</ele><time>2026-03-13T14:38:35Z</time></trkpt><trkpt lat="46.123347" lon="7.311027"><ele>1928.8</ele><time>2026-03-13T14:38:36Z</time></trkpt><trkpt lat="46.12341" lon="7.311097"><ele>1927.8</ele><time>2026-03-13T14:38:37Z</time></trkpt><trkpt lat="46.123487" lon="7.31111"><ele>1926.8</ele><time>2026-03-13T14:38:38Z</time></trkpt><trkpt lat="46.123572" lon="7.311097"><ele>1925.6</ele><time>2026-03-13T14:38:39Z</time></trkpt><trkpt lat="46.123655" lon="7.311125"><ele>1924.8</ele><time>2026-03-13T14:38:40Z</time></trkpt><trkpt lat="46.123725" lon="7.311197"><ele>1924.0</ele><time>2026-03-13T14:38:41Z</time></trkpt><trkpt lat="46.123805" lon="7.311262"><ele>1923.2</ele><time>2026-03-13T14:38:42Z</time></trkpt><trkpt lat="46.123897" lon="7.311277"><ele>1922.4</ele><time>2026-03-13T14:38:43Z</time></trkpt><trkpt lat="46.123997" lon="7.311263"><ele>1921.6</ele><time>2026-03-13T14:38:44Z</time></trkpt><trkpt lat="46.124093" lon="7.311302"><ele>1920.6</ele><time>2026-03-13T14:38:45Z</time></trkpt><trkpt lat="46.124175" lon="7.311392"><ele>1919.4</ele><time>2026-03-13T14:38:46Z</time></trkpt><trkpt lat="46.124262" lon="7.311477"><ele>1917.8</ele><time>2026-03-13T14:38:47Z</time></trkpt><trkpt lat="46.124365" lon="7.311527"><ele>1916.4</ele><time>2026-03-13T14:38:48Z</time></trkpt><trkpt lat="46.124462" lon="7.311602"><ele>1915.0</ele><time>2026-03-13T14:38:49Z</time></trkpt><trkpt lat="46.124562" lon="7.31168"><ele>1913.6</ele><time>2026-03-13T14:38:50Z</time></trkpt><trkpt lat="46.124675" lon="7.311707"><ele>1911.8</ele><time>2026-03-13T14:38:51Z</time></trkpt><trkpt lat="46.12479" lon="7.311712"><ele>1910.2</ele><time>2026-03-13T14:38:52Z</time></trkpt><trkpt lat="46.124895" lon="7.311762"><ele>1908.6</ele><time>2026-03-13T14:38:53Z</time></trkpt><trkpt lat="46.124982" lon="7.311852"><ele>1907.2</ele><time>2026-03-13T14:38:54Z</time></trkpt><trkpt lat="46.125077" lon="7.311927"><ele>1905.8</ele><time>2026-03-13T14:38:55Z</time></trkpt><trkpt lat="46.12528" lon="7.311972"><ele>1903.0</ele><time>2026-03-13T14:38:57Z</time></trkpt><trkpt lat="46.125367" lon="7.312017"><ele>1901.4</ele><time>2026-03-13T14:38:58Z</time></trkpt><trkpt lat="46.125452" lon="7.312087"><ele>1899.8</ele><time>2026-03-13T14:38:59Z</time></trkpt><trkpt lat="46.12554" lon="7.312152"><ele>1898.6</ele><time>2026-03-13T14:39:00Z</time></trkpt><trkpt lat="46.125632" lon="7.312182"><ele>1897.4</ele><time>2026-03-13T14:39:01Z</time></trkpt><trkpt lat="46.125727" lon="7.312197"><ele>1896.2</ele><time>2026-03-13T14:39:02Z</time></trkpt><trkpt lat="46.125817" lon="7.312227"><ele>1895.0</ele><time>2026-03-13T14:39:03Z</time></trkpt><trkpt lat="46.125902" lon="7.31228"><ele>1894.0</ele><time>2026-03-13T14:39:04Z</time></trkpt><trkpt lat="46.125985" lon="7.312347"><ele>1893.2</ele><time>2026-03-13T14:39:05Z</time></trkpt><trkpt lat="46.126062" lon="7.312415"><ele>1892.0</ele><time>2026-03-13T14:39:06Z</time></trkpt><trkpt lat="46.126147" lon="7.312452"><ele>1891.0</ele><time>2026-03-13T14:39:07Z</time></trkpt><trkpt lat="46.12623" lon="7.312457"><ele>1890.0</ele><time>2026-03-13T14:39:08Z</time></trkpt><trkpt lat="46.126317" lon="7.312437"><ele>1889.0</ele><time>2026-03-13T14:39:09Z</time></trkpt><trkpt lat="46.126412" lon="7.312437"><ele>1888.4</ele><time>2026-03-13T14:39:10Z</time></trkpt><trkpt lat="46.126497" lon="7.312485"><ele>1887.6</ele><time>2026-03-13T14:39:11Z</time></trkpt><trkpt lat="46.126565" lon="7.312557"><ele>1886.6</ele><time>2026-03-13T14:39:12Z</time></trkpt><trkpt lat="46.126647" lon="7.312615"><ele>1885.6</ele><time>2026-03-13T14:39:13Z</time></trkpt><trkpt lat="46.126737" lon="7.31262"><ele>1884.6</ele><time>2026-03-13T14:39:14Z</time></trkpt><trkpt lat="46.126837" lon="7.312612"><ele>1883.4</ele><time>2026-03-13T14:39:15Z</time></trkpt><trkpt lat="46.126927" lon="7.312652"><ele>1882.6</ele><time>2026-03-13T14:39:16Z</time></trkpt><trkpt lat="46.127007" lon="7.312717"><ele>1881.4</ele><time>2026-03-13T14:39:17Z</time></trkpt><trkpt lat="46.127182" lon="7.312737"><ele>1879.0</ele><time>2026-03-13T14:39:19Z</time></trkpt><trkpt lat="46.127267" lon="7.312757"><ele>1878.2</ele><time>2026-03-13T14:39:20Z</time></trkpt><trkpt lat="46.127337" lon="7.312807"><ele>1877.6</ele><time>2026-03-13T14:39:21Z</time></trkpt><trkpt lat="46.12741" lon="7.312867"><ele>1877.0</ele><time>2026-03-13T14:39:22Z</time></trkpt><trkpt lat="46.12749" lon="7.31289"><ele>1876.0</ele><time>2026-03-13T14:39:23Z</time></trkpt><trkpt lat="46.127565" lon="7.312887"><ele>1875.4</ele><time>2026-03-13T14:39:24Z</time></trkpt><trkpt lat="46.127637" lon="7.312907"><ele>1874.8</ele><time>2026-03-13T14:39:25Z</time></trkpt><trkpt lat="46.1277" lon="7.312967"><ele>1874.0</ele><time>2026-03-13T14:39:26Z</time></trkpt><trkpt lat="46.12775" lon="7.313043"><ele>1873.6</ele><time>2026-03-13T14:39:27Z</time></trkpt><trkpt lat="46.127817" lon="7.313092"><ele>1873.0</ele><time>2026-03-13T14:39:28Z</time></trkpt><trkpt lat="46.127887" lon="7.313082"><ele>1872.6</ele><time>2026-03-13T14:39:29Z</time></trkpt><trkpt lat="46.127962" lon="7.31309"><ele>1871.8</ele><time>2026-03-13T14:39:30Z</time></trkpt><trkpt lat="46.128012" lon="7.313152"><ele>1871.0</ele><time>2026-03-13T14:39:31Z</time></trkpt><trkpt lat="46.128047" lon="7.313227"><ele>1870.2</ele><time>2026-03-13T14:39:32Z</time></trkpt><trkpt lat="46.128095" lon="7.313295"><ele>1868.8</ele><time>2026-03-13T14:39:33Z</time></trkpt><trkpt lat="46.128167" lon="7.31331"><ele>1867.2</ele><time>2026-03-13T14:39:34Z</time></trkpt><trkpt lat="46.12825" lon="7.3133"><ele>1866.2</ele><time>2026-03-13T14:39:35Z</time></trkpt><trkpt lat="46.128325" lon="7.313352"><ele>1865.4</ele><time>2026-03-13T14:39:36Z</time></trkpt><trkpt lat="46.128362" lon="7.313437"><ele>1864.2</ele><time>2026-03-13T14:39:37Z</time></trkpt><trkpt lat="46.128412" lon="7.313512"><ele>1862.2</ele><time>2026-03-13T14:39:38Z</time></trkpt><trkpt lat="46.128477" lon="7.313527"><ele>1860.6</ele><time>2026-03-13T14:39:39Z</time></trkpt><trkpt lat="46.128542" lon="7.313545"><ele>1859.4</ele><time>2026-03-13T14:39:40Z</time></trkpt><trkpt lat="46.128597" lon="7.313597"><ele>1858.4</ele><time>2026-03-13T14:39:41Z</time></trkpt><trkpt lat="46.12863" lon="7.31367"><ele>1857.2</ele><time>2026-03-13T14:39:42Z</time></trkpt><trkpt lat="46.128682" lon="7.31372"><ele>1856.0</ele><time>2026-03-13T14:39:43Z</time></trkpt><trkpt lat="46.128745" lon="7.313742"><ele>1854.6</ele><time>2026-03-13T14:39:44Z</time></trkpt><trkpt lat="46.128792" lon="7.313797"><ele>1853.2</ele><time>2026-03-13T14:39:45Z</time></trkpt><trkpt lat="46.128842" lon="7.313847"><ele>1852.2</ele><time>2026-03-13T14:39:46Z</time></trkpt><trkpt lat="46.128902" lon="7.313857"><ele>1851.0</ele><time>2026-03-13T14:39:47Z</time></trkpt><trkpt lat="46.12897" lon="7.313887"><ele>1849.4</ele><time>2026-03-13T14:39:48Z</time></trkpt><trkpt lat="46.12901" lon="7.313957"><ele>1848.2</ele><time>2026-03-13T14:39:49Z</time></trkpt><trkpt lat="46.12905" lon="7.314025"><ele>1847.0</ele><time>2026-03-13T14:39:50Z</time></trkpt><trkpt lat="46.129107" lon="7.31405"><ele>1845.8</ele><time>2026-03-13T14:39:51Z</time></trkpt><trkpt lat="46.129173" lon="7.31408"><ele>1844.2</ele><time>2026-03-13T14:39:52Z</time></trkpt><trkpt lat="46.129212" lon="7.314135"><ele>1842.6</ele><time>2026-03-13T14:39:53Z</time></trkpt><trkpt lat="46.129257" lon="7.314185"><ele>1841.2</ele><time>2026-03-13T14:39:54Z</time></trkpt><trkpt lat="46.129307" lon="7.314232"><ele>1839.4</ele><time>2026-03-13T14:39:55Z</time></trkpt><trkpt lat="46.12935" lon="7.3143"><ele>1837.6</ele><time>2026-03-13T14:39:56Z</time></trkpt><trkpt lat="46.129392" lon="7.314365"><ele>1835.8</ele><time>2026-03-13T14:39:57Z</time></trkpt><trkpt lat="46.129445" lon="7.314412"><ele>1834.2</ele><time>2026-03-13T14:39:58Z</time></trkpt><trkpt lat="46.129502" lon="7.314452"><ele>1832.6</ele><time>2026-03-13T14:39:59Z</time></trkpt><trkpt lat="46.129557" lon="7.314503"><ele>1830.8</ele><time>2026-03-13T14:40:00Z</time></trkpt><trkpt lat="46.12963" lon="7.31455"><ele>1829.2</ele><time>2026-03-13T14:40:01Z</time></trkpt><trkpt lat="46.129685" lon="7.314617"><ele>1827.2</ele><time>2026-03-13T14:40:02Z</time></trkpt><trkpt lat="46.12974" lon="7.314662"><ele>1823.6</ele><time>2026-03-13T14:40:03Z</time></trkpt><trkpt lat="46.129792" lon="7.31471"><ele>1821.8</ele><time>2026-03-13T14:40:04Z</time></trkpt><trkpt lat="46.12983" lon="7.314787"><ele>1820.4</ele><time>2026-03-13T14:40:05Z</time></trkpt><trkpt lat="46.129882" lon="7.314862"><ele>1819.2</ele><time>2026-03-13T14:40:06Z</time></trkpt><trkpt lat="46.129952" lon="7.31492"><ele>1817.4</ele><time>2026-03-13T14:40:07Z</time></trkpt><trkpt lat="46.13013" lon="7.314972"><ele>1815.4</ele><time>2026-03-13T14:40:09Z</time></trkpt><trkpt lat="46.13021" lon="7.315043"><ele>1814.4</ele><time>2026-03-13T14:40:10Z</time></trkpt><trkpt lat="46.130302" lon="7.315102"><ele>1812.8</ele><time>2026-03-13T14:40:11Z</time></trkpt><trkpt lat="46.130405" lon="7.315108"><ele>1811.2</ele><time>2026-03-13T14:40:12Z</time></trkpt><trkpt lat="46.130507" lon="7.315102"><ele>1810.0</ele><time>2026-03-13T14:40:13Z</time></trkpt><trkpt lat="46.130607" lon="7.315112"><ele>1808.6</ele><time>2026-03-13T14:40:14Z</time></trkpt><trkpt lat="46.130707" lon="7.315147"><ele>1807.0</ele><time>2026-03-13T14:40:15Z</time></trkpt><trkpt lat="46.1308" lon="7.315187"><ele>1805.6</ele><time>2026-03-13T14:40:16Z</time></trkpt><trkpt lat="46.130897" lon="7.31521"><ele>1804.4</ele><time>2026-03-13T14:40:17Z</time></trkpt><trkpt lat="46.130992" lon="7.315202"><ele>1803.2</ele><time>2026-03-13T14:40:18Z</time></trkpt><trkpt lat="46.131085" lon="7.315192"><ele>1801.8</ele><time>2026-03-13T14:40:19Z</time></trkpt><trkpt lat="46.131177" lon="7.315207"><ele>1800.6</ele><time>2026-03-13T14:40:20Z</time></trkpt><trkpt lat="46.131267" lon="7.315225"><ele>1799.6</ele><time>2026-03-13T14:40:21Z</time></trkpt><trkpt lat="46.131357" lon="7.315217"><ele>1798.6</ele><time>2026-03-13T14:40:22Z</time></trkpt><trkpt lat="46.131442" lon="7.31519"><ele>1797.6</ele><time>2026-03-13T14:40:23Z</time></trkpt><trkpt lat="46.131532" lon="7.315167"><ele>1796.4</ele><time>2026-03-13T14:40:24Z</time></trkpt><trkpt lat="46.131625" lon="7.315172"><ele>1795.4</ele><time>2026-03-13T14:40:25Z</time></trkpt><trkpt lat="46.131712" lon="7.31521"><ele>1794.6</ele><time>2026-03-13T14:40:26Z</time></trkpt><trkpt lat="46.131802" lon="7.315232"><ele>1793.6</ele><time>2026-03-13T14:40:27Z</time></trkpt><trkpt lat="46.131892" lon="7.315225"><ele>1792.6</ele><time>2026-03-13T14:40:28Z</time></trkpt><trkpt lat="46.13198" lon="7.315207"><ele>1791.8</ele><time>2026-03-13T14:40:29Z</time></trkpt><trkpt lat="46.132067" lon="7.31521"><ele>1790.6</ele><time>2026-03-13T14:40:30Z</time></trkpt><trkpt lat="46.132147" lon="7.315247"><ele>1789.8</ele><time>2026-03-13T14:40:31Z</time></trkpt><trkpt lat="46.132227" lon="7.315302"><ele>1788.8</ele><time>2026-03-13T14:40:32Z</time></trkpt><trkpt lat="46.132312" lon="7.315332"><ele>1788.0</ele><time>2026-03-13T14:40:33Z</time></trkpt><trkpt lat="46.1324" lon="7.315327"><ele>1787.0</ele><time>2026-03-13T14:40:34Z</time></trkpt><trkpt lat="46.13249" lon="7.315332"><ele>1786.0</ele><time>2026-03-13T14:40:35Z</time></trkpt><trkpt lat="46.132578" lon="7.315347"><ele>1785.2</ele><time>2026-03-13T14:40:36Z</time></trkpt><trkpt lat="46.13267" lon="7.31531"><ele>1784.2</ele><time>2026-03-13T14:40:37Z</time></trkpt><trkpt lat="46.13275" lon="7.315255"><ele>1783.0</ele><time>2026-03-13T14:40:38Z</time></trkpt><trkpt lat="46.132832" lon="7.315252"><ele>1782.0</ele><time>2026-03-13T14:40:39Z</time></trkpt><trkpt lat="46.132907" lon="7.315298"><ele>1780.8</ele><time>2026-03-13T14:40:40Z</time></trkpt><trkpt lat="46.132992" lon="7.315312"><ele>1779.8</ele><time>2026-03-13T14:40:41Z</time></trkpt><trkpt lat="46.133072" lon="7.315287"><ele>1778.2</ele><time>2026-03-13T14:40:42Z</time></trkpt><trkpt lat="46.133147" lon="7.315267"><ele>1776.6</ele><time>2026-03-13T14:40:43Z</time></trkpt><trkpt lat="46.133225" lon="7.315282"><ele>1775.4</ele><time>2026-03-13T14:40:44Z</time></trkpt><trkpt lat="46.133302" lon="7.315267"><ele>1774.4</ele><time>2026-03-13T14:40:45Z</time></trkpt><trkpt lat="46.133377" lon="7.31523"><ele>1772.8</ele><time>2026-03-13T14:40:46Z</time></trkpt><trkpt lat="46.133452" lon="7.315237"><ele>1771.6</ele><time>2026-03-13T14:40:47Z</time></trkpt><trkpt lat="46.133522" lon="7.315292"><ele>1770.4</ele><time>2026-03-13T14:40:48Z</time></trkpt><trkpt lat="46.133607" lon="7.315317"><ele>1769.2</ele><time>2026-03-13T14:40:49Z</time></trkpt><trkpt lat="46.133695" lon="7.315297"><ele>1767.8</ele><time>2026-03-13T14:40:50Z</time></trkpt><trkpt lat="46.133777" lon="7.315297"><ele>1766.6</ele><time>2026-03-13T14:40:51Z</time></trkpt><trkpt lat="46.133855" lon="7.315347"><ele>1765.4</ele><time>2026-03-13T14:40:52Z</time></trkpt><trkpt lat="46.1339" lon="7.315435"><ele>1763.6</ele><time>2026-03-13T14:40:53Z</time></trkpt><trkpt lat="46.13396" lon="7.315507"><ele>1762.0</ele><time>2026-03-13T14:40:54Z</time></trkpt><trkpt lat="46.13404" lon="7.315522"><ele>1760.4</ele><time>2026-03-13T14:40:55Z</time></trkpt><trkpt lat="46.13412" lon="7.315565"><ele>1759.2</ele><time>2026-03-13T14:40:56Z</time></trkpt><trkpt lat="46.13419" lon="7.31563"><ele>1758.2</ele><time>2026-03-13T14:40:57Z</time></trkpt><trkpt lat="46.13427" lon="7.315687"><ele>1757.2</ele><time>2026-03-13T14:40:58Z</time></trkpt><trkpt lat="46.134355" lon="7.315705"><ele>1756.2</ele><time>2026-03-13T14:40:59Z</time></trkpt><trkpt lat="46.134445" lon="7.315705"><ele>1755.2</ele><time>2026-03-13T14:41:00Z</time></trkpt><trkpt lat="46.134532" lon="7.315715"><ele>1754.0</ele><time>2026-03-13T14:41:01Z</time></trkpt><trkpt lat="46.134615" lon="7.315747"><ele>1752.8</ele><time>2026-03-13T14:41:02Z</time></trkpt><trkpt lat="46.134692" lon="7.315792"><ele>1751.4</ele><time>2026-03-13T14:41:03Z</time></trkpt><trkpt lat="46.134762" lon="7.315832"><ele>1749.6</ele><time>2026-03-13T14:41:04Z</time></trkpt><trkpt lat="46.13483" lon="7.31586"><ele>1748.4</ele><time>2026-03-13T14:41:05Z</time></trkpt><trkpt lat="46.13489" lon="7.315877"><ele>1747.8</ele><time>2026-03-13T14:41:06Z</time></trkpt><trkpt lat="46.13494" lon="7.315892"><ele>1747.0</ele><time>2026-03-13T14:41:07Z</time></trkpt><trkpt lat="46.134987" lon="7.315907"><ele>1746.4</ele><time>2026-03-13T14:41:08Z</time></trkpt><trkpt lat="46.135022" lon="7.315922"><ele>1746.0</ele><time>2026-03-13T14:41:09Z</time></trkpt><trkpt lat="46.135055" lon="7.315922"><ele>1745.6</ele><time>2026-03-13T14:41:10Z</time></trkpt><trkpt lat="46.135082" lon="7.31592"><ele>1745.2</ele><time>2026-03-13T14:41:11Z</time></trkpt><trkpt lat="46.135105" lon="7.315915"><ele>1744.8</ele><time>2026-03-13T14:41:12Z</time></trkpt><trkpt lat="46.135125" lon="7.315915"><ele>1744.6</ele><time>2026-03-13T14:41:13Z</time></trkpt><trkpt lat="46.135142" lon="7.31592"><ele>1744.6</ele><time>2026-03-13T14:41:14Z</time></trkpt><trkpt lat="46.135165" lon="7.315927"><ele>1744.2</ele><time>2026-03-13T14:41:16Z</time></trkpt><trkpt lat="46.135177" lon="7.315905"><ele>1744.2</ele><time>2026-03-13T14:41:33Z</time></trkpt><trkpt lat="46.135182" lon="7.315875"><ele>1744.2</ele><time>2026-03-13T14:41:35Z</time></trkpt><trkpt lat="46.135177" lon="7.315842"><ele>1744.0</ele><time>2026-03-13T14:41:43Z</time></trkpt><trkpt lat="46.135175" lon="7.315812"><ele>1744.0</ele><time>2026-03-13T14:42:03Z</time></trkpt><trkpt lat="46.135157" lon="7.31583"><ele>1744.0</ele><time>2026-03-13T14:42:07Z</time></trkpt><trkpt lat="46.13517" lon="7.315797"><ele>1743.8</ele><time>2026-03-13T14:42:28Z</time></trkpt><trkpt lat="46.135152" lon="7.315817"><ele>1744.0</ele><time>2026-03-13T14:42:32Z</time></trkpt><trkpt lat="46.135132" lon="7.3158"><ele>1743.8</ele><time>2026-03-13T14:43:01Z</time></trkpt><trkpt lat="46.135107" lon="7.31579"><ele>1743.8</ele><time>2026-03-13T14:43:04Z</time></trkpt><trkpt lat="46.135062" lon="7.315765"><ele>1743.4</ele><time>2026-03-13T14:43:06Z</time></trkpt><trkpt lat="46.13503" lon="7.315755"><ele>1743.2</ele><time>2026-03-13T14:43:07Z</time></trkpt><trkpt lat="46.134957" lon="7.315737"><ele>1743.2</ele><time>2026-03-13T14:43:08Z</time></trkpt><trkpt lat="46.134902" lon="7.315722"><ele>1743.2</ele><time>2026-03-13T14:43:09Z</time></trkpt><trkpt lat="46.134852" lon="7.315707"><ele>1743.2</ele><time>2026-03-13T14:43:10Z</time></trkpt><trkpt lat="46.134802" lon="7.315692"><ele>1743.4</ele><time>2026-03-13T14:43:11Z</time></trkpt><trkpt lat="46.13476" lon="7.315682"><ele>1743.8</ele><time>2026-03-13T14:43:12Z</time></trkpt><trkpt lat="46.134717" lon="7.315672"><ele>1744.2</ele><time>2026-03-13T14:43:13Z</time></trkpt><trkpt lat="46.134672" lon="7.31566"><ele>1744.4</ele><time>2026-03-13T14:43:14Z</time></trkpt><trkpt lat="46.134635" lon="7.315647"><ele>1745.0</ele><time>2026-03-13T14:43:15Z</time></trkpt><trkpt lat="46.134592" lon="7.315635"><ele>1745.6</ele><time>2026-03-13T14:43:16Z</time></trkpt><trkpt lat="46.134552" lon="7.315622"><ele>1746.0</ele><time>2026-03-13T14:43:17Z</time></trkpt><trkpt lat="46.134507" lon="7.315607"><ele>1746.6</ele><time>2026-03-13T14:43:18Z</time></trkpt><trkpt lat="46.134462" lon="7.315592"><ele>1747.4</ele><time>2026-03-13T14:43:19Z</time></trkpt><trkpt lat="46.13442" lon="7.315577"><ele>1748.2</ele><time>2026-03-13T14:43:20Z</time></trkpt><trkpt lat="46.13438" lon="7.315562"><ele>1749.0</ele><time>2026-03-13T14:43:21Z</time></trkpt><trkpt lat="46.134342" lon="7.315547"><ele>1749.6</ele><time>2026-03-13T14:43:22Z</time></trkpt><trkpt lat="46.1343" lon="7.315527"><ele>1750.4</ele><time>2026-03-13T14:43:23Z</time></trkpt><trkpt lat="46.134257" lon="7.315512"><ele>1751.4</ele><time>2026-03-13T14:43:24Z</time></trkpt><trkpt lat="46.134217" lon="7.315497"><ele>1752.4</ele><time>2026-03-13T14:43:25Z</time></trkpt><trkpt lat="46.134177" lon="7.315482"><ele>1753.2</ele><time>2026-03-13T14:43:26Z</time></trkpt><trkpt lat="46.134137" lon="7.315467"><ele>1754.0</ele><time>2026-03-13T14:43:27Z</time></trkpt><trkpt lat="46.134098" lon="7.315452"><ele>1754.8</ele><time>2026-03-13T14:43:28Z</time></trkpt><trkpt lat="46.134062" lon="7.31544"><ele>1755.6</ele><time>2026-03-13T14:43:29Z</time></trkpt><trkpt lat="46.134027" lon="7.315425"><ele>1756.2</ele><time>2026-03-13T14:43:30Z</time></trkpt><trkpt lat="46.13399" lon="7.315412"><ele>1756.6</ele><time>2026-03-13T14:43:31Z</time></trkpt><trkpt lat="46.133955" lon="7.3154"><ele>1757.0</ele><time>2026-03-13T14:43:32Z</time></trkpt><trkpt lat="46.133917" lon="7.315387"><ele>1757.6</ele><time>2026-03-13T14:43:33Z</time></trkpt><trkpt lat="46.13388" lon="7.315377"><ele>1758.2</ele><time>2026-03-13T14:43:34Z</time></trkpt><trkpt lat="46.133842" lon="7.315362"><ele>1758.8</ele><time>2026-03-13T14:43:35Z</time></trkpt><trkpt lat="46.133807" lon="7.315352"><ele>1759.4</ele><time>2026-03-13T14:43:36Z</time></trkpt><trkpt lat="46.133772" lon="7.31534"><ele>1760.0</ele><time>2026-03-13T14:43:37Z</time></trkpt><trkpt lat="46.133735" lon="7.315327"><ele>1760.6</ele><time>2026-03-13T14:43:38Z</time></trkpt><trkpt lat="46.1337" lon="7.315315"><ele>1761.2</ele><time>2026-03-13T14:43:39Z</time></trkpt><trkpt lat="46.133662" lon="7.315305"><ele>1761.8</ele><time>2026-03-13T14:43:40Z</time></trkpt><trkpt lat="46.133627" lon="7.315292"><ele>1762.4</ele><time>2026-03-13T14:43:41Z</time></trkpt><trkpt lat="46.133595" lon="7.315282"><ele>1763.0</ele><time>2026-03-13T14:43:42Z</time></trkpt><trkpt lat="46.133557" lon="7.31527"><ele>1763.6</ele><time>2026-03-13T14:43:43Z</time></trkpt><trkpt lat="46.133522" lon="7.31526"><ele>1764.2</ele><time>2026-03-13T14:43:44Z</time></trkpt><trkpt lat="46.133487" lon="7.315247"><ele>1764.8</ele><time>2026-03-13T14:43:45Z</time></trkpt><trkpt lat="46.133452" lon="7.315237"><ele>1765.4</ele><time>2026-03-13T14:43:46Z</time></trkpt><trkpt lat="46.133417" lon="7.315225"><ele>1766.2</ele><time>2026-03-13T14:43:47Z</time></trkpt><trkpt lat="46.133382" lon="7.315212"><ele>1767.0</ele><time>2026-03-13T14:43:48Z</time></trkpt><trkpt lat="46.133347" lon="7.315202"><ele>1767.6</ele><time>2026-03-13T14:43:49Z</time></trkpt><trkpt lat="46.133312" lon="7.315192"><ele>1768.4</ele><time>2026-03-13T14:43:50Z</time></trkpt><trkpt lat="46.133277" lon="7.315182"><ele>1769.2</ele><time>2026-03-13T14:43:51Z</time></trkpt><trkpt lat="46.133242" lon="7.315172"><ele>1770.0</ele><time>2026-03-13T14:43:52Z</time></trkpt><trkpt lat="46.13321" lon="7.315162"><ele>1771.0</ele><time>2026-03-13T14:43:53Z</time></trkpt><trkpt lat="46.133177" lon="7.315152"><ele>1771.8</ele><time>2026-03-13T14:43:54Z</time></trkpt><trkpt lat="46.133142" lon="7.315137"><ele>1772.6</ele><time>2026-03-13T14:43:55Z</time></trkpt><trkpt lat="46.133107" lon="7.315127"><ele>1773.4</ele><time>2026-03-13T14:43:56Z</time></trkpt><trkpt lat="46.133072" lon="7.315117"><ele>1774.4</ele><time>2026-03-13T14:43:57Z</time></trkpt><trkpt lat="46.13304" lon="7.315105"><ele>1775.4</ele><time>2026-03-13T14:43:58Z</time></trkpt><trkpt lat="46.133007" lon="7.315095"><ele>1776.2</ele><time>2026-03-13T14:43:59Z</time></trkpt><trkpt lat="46.132972" lon="7.315082"><ele>1777.2</ele><time>2026-03-13T14:44:00Z</time></trkpt><trkpt lat="46.13294" lon="7.315072"><ele>1778.2</ele><time>2026-03-13T14:44:01Z</time></trkpt><trkpt lat="46.132902" lon="7.315062"><ele>1779.4</ele><time>2026-03-13T14:44:02Z</time></trkpt><trkpt lat="46.132867" lon="7.31505"><ele>1780.4</ele><time>2026-03-13T14:44:03Z</time></trkpt><trkpt lat="46.132832" lon="7.315037"><ele>1781.4</ele><time>2026-03-13T14:44:04Z</time></trkpt><trkpt lat="46.132797" lon="7.315027"><ele>1782.2</ele><time>2026-03-13T14:44:05Z</time></trkpt><trkpt lat="46.132762" lon="7.315017"><ele>1783.0</ele><time>2026-03-13T14:44:06Z</time></trkpt><trkpt lat="46.132727" lon="7.315005"><ele>1783.8</ele><time>2026-03-13T14:44:07Z</time></trkpt><trkpt lat="46.132692" lon="7.314992"><ele>1784.6</ele><time>2026-03-13T14:44:08Z</time></trkpt><trkpt lat="46.13266" lon="7.314982"><ele>1785.2</ele><time>2026-03-13T14:44:09Z</time></trkpt><trkpt lat="46.132625" lon="7.31497"><ele>1786.0</ele><time>2026-03-13T14:44:10Z</time></trkpt><trkpt lat="46.13259" lon="7.314957"><ele>1786.6</ele><time>2026-03-13T14:44:11Z</time></trkpt><trkpt lat="46.132555" lon="7.314947"><ele>1787.4</ele><time>2026-03-13T14:44:12Z</time></trkpt><trkpt lat="46.13252" lon="7.314937"><ele>1788.0</ele><time>2026-03-13T14:44:13Z</time></trkpt><trkpt lat="46.132485" lon="7.314925"><ele>1788.8</ele><time>2026-03-13T14:44:14Z</time></trkpt><trkpt lat="46.132452" lon="7.314912"><ele>1789.4</ele><time>2026-03-13T14:44:15Z</time></trkpt><trkpt lat="46.132417" lon="7.314902"><ele>1790.2</ele><time>2026-03-13T14:44:16Z</time></trkpt><trkpt lat="46.132382" lon="7.314892"><ele>1790.8</ele><time>2026-03-13T14:44:17Z</time></trkpt><trkpt lat="46.132347" lon="7.31488"><ele>1791.6</ele><time>2026-03-13T14:44:18Z</time></trkpt><trkpt lat="46.132312" lon="7.314867"><ele>1792.4</ele><time>2026-03-13T14:44:19Z</time></trkpt><trkpt lat="46.132277" lon="7.314857"><ele>1793.2</ele><time>2026-03-13T14:44:20Z</time></trkpt><trkpt lat="46.132242" lon="7.314847"><ele>1794.0</ele><time>2026-03-13T14:44:21Z</time></trkpt><trkpt lat="46.132207" lon="7.314832"><ele>1794.6</ele><time>2026-03-13T14:44:22Z</time></trkpt><trkpt lat="46.13217" lon="7.314822"><ele>1795.4</ele><time>2026-03-13T14:44:23Z</time></trkpt><trkpt lat="46.132137" lon="7.314812"><ele>1795.8</ele><time>2026-03-13T14:44:24Z</time></trkpt><trkpt lat="46.132102" lon="7.3148"><ele>1796.4</ele><time>2026-03-13T14:44:25Z</time></trkpt><trkpt lat="46.132065" lon="7.314787"><ele>1797.0</ele><time>2026-03-13T14:44:26Z</time></trkpt><trkpt lat="46.13203" lon="7.314777"><ele>1797.4</ele><time>2026-03-13T14:44:27Z</time></trkpt><trkpt lat="46.131995" lon="7.314765"><ele>1798.0</ele><time>2026-03-13T14:44:28Z</time></trkpt><trkpt lat="46.13196" lon="7.314752"><ele>1798.6</ele><time>2026-03-13T14:44:29Z</time></trkpt><trkpt lat="46.131925" lon="7.314742"><ele>1799.0</ele><time>2026-03-13T14:44:30Z</time></trkpt><trkpt lat="46.131888" lon="7.31473"><ele>1799.4</ele><time>2026-03-13T14:44:31Z</time></trkpt><trkpt lat="46.131855" lon="7.314717"><ele>1800.0</ele><time>2026-03-13T14:44:32Z</time></trkpt><trkpt lat="46.131818" lon="7.314705"><ele>1800.6</ele><time>2026-03-13T14:44:33Z</time></trkpt><trkpt lat="46.131785" lon="7.314692"><ele>1801.2</ele><time>2026-03-13T14:44:34Z</time></trkpt><trkpt lat="46.131752" lon="7.314682"><ele>1801.8</ele><time>2026-03-13T14:44:35Z</time></trkpt><trkpt lat="46.131717" lon="7.31467"><ele>1802.4</ele><time>2026-03-13T14:44:36Z</time></trkpt><trkpt lat="46.131682" lon="7.314657"><ele>1803.0</ele><time>2026-03-13T14:44:37Z</time></trkpt><trkpt lat="46.131647" lon="7.314647"><ele>1803.6</ele><time>2026-03-13T14:44:38Z</time></trkpt><trkpt lat="46.131612" lon="7.314637"><ele>1804.0</ele><time>2026-03-13T14:44:39Z</time></trkpt><trkpt lat="46.131577" lon="7.314627"><ele>1804.8</ele><time>2026-03-13T14:44:40Z</time></trkpt><trkpt lat="46.131545" lon="7.314615"><ele>1805.4</ele><time>2026-03-13T14:44:41Z</time></trkpt><trkpt lat="46.13151" lon="7.314602"><ele>1806.0</ele><time>2026-03-13T14:44:42Z</time></trkpt><trkpt lat="46.131475" lon="7.31459"><ele>1806.6</ele><time>2026-03-13T14:44:43Z</time></trkpt><trkpt lat="46.131438" lon="7.31458"><ele>1807.4</ele><time>2026-03-13T14:44:44Z</time></trkpt><trkpt lat="46.131405" lon="7.314567"><ele>1808.2</ele><time>2026-03-13T14:44:45Z</time></trkpt><trkpt lat="46.131368" lon="7.314555"><ele>1808.8</ele><time>2026-03-13T14:44:46Z</time></trkpt><trkpt lat="46.131337" lon="7.314545"><ele>1809.6</ele><time>2026-03-13T14:44:47Z</time></trkpt><trkpt lat="46.131302" lon="7.314535"><ele>1810.4</ele><time>2026-03-13T14:44:48Z</time></trkpt><trkpt lat="46.131267" lon="7.314522"><ele>1811.2</ele><time>2026-03-13T14:44:49Z</time></trkpt><trkpt lat="46.131232" lon="7.314512"><ele>1811.8</ele><time>2026-03-13T14:44:50Z</time></trkpt><trkpt lat="46.1312" lon="7.314497"><ele>1812.6</ele><time>2026-03-13T14:44:51Z</time></trkpt><trkpt lat="46.131165" lon="7.314487"><ele>1813.6</ele><time>2026-03-13T14:44:52Z</time></trkpt><trkpt lat="46.131132" lon="7.314477"><ele>1814.4</ele><time>2026-03-13T14:44:53Z</time></trkpt><trkpt lat="46.131097" lon="7.314465"><ele>1815.2</ele><time>2026-03-13T14:44:54Z</time></trkpt><trkpt lat="46.131062" lon="7.314452"><ele>1816.2</ele><time>2026-03-13T14:44:55Z</time></trkpt><trkpt lat="46.131027" lon="7.314442"><ele>1817.2</ele><time>2026-03-13T14:44:56Z</time></trkpt><trkpt lat="46.130995" lon="7.314432"><ele>1818.2</ele><time>2026-03-13T14:44:57Z</time></trkpt><trkpt lat="46.130957" lon="7.31442"><ele>1819.0</ele><time>2026-03-13T14:44:58Z</time></trkpt><trkpt lat="46.130922" lon="7.314407"><ele>1819.8</ele><time>2026-03-13T14:44:59Z</time></trkpt><trkpt lat="46.13089" lon="7.314397"><ele>1820.6</ele><time>2026-03-13T14:45:00Z</time></trkpt><trkpt lat="46.130852" lon="7.314387"><ele>1821.4</ele><time>2026-03-13T14:45:01Z</time></trkpt><trkpt lat="46.130817" lon="7.314377"><ele>1822.0</ele><time>2026-03-13T14:45:02Z</time></trkpt><trkpt lat="46.130785" lon="7.314367"><ele>1822.8</ele><time>2026-03-13T14:45:03Z</time></trkpt><trkpt lat="46.13075" lon="7.314357"><ele>1823.4</ele><time>2026-03-13T14:45:04Z</time></trkpt><trkpt lat="46.130715" lon="7.314342"><ele>1824.0</ele><time>2026-03-13T14:45:05Z</time></trkpt><trkpt lat="46.130677" lon="7.31433"><ele>1824.8</ele><time>2026-03-13T14:45:06Z</time></trkpt><trkpt lat="46.130645" lon="7.314317"><ele>1825.4</ele><time>2026-03-13T14:45:07Z</time></trkpt><trkpt lat="46.130607" lon="7.314302"><ele>1826.0</ele><time>2026-03-13T14:45:08Z</time></trkpt><trkpt lat="46.130572" lon="7.31429"><ele>1826.6</ele><time>2026-03-13T14:45:09Z</time></trkpt><trkpt lat="46.130537" lon="7.31428"><ele>1827.2</ele><time>2026-03-13T14:45:10Z</time></trkpt><trkpt lat="46.130502" lon="7.31427"><ele>1827.8</ele><time>2026-03-13T14:45:11Z</time></trkpt><trkpt lat="46.13047" lon="7.31426"><ele>1828.4</ele><time>2026-03-13T14:45:12Z</time></trkpt><trkpt lat="46.130432" lon="7.31425"><ele>1828.8</ele><time>2026-03-13T14:45:13Z</time></trkpt><trkpt lat="46.130397" lon="7.314237"><ele>1829.4</ele><time>2026-03-13T14:45:14Z</time></trkpt><trkpt lat="46.130362" lon="7.314227"><ele>1830.0</ele><time>2026-03-13T14:45:15Z</time></trkpt><trkpt lat="46.130332" lon="7.314212"><ele>1830.6</ele><time>2026-03-13T14:45:16Z</time></trkpt><trkpt lat="46.130297" lon="7.314202"><ele>1831.2</ele><time>2026-03-13T14:45:17Z</time></trkpt><trkpt lat="46.13026" lon="7.31419"><ele>1831.8</ele><time>2026-03-13T14:45:18Z</time></trkpt><trkpt lat="46.130225" lon="7.314177"><ele>1832.4</ele><time>2026-03-13T14:45:19Z</time></trkpt><trkpt lat="46.13019" lon="7.314167"><ele>1833.0</ele><time>2026-03-13T14:45:20Z</time></trkpt><trkpt lat="46.130152" lon="7.314155"><ele>1833.6</ele><time>2026-03-13T14:45:21Z</time></trkpt><trkpt lat="46.130117" lon="7.314142"><ele>1834.2</ele><time>2026-03-13T14:45:22Z</time></trkpt><trkpt lat="46.130085" lon="7.314132"><ele>1834.6</ele><time>2026-03-13T14:45:23Z</time></trkpt><trkpt lat="46.130047" lon="7.31412"><ele>1835.0</ele><time>2026-03-13T14:45:24Z</time></trkpt><trkpt lat="46.130012" lon="7.31411"><ele>1835.6</ele><time>2026-03-13T14:45:25Z</time></trkpt><trkpt lat="46.129977" lon="7.314097"><ele>1836.2</ele><time>2026-03-13T14:45:26Z</time></trkpt><trkpt lat="46.129945" lon="7.314087"><ele>1836.6</ele><time>2026-03-13T14:45:27Z</time></trkpt><trkpt lat="46.12991" lon="7.314077"><ele>1837.2</ele><time>2026-03-13T14:45:28Z</time></trkpt><trkpt lat="46.129872" lon="7.314065"><ele>1837.6</ele><time>2026-03-13T14:45:29Z</time></trkpt><trkpt lat="46.12984" lon="7.314052"><ele>1838.2</ele><time>2026-03-13T14:45:30Z</time></trkpt><trkpt lat="46.129807" lon="7.314042"><ele>1839.0</ele><time>2026-03-13T14:45:31Z</time></trkpt><trkpt lat="46.12977" lon="7.314027"><ele>1839.6</ele><time>2026-03-13T14:45:32Z</time></trkpt><trkpt lat="46.129735" lon="7.314017"><ele>1840.2</ele><time>2026-03-13T14:45:33Z</time></trkpt><trkpt lat="46.1297" lon="7.314005"><ele>1840.8</ele><time>2026-03-13T14:45:34Z</time></trkpt><trkpt lat="46.129665" lon="7.313995"><ele>1841.2</ele><time>2026-03-13T14:45:35Z</time></trkpt><trkpt lat="46.129595" lon="7.313972"><ele>1842.0</ele><time>2026-03-13T14:45:37Z</time></trkpt><trkpt lat="46.12956" lon="7.31396"><ele>1842.2</ele><time>2026-03-13T14:45:38Z</time></trkpt><trkpt lat="46.129527" lon="7.313947"><ele>1842.6</ele><time>2026-03-13T14:45:39Z</time></trkpt><trkpt lat="46.12949" lon="7.313932"><ele>1842.8</ele><time>2026-03-13T14:45:40Z</time></trkpt><trkpt lat="46.129455" lon="7.313922"><ele>1843.2</ele><time>2026-03-13T14:45:41Z</time></trkpt><trkpt lat="46.129422" lon="7.31391"><ele>1843.6</ele><time>2026-03-13T14:45:42Z</time></trkpt><trkpt lat="46.129387" lon="7.313897"><ele>1844.0</ele><time>2026-03-13T14:45:43Z</time></trkpt><trkpt lat="46.129352" lon="7.313887"><ele>1844.4</ele><time>2026-03-13T14:45:44Z</time></trkpt><trkpt lat="46.129317" lon="7.313875"><ele>1844.6</ele><time>2026-03-13T14:45:45Z</time></trkpt><trkpt lat="46.129282" lon="7.313862"><ele>1845.0</ele><time>2026-03-13T14:45:46Z</time></trkpt><trkpt lat="46.129247" lon="7.313852"><ele>1845.4</ele><time>2026-03-13T14:45:47Z</time></trkpt><trkpt lat="46.129212" lon="7.313842"><ele>1845.8</ele><time>2026-03-13T14:45:48Z</time></trkpt><trkpt lat="46.129177" lon="7.313827"><ele>1846.2</ele><time>2026-03-13T14:45:49Z</time></trkpt><trkpt lat="46.12914" lon="7.313817"><ele>1846.6</ele><time>2026-03-13T14:45:50Z</time></trkpt><trkpt lat="46.129107" lon="7.313807"><ele>1847.0</ele><time>2026-03-13T14:45:51Z</time></trkpt><trkpt lat="46.12907" lon="7.313795"><ele>1847.4</ele><time>2026-03-13T14:45:52Z</time></trkpt><trkpt lat="46.129037" lon="7.313782"><ele>1847.8</ele><time>2026-03-13T14:45:53Z</time></trkpt><trkpt lat="46.129002" lon="7.313772"><ele>1848.2</ele><time>2026-03-13T14:45:54Z</time></trkpt><trkpt lat="46.128967" lon="7.313762"><ele>1848.8</ele><time>2026-03-13T14:45:55Z</time></trkpt><trkpt lat="46.128932" lon="7.31375"><ele>1849.2</ele><time>2026-03-13T14:45:56Z</time></trkpt><trkpt lat="46.128897" lon="7.313737"><ele>1849.8</ele><time>2026-03-13T14:45:57Z</time></trkpt><trkpt lat="46.128862" lon="7.313727"><ele>1850.4</ele><time>2026-03-13T14:45:58Z</time></trkpt><trkpt lat="46.128827" lon="7.313715"><ele>1851.0</ele><time>2026-03-13T14:45:59Z</time></trkpt><trkpt lat="46.128792" lon="7.313702"><ele>1851.6</ele><time>2026-03-13T14:46:00Z</time></trkpt><trkpt lat="46.128757" lon="7.313692"><ele>1852.2</ele><time>2026-03-13T14:46:01Z</time></trkpt><trkpt lat="46.128722" lon="7.313678"><ele>1852.8</ele><time>2026-03-13T14:46:02Z</time></trkpt><trkpt lat="46.128687" lon="7.313667"><ele>1853.6</ele><time>2026-03-13T14:46:03Z</time></trkpt><trkpt lat="46.128652" lon="7.313657"><ele>1854.2</ele><time>2026-03-13T14:46:04Z</time></trkpt><trkpt lat="46.128617" lon="7.313647"><ele>1855.0</ele><time>2026-03-13T14:46:05Z</time></trkpt><trkpt lat="46.128582" lon="7.313635"><ele>1855.6</ele><time>2026-03-13T14:46:06Z</time></trkpt><trkpt lat="46.128547" lon="7.313622"><ele>1856.2</ele><time>2026-03-13T14:46:07Z</time></trkpt><trkpt lat="46.128512" lon="7.313612"><ele>1856.8</ele><time>2026-03-13T14:46:08Z</time></trkpt><trkpt lat="46.128475" lon="7.313602"><ele>1857.2</ele><time>2026-03-13T14:46:09Z</time></trkpt><trkpt lat="46.12844" lon="7.31359"><ele>1857.6</ele><time>2026-03-13T14:46:10Z</time></trkpt><trkpt lat="46.128405" lon="7.313577"><ele>1858.0</ele><time>2026-03-13T14:46:11Z</time></trkpt><trkpt lat="46.12837" lon="7.313567"><ele>1858.4</ele><time>2026-03-13T14:46:12Z</time></trkpt><trkpt lat="46.128332" lon="7.313555"><ele>1858.8</ele><time>2026-03-13T14:46:13Z</time></trkpt><trkpt lat="46.128297" lon="7.313545"><ele>1859.2</ele><time>2026-03-13T14:46:14Z</time></trkpt><trkpt lat="46.128262" lon="7.313532"><ele>1859.4</ele><time>2026-03-13T14:46:15Z</time></trkpt><trkpt lat="46.128227" lon="7.313522"><ele>1859.8</ele><time>2026-03-13T14:46:16Z</time></trkpt><trkpt lat="46.128192" lon="7.31351"><ele>1860.2</ele><time>2026-03-13T14:46:17Z</time></trkpt><trkpt lat="46.128157" lon="7.313497"><ele>1860.6</ele><time>2026-03-13T14:46:18Z</time></trkpt><trkpt lat="46.128122" lon="7.313487"><ele>1861.0</ele><time>2026-03-13T14:46:19Z</time></trkpt><trkpt lat="46.128087" lon="7.313477"><ele>1861.4</ele><time>2026-03-13T14:46:20Z</time></trkpt><trkpt lat="46.128052" lon="7.313465"><ele>1861.8</ele><time>2026-03-13T14:46:21Z</time></trkpt><trkpt lat="46.128017" lon="7.313452"><ele>1862.2</ele><time>2026-03-13T14:46:22Z</time></trkpt><trkpt lat="46.127982" lon="7.313442"><ele>1862.6</ele><time>2026-03-13T14:46:23Z</time></trkpt><trkpt lat="46.127947" lon="7.31343"><ele>1863.2</ele><time>2026-03-13T14:46:24Z</time></trkpt><trkpt lat="46.127912" lon="7.31342"><ele>1863.6</ele><time>2026-03-13T14:46:25Z</time></trkpt><trkpt lat="46.127877" lon="7.313407"><ele>1864.2</ele><time>2026-03-13T14:46:26Z</time></trkpt><trkpt lat="46.127842" lon="7.313397"><ele>1864.8</ele><time>2026-03-13T14:46:27Z</time></trkpt><trkpt lat="46.127807" lon="7.313387"><ele>1865.6</ele><time>2026-03-13T14:46:28Z</time></trkpt><trkpt lat="46.127775" lon="7.313372"><ele>1866.2</ele><time>2026-03-13T14:46:29Z</time></trkpt><trkpt lat="46.127737" lon="7.313362"><ele>1866.6</ele><time>2026-03-13T14:46:30Z</time></trkpt><trkpt lat="46.127705" lon="7.31335"><ele>1867.0</ele><time>2026-03-13T14:46:31Z</time></trkpt><trkpt lat="46.12767" lon="7.313337"><ele>1867.4</ele><time>2026-03-13T14:46:32Z</time></trkpt><trkpt lat="46.127635" lon="7.313327"><ele>1867.8</ele><time>2026-03-13T14:46:33Z</time></trkpt><trkpt lat="46.127602" lon="7.313317"><ele>1868.2</ele><time>2026-03-13T14:46:34Z</time></trkpt><trkpt lat="46.127565" lon="7.313305"><ele>1868.6</ele><time>2026-03-13T14:46:35Z</time></trkpt><trkpt lat="46.12753" lon="7.313292"><ele>1869.0</ele><time>2026-03-13T14:46:36Z</time></trkpt><trkpt lat="46.127495" lon="7.313282"><ele>1869.2</ele><time>2026-03-13T14:46:37Z</time></trkpt><trkpt lat="46.12746" lon="7.31327"><ele>1869.6</ele><time>2026-03-13T14:46:38Z</time></trkpt><trkpt lat="46.127425" lon="7.313257"><ele>1870.0</ele><time>2026-03-13T14:46:39Z</time></trkpt><trkpt lat="46.127392" lon="7.313247"><ele>1870.4</ele><time>2026-03-13T14:46:40Z</time></trkpt><trkpt lat="46.127357" lon="7.313233"><ele>1870.8</ele><time>2026-03-13T14:46:41Z</time></trkpt><trkpt lat="46.127322" lon="7.313222"><ele>1871.4</ele><time>2026-03-13T14:46:42Z</time></trkpt><trkpt lat="46.127287" lon="7.313212"><ele>1871.8</ele><time>2026-03-13T14:46:43Z</time></trkpt><trkpt lat="46.127252" lon="7.313202"><ele>1872.4</ele><time>2026-03-13T14:46:44Z</time></trkpt><trkpt lat="46.127217" lon="7.313187"><ele>1872.8</ele><time>2026-03-13T14:46:45Z</time></trkpt><trkpt lat="46.127182" lon="7.313175"><ele>1873.4</ele><time>2026-03-13T14:46:46Z</time></trkpt><trkpt lat="46.127147" lon="7.313162"><ele>1873.8</ele><time>2026-03-13T14:46:47Z</time></trkpt><trkpt lat="46.127112" lon="7.313152"><ele>1874.4</ele><time>2026-03-13T14:46:48Z</time></trkpt><trkpt lat="46.127077" lon="7.313137"><ele>1875.0</ele><time>2026-03-13T14:46:49Z</time></trkpt><trkpt lat="46.127042" lon="7.313125"><ele>1875.4</ele><time>2026-03-13T14:46:50Z</time></trkpt><trkpt lat="46.127007" lon="7.313112"><ele>1875.8</ele><time>2026-03-13T14:46:51Z</time></trkpt><trkpt lat="46.126972" lon="7.3131"><ele>1876.0</ele><time>2026-03-13T14:46:52Z</time></trkpt><trkpt lat="46.126937" lon="7.313087"><ele>1876.4</ele><time>2026-03-13T14:46:53Z</time></trkpt><trkpt lat="46.126902" lon="7.313077"><ele>1876.6</ele><time>2026-03-13T14:46:54Z</time></trkpt><trkpt lat="46.126867" lon="7.313065"><ele>1877.0</ele><time>2026-03-13T14:46:55Z</time></trkpt><trkpt lat="46.126832" lon="7.313052"><ele>1877.2</ele><time>2026-03-13T14:46:56Z</time></trkpt><trkpt lat="46.126797" lon="7.31304"><ele>1877.4</ele><time>2026-03-13T14:46:57Z</time></trkpt><trkpt lat="46.126762" lon="7.31303"><ele>1877.8</ele><time>2026-03-13T14:46:58Z</time></trkpt><trkpt lat="46.126727" lon="7.313017"><ele>1878.2</ele><time>2026-03-13T14:46:59Z</time></trkpt><trkpt lat="46.126692" lon="7.313007"><ele>1878.4</ele><time>2026-03-13T14:47:00Z</time></trkpt><trkpt lat="46.126657" lon="7.312995"><ele>1878.8</ele><time>2026-03-13T14:47:01Z</time></trkpt><trkpt lat="46.126622" lon="7.312982"><ele>1879.2</ele><time>2026-03-13T14:47:02Z</time></trkpt><trkpt lat="46.126587" lon="7.312972"><ele>1879.6</ele><time>2026-03-13T14:47:03Z</time></trkpt><trkpt lat="46.126552" lon="7.31296"><ele>1880.0</ele><time>2026-03-13T14:47:04Z</time></trkpt><trkpt lat="46.126517" lon="7.312947"><ele>1880.6</ele><time>2026-03-13T14:47:05Z</time></trkpt><trkpt lat="46.126485" lon="7.312937"><ele>1881.2</ele><time>2026-03-13T14:47:06Z</time></trkpt><trkpt lat="46.12645" lon="7.312925"><ele>1881.8</ele><time>2026-03-13T14:47:07Z</time></trkpt><trkpt lat="46.126415" lon="7.312912"><ele>1882.4</ele><time>2026-03-13T14:47:08Z</time></trkpt><trkpt lat="46.12638" lon="7.312902"><ele>1882.8</ele><time>2026-03-13T14:47:09Z</time></trkpt><trkpt lat="46.126345" lon="7.31289"><ele>1883.4</ele><time>2026-03-13T14:47:10Z</time></trkpt><trkpt lat="46.126307" lon="7.312877"><ele>1883.8</ele><time>2026-03-13T14:47:11Z</time></trkpt><trkpt lat="46.126272" lon="7.312867"><ele>1884.0</ele><time>2026-03-13T14:47:12Z</time></trkpt><trkpt lat="46.12624" lon="7.312857"><ele>1884.2</ele><time>2026-03-13T14:47:13Z</time></trkpt><trkpt lat="46.126202" lon="7.312842"><ele>1884.4</ele><time>2026-03-13T14:47:14Z</time></trkpt><trkpt lat="46.12617" lon="7.312832"><ele>1884.6</ele><time>2026-03-13T14:47:15Z</time></trkpt><trkpt lat="46.126133" lon="7.31282"><ele>1884.8</ele><time>2026-03-13T14:47:16Z</time></trkpt><trkpt lat="46.126105" lon="7.312812"><ele>1885.0</ele><time>2026-03-13T14:47:17Z</time></trkpt><trkpt lat="46.126077" lon="7.312802"><ele>1885.0</ele><time>2026-03-13T14:47:18Z</time></trkpt><trkpt lat="46.126057" lon="7.312797"><ele>1885.2</ele><time>2026-03-13T14:47:19Z</time></trkpt><trkpt lat="46.12604" lon="7.312785"><ele>1885.4</ele><time>2026-03-13T14:47:20Z</time></trkpt><trkpt lat="46.126002" lon="7.312775"><ele>1885.6</ele><time>2026-03-13T14:47:22Z</time></trkpt><trkpt lat="46.125977" lon="7.312765"><ele>1885.8</ele><time>2026-03-13T14:47:23Z</time></trkpt><trkpt lat="46.125957" lon="7.312772"><ele>1885.8</ele><time>2026-03-13T14:47:24Z</time></trkpt><trkpt lat="46.125897" lon="7.31276"><ele>1885.8</ele><time>2026-03-13T14:47:25Z</time></trkpt><trkpt lat="46.125847" lon="7.312737"><ele>1885.6</ele><time>2026-03-13T14:47:26Z</time></trkpt><trkpt lat="46.12581" lon="7.312712"><ele>1885.4</ele><time>2026-03-13T14:47:27Z</time></trkpt><trkpt lat="46.125785" lon="7.31268"><ele>1885.4</ele><time>2026-03-13T14:47:28Z</time></trkpt><trkpt lat="46.125757" lon="7.312652"><ele>1885.2</ele><time>2026-03-13T14:47:29Z</time></trkpt><trkpt lat="46.12573" lon="7.312632"><ele>1885.2</ele><time>2026-03-13T14:47:30Z</time></trkpt><trkpt lat="46.1257" lon="7.312607"><ele>1885.4</ele><time>2026-03-13T14:47:31Z</time></trkpt><trkpt lat="46.125672" lon="7.312582"><ele>1885.8</ele><time>2026-03-13T14:47:32Z</time></trkpt><trkpt lat="46.125637" lon="7.312557"><ele>1886.2</ele><time>2026-03-13T14:47:33Z</time></trkpt><trkpt lat="46.125605" lon="7.312532"><ele>1886.8</ele><time>2026-03-13T14:47:34Z</time></trkpt><trkpt lat="46.125575" lon="7.312507"><ele>1887.4</ele><time>2026-03-13T14:47:35Z</time></trkpt><trkpt lat="46.125542" lon="7.312482"><ele>1887.8</ele><time>2026-03-13T14:47:36Z</time></trkpt><trkpt lat="46.125512" lon="7.31246"><ele>1888.2</ele><time>2026-03-13T14:47:37Z</time></trkpt><trkpt lat="46.12548" lon="7.312437"><ele>1888.6</ele><time>2026-03-13T14:47:38Z</time></trkpt><trkpt lat="46.125447" lon="7.312415"><ele>1888.8</ele><time>2026-03-13T14:47:39Z</time></trkpt><trkpt lat="46.125417" lon="7.312392"><ele>1889.2</ele><time>2026-03-13T14:47:40Z</time></trkpt><trkpt lat="46.125385" lon="7.31237"><ele>1889.8</ele><time>2026-03-13T14:47:41Z</time></trkpt><trkpt lat="46.125352" lon="7.312347"><ele>1890.2</ele><time>2026-03-13T14:47:42Z</time></trkpt><trkpt lat="46.12532" lon="7.312325"><ele>1890.6</ele><time>2026-03-13T14:47:43Z</time></trkpt><trkpt lat="46.125287" lon="7.312302"><ele>1891.0</ele><time>2026-03-13T14:47:44Z</time></trkpt><trkpt lat="46.125252" lon="7.312282"><ele>1891.6</ele><time>2026-03-13T14:47:45Z</time></trkpt><trkpt lat="46.125222" lon="7.31226"><ele>1892.0</ele><time>2026-03-13T14:47:46Z</time></trkpt><trkpt lat="46.125187" lon="7.312237"><ele>1892.4</ele><time>2026-03-13T14:47:47Z</time></trkpt><trkpt lat="46.125155" lon="7.312217"><ele>1893.0</ele><time>2026-03-13T14:47:48Z</time></trkpt><trkpt lat="46.125122" lon="7.312195"><ele>1893.4</ele><time>2026-03-13T14:47:49Z</time></trkpt><trkpt lat="46.125092" lon="7.312172"><ele>1894.0</ele><time>2026-03-13T14:47:50Z</time></trkpt><trkpt lat="46.125057" lon="7.31215"><ele>1894.6</ele><time>2026-03-13T14:47:51Z</time></trkpt><trkpt lat="46.125027" lon="7.312127"><ele>1895.0</ele><time>2026-03-13T14:47:52Z</time></trkpt><trkpt lat="46.124992" lon="7.312107"><ele>1895.6</ele><time>2026-03-13T14:47:53Z</time></trkpt><trkpt lat="46.124962" lon="7.312085"><ele>1896.2</ele><time>2026-03-13T14:47:54Z</time></trkpt><trkpt lat="46.124927" lon="7.312062"><ele>1896.8</ele><time>2026-03-13T14:47:55Z</time></trkpt><trkpt lat="46.124895" lon="7.31204"><ele>1897.4</ele><time>2026-03-13T14:47:56Z</time></trkpt><trkpt lat="46.124865" lon="7.31202"><ele>1898.2</ele><time>2026-03-13T14:47:57Z</time></trkpt><trkpt lat="46.124832" lon="7.311997"><ele>1898.8</ele><time>2026-03-13T14:47:58Z</time></trkpt><trkpt lat="46.1248" lon="7.311975"><ele>1899.4</ele><time>2026-03-13T14:47:59Z</time></trkpt><trkpt lat="46.124767" lon="7.311952"><ele>1900.0</ele><time>2026-03-13T14:48:00Z</time></trkpt><trkpt lat="46.124737" lon="7.311932"><ele>1900.6</ele><time>2026-03-13T14:48:01Z</time></trkpt><trkpt lat="46.124702" lon="7.311912"><ele>1901.2</ele><time>2026-03-13T14:48:02Z</time></trkpt><trkpt lat="46.124672" lon="7.31189"><ele>1901.8</ele><time>2026-03-13T14:48:03Z</time></trkpt><trkpt lat="46.12464" lon="7.31187"><ele>1902.6</ele><time>2026-03-13T14:48:04Z</time></trkpt><trkpt lat="46.124607" lon="7.311847"><ele>1903.4</ele><time>2026-03-13T14:48:05Z</time></trkpt><trkpt lat="46.124577" lon="7.311825"><ele>1904.2</ele><time>2026-03-13T14:48:06Z</time></trkpt><trkpt lat="46.124542" lon="7.311802"><ele>1905.0</ele><time>2026-03-13T14:48:07Z</time></trkpt><trkpt lat="46.124507" lon="7.31178"><ele>1906.0</ele><time>2026-03-13T14:48:08Z</time></trkpt><trkpt lat="46.124477" lon="7.311757"><ele>1906.8</ele><time>2026-03-13T14:48:09Z</time></trkpt><trkpt lat="46.124445" lon="7.311735"><ele>1907.4</ele><time>2026-03-13T14:48:10Z</time></trkpt><trkpt lat="46.124412" lon="7.311712"><ele>1908.0</ele><time>2026-03-13T14:48:11Z</time></trkpt><trkpt lat="46.12438" lon="7.311692"><ele>1908.6</ele><time>2026-03-13T14:48:12Z</time></trkpt><trkpt lat="46.124347" lon="7.31167"><ele>1909.2</ele><time>2026-03-13T14:48:13Z</time></trkpt><trkpt lat="46.124315" lon="7.311647"><ele>1909.6</ele><time>2026-03-13T14:48:14Z</time></trkpt><trkpt lat="46.124282" lon="7.311625"><ele>1910.0</ele><time>2026-03-13T14:48:15Z</time></trkpt><trkpt lat="46.12425" lon="7.311605"><ele>1910.4</ele><time>2026-03-13T14:48:16Z</time></trkpt><trkpt lat="46.124217" lon="7.311582"><ele>1910.6</ele><time>2026-03-13T14:48:17Z</time></trkpt><trkpt lat="46.124185" lon="7.31156"><ele>1911.0</ele><time>2026-03-13T14:48:18Z</time></trkpt><trkpt lat="46.124152" lon="7.311537"><ele>1911.4</ele><time>2026-03-13T14:48:19Z</time></trkpt><trkpt lat="46.12412" lon="7.311517"><ele>1911.8</ele><time>2026-03-13T14:48:20Z</time></trkpt><trkpt lat="46.124087" lon="7.311495"><ele>1912.2</ele><time>2026-03-13T14:48:21Z</time></trkpt><trkpt lat="46.124057" lon="7.311472"><ele>1912.6</ele><time>2026-03-13T14:48:22Z</time></trkpt><trkpt lat="46.124025" lon="7.311452"><ele>1913.2</ele><time>2026-03-13T14:48:23Z</time></trkpt><trkpt lat="46.123992" lon="7.311432"><ele>1913.6</ele><time>2026-03-13T14:48:24Z</time></trkpt><trkpt lat="46.12396" lon="7.31141"><ele>1914.2</ele><time>2026-03-13T14:48:25Z</time></trkpt><trkpt lat="46.123927" lon="7.311387"><ele>1914.6</ele><time>2026-03-13T14:48:26Z</time></trkpt><trkpt lat="46.123897" lon="7.311367"><ele>1915.2</ele><time>2026-03-13T14:48:27Z</time></trkpt><trkpt lat="46.123865" lon="7.311347"><ele>1915.6</ele><time>2026-03-13T14:48:28Z</time></trkpt><trkpt lat="46.123832" lon="7.311325"><ele>1916.2</ele><time>2026-03-13T14:48:29Z</time></trkpt><trkpt lat="46.1238" lon="7.311302"><ele>1916.6</ele><time>2026-03-13T14:48:30Z</time></trkpt><trkpt lat="46.123767" lon="7.311282"><ele>1917.2</ele><time>2026-03-13T14:48:31Z</time></trkpt><trkpt lat="46.123732" lon="7.31126"><ele>1917.6</ele><time>2026-03-13T14:48:32Z</time></trkpt><trkpt lat="46.123702" lon="7.31124"><ele>1917.8</ele><time>2026-03-13T14:48:33Z</time></trkpt><trkpt lat="46.123667" lon="7.311217"><ele>1918.2</ele><time>2026-03-13T14:48:34Z</time></trkpt><trkpt lat="46.123637" lon="7.311197"><ele>1918.8</ele><time>2026-03-13T14:48:35Z</time></trkpt><trkpt lat="46.123602" lon="7.311177"><ele>1919.4</ele><time>2026-03-13T14:48:36Z</time></trkpt><trkpt lat="46.123572" lon="7.311155"><ele>1919.8</ele><time>2026-03-13T14:48:37Z</time></trkpt><trkpt lat="46.12354" lon="7.311132"><ele>1920.4</ele><time>2026-03-13T14:48:38Z</time></trkpt><trkpt lat="46.123507" lon="7.311112"><ele>1921.0</ele><time>2026-03-13T14:48:39Z</time></trkpt><trkpt lat="46.123475" lon="7.311092"><ele>1921.6</ele><time>2026-03-13T14:48:40Z</time></trkpt><trkpt lat="46.12344" lon="7.311067"><ele>1922.2</ele><time>2026-03-13T14:48:41Z</time></trkpt><trkpt lat="46.123407" lon="7.311045"><ele>1922.8</ele><time>2026-03-13T14:48:42Z</time></trkpt><trkpt lat="46.123377" lon="7.311022"><ele>1923.4</ele><time>2026-03-13T14:48:43Z</time></trkpt><trkpt lat="46.123342" lon="7.311002"><ele>1924.0</ele><time>2026-03-13T14:48:44Z</time></trkpt><trkpt lat="46.123312" lon="7.310982"><ele>1924.8</ele><time>2026-03-13T14:48:45Z</time></trkpt><trkpt lat="46.123277" lon="7.31096"><ele>1925.4</ele><time>2026-03-13T14:48:46Z</time></trkpt><trkpt lat="46.123245" lon="7.310935"><ele>1926.2</ele><time>2026-03-13T14:48:47Z</time></trkpt><trkpt lat="46.123212" lon="7.31091"><ele>1927.0</ele><time>2026-03-13T14:48:48Z</time></trkpt><trkpt lat="46.123178" lon="7.310885"><ele>1927.6</ele><time>2026-03-13T14:48:49Z</time></trkpt><trkpt lat="46.123147" lon="7.310862"><ele>1928.2</ele><time>2026-03-13T14:48:50Z</time></trkpt><trkpt lat="46.123112" lon="7.310842"><ele>1928.8</ele><time>2026-03-13T14:48:51Z</time></trkpt><trkpt lat="46.12308" lon="7.310817"><ele>1929.2</ele><time>2026-03-13T14:48:52Z</time></trkpt><trkpt lat="46.12305" lon="7.310792"><ele>1929.6</ele><time>2026-03-13T14:48:53Z</time></trkpt><trkpt lat="46.123017" lon="7.31077"><ele>1930.0</ele><time>2026-03-13T14:48:54Z</time></trkpt><trkpt lat="46.122982" lon="7.310747"><ele>1930.4</ele><time>2026-03-13T14:48:55Z</time></trkpt><trkpt lat="46.12295" lon="7.310722"><ele>1930.8</ele><time>2026-03-13T14:48:56Z</time></trkpt><trkpt lat="46.122917" lon="7.310702"><ele>1931.2</ele><time>2026-03-13T14:48:57Z</time></trkpt><trkpt lat="46.122883" lon="7.31068"><ele>1931.6</ele><time>2026-03-13T14:48:58Z</time></trkpt><trkpt lat="46.122852" lon="7.310657"><ele>1931.8</ele><time>2026-03-13T14:48:59Z</time></trkpt><trkpt lat="46.12282" lon="7.310632"><ele>1932.2</ele><time>2026-03-13T14:49:00Z</time></trkpt><trkpt lat="46.122787" lon="7.310612"><ele>1932.6</ele><time>2026-03-13T14:49:01Z</time></trkpt><trkpt lat="46.122755" lon="7.31059"><ele>1933.0</ele><time>2026-03-13T14:49:02Z</time></trkpt><trkpt lat="46.122722" lon="7.310567"><ele>1933.4</ele><time>2026-03-13T14:49:03Z</time></trkpt><trkpt lat="46.12269" lon="7.310545"><ele>1933.8</ele><time>2026-03-13T14:49:04Z</time></trkpt><trkpt lat="46.122657" lon="7.310522"><ele>1934.2</ele><time>2026-03-13T14:49:05Z</time></trkpt><trkpt lat="46.122622" lon="7.310502"><ele>1934.8</ele><time>2026-03-13T14:49:06Z</time></trkpt><trkpt lat="46.122592" lon="7.31048"><ele>1935.2</ele><time>2026-03-13T14:49:07Z</time></trkpt><trkpt lat="46.12256" lon="7.310457"><ele>1935.8</ele><time>2026-03-13T14:49:08Z</time></trkpt><trkpt lat="46.122527" lon="7.310432"><ele>1936.2</ele><time>2026-03-13T14:49:09Z</time></trkpt><trkpt lat="46.122497" lon="7.310412"><ele>1936.8</ele><time>2026-03-13T14:49:10Z</time></trkpt><trkpt lat="46.122462" lon="7.31039"><ele>1937.4</ele><time>2026-03-13T14:49:11Z</time></trkpt><trkpt lat="46.122432" lon="7.310367"><ele>1937.8</ele><time>2026-03-13T14:49:12Z</time></trkpt><trkpt lat="46.122397" lon="7.310345"><ele>1938.4</ele><time>2026-03-13T14:49:13Z</time></trkpt><trkpt lat="46.122367" lon="7.310322"><ele>1939.0</ele><time>2026-03-13T14:49:14Z</time></trkpt><trkpt lat="46.122335" lon="7.310302"><ele>1939.6</ele><time>2026-03-13T14:49:15Z</time></trkpt><trkpt lat="46.122302" lon="7.310278"><ele>1940.2</ele><time>2026-03-13T14:49:16Z</time></trkpt><trkpt lat="46.12227" lon="7.310257"><ele>1941.0</ele><time>2026-03-13T14:49:17Z</time></trkpt><trkpt lat="46.122237" lon="7.310235"><ele>1941.6</ele><time>2026-03-13T14:49:18Z</time></trkpt><trkpt lat="46.122205" lon="7.310212"><ele>1942.2</ele><time>2026-03-13T14:49:19Z</time></trkpt><trkpt lat="46.122172" lon="7.310192"><ele>1942.8</ele><time>2026-03-13T14:49:20Z</time></trkpt><trkpt lat="46.122137" lon="7.31017"><ele>1943.2</ele><time>2026-03-13T14:49:21Z</time></trkpt><trkpt lat="46.122107" lon="7.310147"><ele>1943.4</ele><time>2026-03-13T14:49:22Z</time></trkpt><trkpt lat="46.122075" lon="7.310122"><ele>1943.8</ele><time>2026-03-13T14:49:23Z</time></trkpt><trkpt lat="46.122042" lon="7.310102"><ele>1944.4</ele><time>2026-03-13T14:49:24Z</time></trkpt><trkpt lat="46.12201" lon="7.310082"><ele>1944.6</ele><time>2026-03-13T14:49:25Z</time></trkpt><trkpt lat="46.121977" lon="7.310057"><ele>1945.0</ele><time>2026-03-13T14:49:26Z</time></trkpt><trkpt lat="46.121942" lon="7.310037"><ele>1945.6</ele><time>2026-03-13T14:49:27Z</time></trkpt><trkpt lat="46.121912" lon="7.310015"><ele>1945.8</ele><time>2026-03-13T14:49:28Z</time></trkpt><trkpt lat="46.12188" lon="7.309992"><ele>1946.2</ele><time>2026-03-13T14:49:29Z</time></trkpt><trkpt lat="46.121847" lon="7.309972"><ele>1946.8</ele><time>2026-03-13T14:49:30Z</time></trkpt><trkpt lat="46.121813" lon="7.30995"><ele>1947.2</ele><time>2026-03-13T14:49:31Z</time></trkpt><trkpt lat="46.121782" lon="7.309927"><ele>1947.4</ele><time>2026-03-13T14:49:32Z</time></trkpt><trkpt lat="46.12175" lon="7.309907"><ele>1948.0</ele><time>2026-03-13T14:49:33Z</time></trkpt><trkpt lat="46.121717" lon="7.309882"><ele>1948.2</ele><time>2026-03-13T14:49:34Z</time></trkpt><trkpt lat="46.121687" lon="7.309862"><ele>1948.6</ele><time>2026-03-13T14:49:35Z</time></trkpt><trkpt lat="46.121652" lon="7.30984"><ele>1949.0</ele><time>2026-03-13T14:49:36Z</time></trkpt><trkpt lat="46.12162" lon="7.309817"><ele>1949.6</ele><time>2026-03-13T14:49:37Z</time></trkpt><trkpt lat="46.121587" lon="7.309795"><ele>1950.0</ele><time>2026-03-13T14:49:38Z</time></trkpt><trkpt lat="46.121555" lon="7.309772"><ele>1950.4</ele><time>2026-03-13T14:49:39Z</time></trkpt><trkpt lat="46.121522" lon="7.309752"><ele>1951.0</ele><time>2026-03-13T14:49:40Z</time></trkpt><trkpt lat="46.12149" lon="7.309732"><ele>1951.6</ele><time>2026-03-13T14:49:41Z</time></trkpt><trkpt lat="46.121457" lon="7.30971"><ele>1952.0</ele><time>2026-03-13T14:49:42Z</time></trkpt><trkpt lat="46.121427" lon="7.309687"><ele>1952.4</ele><time>2026-03-13T14:49:43Z</time></trkpt><trkpt lat="46.121362" lon="7.309642"><ele>1953.4</ele><time>2026-03-13T14:49:45Z</time></trkpt><trkpt lat="46.12133" lon="7.309622"><ele>1954.0</ele><time>2026-03-13T14:49:46Z</time></trkpt><trkpt lat="46.1213" lon="7.309602"><ele>1954.6</ele><time>2026-03-13T14:49:47Z</time></trkpt><trkpt lat="46.121267" lon="7.30958"><ele>1955.0</ele><time>2026-03-13T14:49:48Z</time></trkpt><trkpt lat="46.121232" lon="7.309557"><ele>1955.8</ele><time>2026-03-13T14:49:49Z</time></trkpt><trkpt lat="46.1212" lon="7.309535"><ele>1956.4</ele><time>2026-03-13T14:49:50Z</time></trkpt><trkpt lat="46.121165" lon="7.309512"><ele>1956.8</ele><time>2026-03-13T14:49:51Z</time></trkpt><trkpt lat="46.121132" lon="7.30949"><ele>1957.4</ele><time>2026-03-13T14:49:52Z</time></trkpt><trkpt lat="46.121102" lon="7.30947"><ele>1957.6</ele><time>2026-03-13T14:49:53Z</time></trkpt><trkpt lat="46.12107" lon="7.309447"><ele>1958.2</ele><time>2026-03-13T14:49:54Z</time></trkpt><trkpt lat="46.121037" lon="7.309427"><ele>1958.6</ele><time>2026-03-13T14:49:55Z</time></trkpt><trkpt lat="46.121007" lon="7.309405"><ele>1959.0</ele><time>2026-03-13T14:49:56Z</time></trkpt><trkpt lat="46.120972" lon="7.309382"><ele>1959.2</ele><time>2026-03-13T14:49:57Z</time></trkpt><trkpt lat="46.120942" lon="7.309362"><ele>1959.6</ele><time>2026-03-13T14:49:58Z</time></trkpt><trkpt lat="46.12091" lon="7.30934"><ele>1960.2</ele><time>2026-03-13T14:49:59Z</time></trkpt><trkpt lat="46.120877" lon="7.309317"><ele>1960.8</ele><time>2026-03-13T14:50:00Z</time></trkpt><trkpt lat="46.120845" lon="7.309297"><ele>1960.8</ele><time>2026-03-13T14:50:01Z</time></trkpt><trkpt lat="46.120812" lon="7.309275"><ele>1962.4</ele><time>2026-03-13T14:50:02Z</time></trkpt><trkpt lat="46.120782" lon="7.309252"><ele>1964.0</ele><time>2026-03-13T14:50:03Z</time></trkpt><trkpt lat="46.120752" lon="7.30923"><ele>1964.6</ele><time>2026-03-13T14:50:04Z</time></trkpt><trkpt lat="46.120722" lon="7.30921"><ele>1965.4</ele><time>2026-03-13T14:50:05Z</time></trkpt><trkpt lat="46.120687" lon="7.309187"><ele>1966.2</ele><time>2026-03-13T14:50:06Z</time></trkpt><trkpt lat="46.120657" lon="7.309165"><ele>1966.8</ele><time>2026-03-13T14:50:07Z</time></trkpt><trkpt lat="46.120625" lon="7.309142"><ele>1967.6</ele><time>2026-03-13T14:50:08Z</time></trkpt><trkpt lat="46.12056" lon="7.309102"><ele>1969.2</ele><time>2026-03-13T14:50:10Z</time></trkpt><trkpt lat="46.12053" lon="7.30908"><ele>1970.2</ele><time>2026-03-13T14:50:11Z</time></trkpt><trkpt lat="46.120497" lon="7.30906"><ele>1971.2</ele><time>2026-03-13T14:50:12Z</time></trkpt><trkpt lat="46.120465" lon="7.309037"><ele>1972.0</ele><time>2026-03-13T14:50:13Z</time></trkpt><trkpt lat="46.120435" lon="7.309017"><ele>1973.2</ele><time>2026-03-13T14:50:14Z</time></trkpt><trkpt lat="46.120402" lon="7.308995"><ele>1974.2</ele><time>2026-03-13T14:50:15Z</time></trkpt><trkpt lat="46.120372" lon="7.308975"><ele>1975.2</ele><time>2026-03-13T14:50:16Z</time></trkpt><trkpt lat="46.120342" lon="7.308955"><ele>1976.4</ele><time>2026-03-13T14:50:17Z</time></trkpt><trkpt lat="46.12031" lon="7.308932"><ele>1977.6</ele><time>2026-03-13T14:50:18Z</time></trkpt><trkpt lat="46.120277" lon="7.308912"><ele>1978.6</ele><time>2026-03-13T14:50:19Z</time></trkpt><trkpt lat="46.120245" lon="7.30889"><ele>1979.6</ele><time>2026-03-13T14:50:20Z</time></trkpt><trkpt lat="46.120212" lon="7.308867"><ele>1980.8</ele><time>2026-03-13T14:50:21Z</time></trkpt><trkpt lat="46.12018" lon="7.308847"><ele>1981.8</ele><time>2026-03-13T14:50:22Z</time></trkpt><trkpt lat="46.120147" lon="7.308825"><ele>1982.6</ele><time>2026-03-13T14:50:23Z</time></trkpt><trkpt lat="46.120115" lon="7.308805"><ele>1983.6</ele><time>2026-03-13T14:50:24Z</time></trkpt><trkpt lat="46.120082" lon="7.308782"><ele>1984.4</ele><time>2026-03-13T14:50:25Z</time></trkpt><trkpt lat="46.12005" lon="7.308762"><ele>1985.2</ele><time>2026-03-13T14:50:26Z</time></trkpt><trkpt lat="46.120017" lon="7.308742"><ele>1986.0</ele><time>2026-03-13T14:50:27Z</time></trkpt><trkpt lat="46.119987" lon="7.308717"><ele>1986.6</ele><time>2026-03-13T14:50:28Z</time></trkpt><trkpt lat="46.119955" lon="7.308697"><ele>1987.2</ele><time>2026-03-13T14:50:29Z</time></trkpt><trkpt lat="46.119922" lon="7.308677"><ele>1988.0</ele><time>2026-03-13T14:50:30Z</time></trkpt><trkpt lat="46.11989" lon="7.308657"><ele>1989.0</ele><time>2026-03-13T14:50:31Z</time></trkpt><trkpt lat="46.119857" lon="7.308635"><ele>1989.8</ele><time>2026-03-13T14:50:32Z</time></trkpt><trkpt lat="46.119825" lon="7.308612"><ele>1990.8</ele><time>2026-03-13T14:50:33Z</time></trkpt><trkpt lat="46.119792" lon="7.308592"><ele>1991.6</ele><time>2026-03-13T14:50:34Z</time></trkpt><trkpt lat="46.119762" lon="7.30857"><ele>1992.4</ele><time>2026-03-13T14:50:35Z</time></trkpt><trkpt lat="46.119727" lon="7.308547"><ele>1993.0</ele><time>2026-03-13T14:50:36Z</time></trkpt><trkpt lat="46.119697" lon="7.308527"><ele>1993.8</ele><time>2026-03-13T14:50:37Z</time></trkpt><trkpt lat="46.119667" lon="7.308505"><ele>1994.6</ele><time>2026-03-13T14:50:38Z</time></trkpt><trkpt lat="46.119635" lon="7.308482"><ele>1995.4</ele><time>2026-03-13T14:50:39Z</time></trkpt><trkpt lat="46.119602" lon="7.30846"><ele>1996.2</ele><time>2026-03-13T14:50:40Z</time></trkpt><trkpt lat="46.119572" lon="7.308437"><ele>1997.2</ele><time>2026-03-13T14:50:41Z</time></trkpt><trkpt lat="46.11954" lon="7.308417"><ele>1998.0</ele><time>2026-03-13T14:50:42Z</time></trkpt><trkpt lat="46.119507" lon="7.308395"><ele>1998.8</ele><time>2026-03-13T14:50:43Z</time></trkpt><trkpt lat="46.119477" lon="7.308372"><ele>1999.8</ele><time>2026-03-13T14:50:44Z</time></trkpt><trkpt lat="46.119445" lon="7.308352"><ele>2000.6</ele><time>2026-03-13T14:50:45Z</time></trkpt><trkpt lat="46.119412" lon="7.308332"><ele>2001.6</ele><time>2026-03-13T14:50:46Z</time></trkpt><trkpt lat="46.119382" lon="7.308308"><ele>2002.4</ele><time>2026-03-13T14:50:47Z</time></trkpt><trkpt lat="46.11935" lon="7.308287"><ele>2003.4</ele><time>2026-03-13T14:50:48Z</time></trkpt><trkpt lat="46.119317" lon="7.308267"><ele>2004.4</ele><time>2026-03-13T14:50:49Z</time></trkpt><trkpt lat="46.119287" lon="7.308245"><ele>2005.4</ele><time>2026-03-13T14:50:50Z</time></trkpt><trkpt lat="46.119257" lon="7.308225"><ele>2006.6</ele><time>2026-03-13T14:50:51Z</time></trkpt><trkpt lat="46.119222" lon="7.308202"><ele>2007.8</ele><time>2026-03-13T14:50:52Z</time></trkpt><trkpt lat="46.11919" lon="7.308177"><ele>2008.8</ele><time>2026-03-13T14:50:53Z</time></trkpt><trkpt lat="46.119157" lon="7.308157"><ele>2009.8</ele><time>2026-03-13T14:50:54Z</time></trkpt><trkpt lat="46.119125" lon="7.308132"><ele>2010.6</ele><time>2026-03-13T14:50:55Z</time></trkpt><trkpt lat="46.119092" lon="7.308112"><ele>2011.4</ele><time>2026-03-13T14:50:56Z</time></trkpt><trkpt lat="46.11906" lon="7.30809"><ele>2012.0</ele><time>2026-03-13T14:50:57Z</time></trkpt><trkpt lat="46.119027" lon="7.308067"><ele>2012.6</ele><time>2026-03-13T14:50:58Z</time></trkpt><trkpt lat="46.118992" lon="7.308045"><ele>2013.2</ele><time>2026-03-13T14:50:59Z</time></trkpt><trkpt lat="46.118962" lon="7.308023"><ele>2013.8</ele><time>2026-03-13T14:51:00Z</time></trkpt><trkpt lat="46.11893" lon="7.308002"><ele>2014.2</ele><time>2026-03-13T14:51:01Z</time></trkpt><trkpt lat="46.118897" lon="7.307982"><ele>2014.8</ele><time>2026-03-13T14:51:02Z</time></trkpt><trkpt lat="46.118865" lon="7.307958"><ele>2015.4</ele><time>2026-03-13T14:51:03Z</time></trkpt><trkpt lat="46.118832" lon="7.307937"><ele>2016.0</ele><time>2026-03-13T14:51:04Z</time></trkpt><trkpt lat="46.1188" lon="7.307915"><ele>2016.6</ele><time>2026-03-13T14:51:05Z</time></trkpt><trkpt lat="46.118767" lon="7.307892"><ele>2017.0</ele><time>2026-03-13T14:51:06Z</time></trkpt><trkpt lat="46.118735" lon="7.30787"><ele>2017.6</ele><time>2026-03-13T14:51:07Z</time></trkpt><trkpt lat="46.118702" lon="7.307847"><ele>2018.2</ele><time>2026-03-13T14:51:08Z</time></trkpt><trkpt lat="46.11867" lon="7.307827"><ele>2018.6</ele><time>2026-03-13T14:51:09Z</time></trkpt><trkpt lat="46.118637" lon="7.307805"><ele>2019.2</ele><time>2026-03-13T14:51:10Z</time></trkpt><trkpt lat="46.118605" lon="7.307782"><ele>2019.8</ele><time>2026-03-13T14:51:11Z</time></trkpt><trkpt lat="46.118572" lon="7.307762"><ele>2020.6</ele><time>2026-03-13T14:51:12Z</time></trkpt><trkpt lat="46.118542" lon="7.307742"><ele>2021.2</ele><time>2026-03-13T14:51:13Z</time></trkpt><trkpt lat="46.11851" lon="7.30772"><ele>2021.8</ele><time>2026-03-13T14:51:14Z</time></trkpt><trkpt lat="46.118477" lon="7.307697"><ele>2022.6</ele><time>2026-03-13T14:51:15Z</time></trkpt><trkpt lat="46.118445" lon="7.307673"><ele>2023.4</ele><time>2026-03-13T14:51:16Z</time></trkpt><trkpt lat="46.118412" lon="7.307652"><ele>2024.0</ele><time>2026-03-13T14:51:17Z</time></trkpt><trkpt lat="46.118377" lon="7.307632"><ele>2024.8</ele><time>2026-03-13T14:51:18Z</time></trkpt><trkpt lat="46.118345" lon="7.307612"><ele>2025.4</ele><time>2026-03-13T14:51:19Z</time></trkpt><trkpt lat="46.118312" lon="7.30759"><ele>2025.8</ele><time>2026-03-13T14:51:20Z</time></trkpt><trkpt lat="46.118277" lon="7.307567"><ele>2026.4</ele><time>2026-03-13T14:51:21Z</time></trkpt><trkpt lat="46.118247" lon="7.307547"><ele>2027.0</ele><time>2026-03-13T14:51:22Z</time></trkpt><trkpt lat="46.118212" lon="7.307525"><ele>2027.4</ele><time>2026-03-13T14:51:23Z</time></trkpt><trkpt lat="46.118182" lon="7.307502"><ele>2028.0</ele><time>2026-03-13T14:51:24Z</time></trkpt><trkpt lat="46.11815" lon="7.307482"><ele>2028.4</ele><time>2026-03-13T14:51:25Z</time></trkpt><trkpt lat="46.118117" lon="7.30746"><ele>2028.8</ele><time>2026-03-13T14:51:26Z</time></trkpt><trkpt lat="46.118082" lon="7.307437"><ele>2029.2</ele><time>2026-03-13T14:51:27Z</time></trkpt><trkpt lat="46.118052" lon="7.307415"><ele>2029.6</ele><time>2026-03-13T14:51:28Z</time></trkpt><trkpt lat="46.118017" lon="7.307395"><ele>2030.0</ele><time>2026-03-13T14:51:29Z</time></trkpt><trkpt lat="46.117985" lon="7.307372"><ele>2030.4</ele><time>2026-03-13T14:51:30Z</time></trkpt><trkpt lat="46.117952" lon="7.30735"><ele>2031.0</ele><time>2026-03-13T14:51:31Z</time></trkpt><trkpt lat="46.11792" lon="7.307327"><ele>2031.4</ele><time>2026-03-13T14:51:32Z</time></trkpt><trkpt lat="46.117892" lon="7.307305"><ele>2031.8</ele><time>2026-03-13T14:51:33Z</time></trkpt><trkpt lat="46.117857" lon="7.307285"><ele>2032.0</ele><time>2026-03-13T14:51:34Z</time></trkpt><trkpt lat="46.117827" lon="7.307262"><ele>2032.4</ele><time>2026-03-13T14:51:35Z</time></trkpt><trkpt lat="46.117797" lon="7.307242"><ele>2032.8</ele><time>2026-03-13T14:51:36Z</time></trkpt><trkpt lat="46.117765" lon="7.307222"><ele>2033.2</ele><time>2026-03-13T14:51:37Z</time></trkpt><trkpt lat="46.117732" lon="7.307197"><ele>2033.8</ele><time>2026-03-13T14:51:38Z</time></trkpt><trkpt lat="46.1177" lon="7.307175"><ele>2034.2</ele><time>2026-03-13T14:51:39Z</time></trkpt><trkpt lat="46.11767" lon="7.307152"><ele>2034.8</ele><time>2026-03-13T14:51:40Z</time></trkpt><trkpt lat="46.117637" lon="7.307132"><ele>2035.4</ele><time>2026-03-13T14:51:41Z</time></trkpt><trkpt lat="46.117607" lon="7.30711"><ele>2035.8</ele><time>2026-03-13T14:51:42Z</time></trkpt><trkpt lat="46.117572" lon="7.30709"><ele>2036.2</ele><time>2026-03-13T14:51:43Z</time></trkpt><trkpt lat="46.117542" lon="7.307067"><ele>2036.8</ele><time>2026-03-13T14:51:44Z</time></trkpt><trkpt lat="46.117507" lon="7.307047"><ele>2037.4</ele><time>2026-03-13T14:51:45Z</time></trkpt><trkpt lat="46.117477" lon="7.307027"><ele>2037.8</ele><time>2026-03-13T14:51:46Z</time></trkpt><trkpt lat="46.117445" lon="7.307005"><ele>2038.6</ele><time>2026-03-13T14:51:47Z</time></trkpt><trkpt lat="46.117382" lon="7.306962"><ele>2040.0</ele><time>2026-03-13T14:51:49Z</time></trkpt><trkpt lat="46.11735" lon="7.30694"><ele>2040.6</ele><time>2026-03-13T14:51:50Z</time></trkpt><trkpt lat="46.11732" lon="7.306917"><ele>2041.4</ele><time>2026-03-13T14:51:51Z</time></trkpt><trkpt lat="46.117285" lon="7.306895"><ele>2042.2</ele><time>2026-03-13T14:51:52Z</time></trkpt><trkpt lat="46.117252" lon="7.306872"><ele>2043.0</ele><time>2026-03-13T14:51:53Z</time></trkpt><trkpt lat="46.117217" lon="7.306847"><ele>2043.6</ele><time>2026-03-13T14:51:54Z</time></trkpt><trkpt lat="46.117187" lon="7.306822"><ele>2044.0</ele><time>2026-03-13T14:51:55Z</time></trkpt><trkpt lat="46.117152" lon="7.3068"><ele>2044.2</ele><time>2026-03-13T14:51:56Z</time></trkpt><trkpt lat="46.11712" lon="7.306777"><ele>2044.4</ele><time>2026-03-13T14:51:57Z</time></trkpt><trkpt lat="46.117087" lon="7.306757"><ele>2044.6</ele><time>2026-03-13T14:51:58Z</time></trkpt><trkpt lat="46.117055" lon="7.306735"><ele>2044.8</ele><time>2026-03-13T14:51:59Z</time></trkpt><trkpt lat="46.117022" lon="7.306712"><ele>2045.0</ele><time>2026-03-13T14:52:00Z</time></trkpt><trkpt lat="46.11699" lon="7.306687"><ele>2045.2</ele><time>2026-03-13T14:52:01Z</time></trkpt><trkpt lat="46.11697" lon="7.306677"><ele>2045.4</ele><time>2026-03-13T14:52:02Z</time></trkpt><trkpt lat="46.11695" lon="7.306657"><ele>2045.6</ele><time>2026-03-13T14:52:03Z</time></trkpt><trkpt lat="46.11693" lon="7.306662"><ele>2045.8</ele><time>2026-03-13T14:52:05Z</time></trkpt><trkpt lat="46.116915" lon="7.306647"><ele>2046.8</ele><time>2026-03-13T14:52:11Z</time></trkpt><trkpt lat="46.116895" lon="7.306642"><ele>2047.0</ele><time>2026-03-13T14:52:17Z</time></trkpt><trkpt lat="46.116867" lon="7.306627"><ele>2047.0</ele><time>2026-03-13T14:52:20Z</time></trkpt><trkpt lat="46.116827" lon="7.306605"><ele>2047.0</ele><time>2026-03-13T14:52:21Z</time></trkpt><trkpt lat="46.116802" lon="7.30658"><ele>2047.0</ele><time>2026-03-13T14:52:22Z</time></trkpt><trkpt lat="46.116747" lon="7.30656"><ele>2046.8</ele><time>2026-03-13T14:52:23Z</time></trkpt><trkpt lat="46.116702" lon="7.30654"><ele>2046.4</ele><time>2026-03-13T14:52:24Z</time></trkpt><trkpt lat="46.116663" lon="7.306512"><ele>2046.0</ele><time>2026-03-13T14:52:25Z</time></trkpt><trkpt lat="46.11663" lon="7.306487"><ele>2045.8</ele><time>2026-03-13T14:52:26Z</time></trkpt><trkpt lat="46.116592" lon="7.306467"><ele>2045.6</ele><time>2026-03-13T14:52:27Z</time></trkpt><trkpt lat="46.116557" lon="7.30644"><ele>2045.6</ele><time>2026-03-13T14:52:28Z</time></trkpt><trkpt lat="46.116522" lon="7.306415"><ele>2045.8</ele><time>2026-03-13T14:52:29Z</time></trkpt><trkpt lat="46.11649" lon="7.30639"><ele>2046.0</ele><time>2026-03-13T14:52:30Z</time></trkpt><trkpt lat="46.116452" lon="7.306365"><ele>2046.2</ele><time>2026-03-13T14:52:31Z</time></trkpt><trkpt lat="46.11642" lon="7.306337"><ele>2046.6</ele><time>2026-03-13T14:52:32Z</time></trkpt><trkpt lat="46.116387" lon="7.306315"><ele>2047.0</ele><time>2026-03-13T14:52:33Z</time></trkpt><trkpt lat="46.11635" lon="7.306292"><ele>2047.2</ele><time>2026-03-13T14:52:34Z</time></trkpt><trkpt lat="46.116315" lon="7.30627"><ele>2047.4</ele><time>2026-03-13T14:52:35Z</time></trkpt><trkpt lat="46.11628" lon="7.306247"><ele>2047.6</ele><time>2026-03-13T14:52:36Z</time></trkpt><trkpt lat="46.116245" lon="7.306222"><ele>2047.6</ele><time>2026-03-13T14:52:37Z</time></trkpt><trkpt lat="46.116212" lon="7.306202"><ele>2047.8</ele><time>2026-03-13T14:52:38Z</time></trkpt><trkpt lat="46.11618" lon="7.306177"><ele>2047.8</ele><time>2026-03-13T14:52:39Z</time></trkpt><trkpt lat="46.116147" lon="7.306152"><ele>2048.0</ele><time>2026-03-13T14:52:40Z</time></trkpt><trkpt lat="46.116112" lon="7.30613"><ele>2048.0</ele><time>2026-03-13T14:52:41Z</time></trkpt><trkpt lat="46.11608" lon="7.306107"><ele>2048.2</ele><time>2026-03-13T14:52:42Z</time></trkpt><trkpt lat="46.116047" lon="7.306085"><ele>2048.2</ele><time>2026-03-13T14:52:43Z</time></trkpt><trkpt lat="46.116015" lon="7.306062"><ele>2048.4</ele><time>2026-03-13T14:52:44Z</time></trkpt><trkpt lat="46.115982" lon="7.30604"><ele>2048.6</ele><time>2026-03-13T14:52:45Z</time></trkpt><trkpt lat="46.11595" lon="7.306017"><ele>2048.6</ele><time>2026-03-13T14:52:46Z</time></trkpt><trkpt lat="46.115917" lon="7.305992"><ele>2048.8</ele><time>2026-03-13T14:52:47Z</time></trkpt><trkpt lat="46.115882" lon="7.305972"><ele>2049.0</ele><time>2026-03-13T14:52:48Z</time></trkpt><trkpt lat="46.11585" lon="7.305947"><ele>2049.2</ele><time>2026-03-13T14:52:49Z</time></trkpt><trkpt lat="46.115817" lon="7.305927"><ele>2049.2</ele><time>2026-03-13T14:52:50Z</time></trkpt><trkpt lat="46.115785" lon="7.305902"><ele>2049.6</ele><time>2026-03-13T14:52:51Z</time></trkpt><trkpt lat="46.115752" lon="7.30588"><ele>2049.8</ele><time>2026-03-13T14:52:52Z</time></trkpt><trkpt lat="46.11572" lon="7.305857"><ele>2050.0</ele><time>2026-03-13T14:52:53Z</time></trkpt><trkpt lat="46.115687" lon="7.305835"><ele>2050.2</ele><time>2026-03-13T14:52:54Z</time></trkpt><trkpt lat="46.115655" lon="7.305812"><ele>2050.2</ele><time>2026-03-13T14:52:55Z</time></trkpt><trkpt lat="46.115622" lon="7.305792"><ele>2050.2</ele><time>2026-03-13T14:52:56Z</time></trkpt><trkpt lat="46.115587" lon="7.30577"><ele>2050.4</ele><time>2026-03-13T14:52:57Z</time></trkpt><trkpt lat="46.115557" lon="7.305747"><ele>2050.4</ele><time>2026-03-13T14:52:58Z</time></trkpt><trkpt lat="46.115527" lon="7.305722"><ele>2050.8</ele><time>2026-03-13T14:52:59Z</time></trkpt><trkpt lat="46.115492" lon="7.305702"><ele>2051.0</ele><time>2026-03-13T14:53:00Z</time></trkpt><trkpt lat="46.11546" lon="7.305682"><ele>2051.0</ele><time>2026-03-13T14:53:01Z</time></trkpt><trkpt lat="46.115395" lon="7.305642"><ele>2051.0</ele><time>2026-03-13T14:53:03Z</time></trkpt><trkpt lat="46.11536" lon="7.305622"><ele>2051.2</ele><time>2026-03-13T14:53:04Z</time></trkpt><trkpt lat="46.115327" lon="7.3056"><ele>2051.2</ele><time>2026-03-13T14:53:05Z</time></trkpt><trkpt lat="46.115295" lon="7.305577"><ele>2051.2</ele><time>2026-03-13T14:53:06Z</time></trkpt><trkpt lat="46.115262" lon="7.305557"><ele>2051.4</ele><time>2026-03-13T14:53:07Z</time></trkpt><trkpt lat="46.115228" lon="7.305535"><ele>2051.4</ele><time>2026-03-13T14:53:08Z</time></trkpt><trkpt lat="46.115197" lon="7.30551"><ele>2051.4</ele><time>2026-03-13T14:53:09Z</time></trkpt><trkpt lat="46.115162" lon="7.305487"><ele>2051.6</ele><time>2026-03-13T14:53:10Z</time></trkpt><trkpt lat="46.115132" lon="7.305465"><ele>2051.8</ele><time>2026-03-13T14:53:11Z</time></trkpt><trkpt lat="46.1151" lon="7.305442"><ele>2052.0</ele><time>2026-03-13T14:53:12Z</time></trkpt><trkpt lat="46.11507" lon="7.305418"><ele>2052.0</ele><time>2026-03-13T14:53:13Z</time></trkpt><trkpt lat="46.115037" lon="7.305397"><ele>2052.4</ele><time>2026-03-13T14:53:14Z</time></trkpt><trkpt lat="46.115002" lon="7.305375"><ele>2052.6</ele><time>2026-03-13T14:53:15Z</time></trkpt><trkpt lat="46.11497" lon="7.305352"><ele>2052.8</ele><time>2026-03-13T14:53:16Z</time></trkpt><trkpt lat="46.114937" lon="7.30533"><ele>2053.0</ele><time>2026-03-13T14:53:17Z</time></trkpt><trkpt lat="46.114907" lon="7.305307"><ele>2053.4</ele><time>2026-03-13T14:53:18Z</time></trkpt><trkpt lat="46.114872" lon="7.305287"><ele>2053.8</ele><time>2026-03-13T14:53:19Z</time></trkpt><trkpt lat="46.11484" lon="7.305265"><ele>2054.2</ele><time>2026-03-13T14:53:20Z</time></trkpt><trkpt lat="46.114805" lon="7.305242"><ele>2054.4</ele><time>2026-03-13T14:53:21Z</time></trkpt><trkpt lat="46.114772" lon="7.305222"><ele>2054.6</ele><time>2026-03-13T14:53:22Z</time></trkpt><trkpt lat="46.114742" lon="7.305197"><ele>2054.8</ele><time>2026-03-13T14:53:23Z</time></trkpt><trkpt lat="46.11471" lon="7.305177"><ele>2054.8</ele><time>2026-03-13T14:53:24Z</time></trkpt><trkpt lat="46.114682" lon="7.305157"><ele>2054.6</ele><time>2026-03-13T14:53:25Z</time></trkpt><trkpt lat="46.114655" lon="7.30514"><ele>2054.8</ele><time>2026-03-13T14:53:26Z</time></trkpt><trkpt lat="46.114627" lon="7.30512"><ele>2054.8</ele><time>2026-03-13T14:53:27Z</time></trkpt><trkpt lat="46.114597" lon="7.3051"><ele>2055.0</ele><time>2026-03-13T14:53:28Z</time></trkpt><trkpt lat="46.114565" lon="7.305077"><ele>2055.0</ele><time>2026-03-13T14:53:29Z</time></trkpt><trkpt lat="46.114532" lon="7.305057"><ele>2055.0</ele><time>2026-03-13T14:53:30Z</time></trkpt><trkpt lat="46.114502" lon="7.305037"><ele>2054.8</ele><time>2026-03-13T14:53:31Z</time></trkpt><trkpt lat="46.114472" lon="7.305012"><ele>2054.8</ele><time>2026-03-13T14:53:32Z</time></trkpt><trkpt lat="46.114442" lon="7.30499"><ele>2054.8</ele><time>2026-03-13T14:53:33Z</time></trkpt><trkpt lat="46.114412" lon="7.304965"><ele>2054.8</ele><time>2026-03-13T14:53:34Z</time></trkpt><trkpt lat="46.114382" lon="7.30494"><ele>2055.0</ele><time>2026-03-13T14:53:35Z</time></trkpt><trkpt lat="46.114352" lon="7.304915"><ele>2055.0</ele><time>2026-03-13T14:53:36Z</time></trkpt><trkpt lat="46.114317" lon="7.30489"><ele>2055.0</ele><time>2026-03-13T14:53:37Z</time></trkpt><trkpt lat="46.114282" lon="7.304867"><ele>2054.8</ele><time>2026-03-13T14:53:38Z</time></trkpt><trkpt lat="46.114252" lon="7.304845"><ele>2054.8</ele><time>2026-03-13T14:53:39Z</time></trkpt><trkpt lat="46.11422" lon="7.304822"><ele>2054.8</ele><time>2026-03-13T14:53:40Z</time></trkpt><trkpt lat="46.114187" lon="7.304802"><ele>2054.8</ele><time>2026-03-13T14:53:41Z</time></trkpt><trkpt lat="46.114157" lon="7.304777"><ele>2055.0</ele><time>2026-03-13T14:53:42Z</time></trkpt><trkpt lat="46.114125" lon="7.304757"><ele>2055.2</ele><time>2026-03-13T14:53:43Z</time></trkpt><trkpt lat="46.114092" lon="7.304732"><ele>2055.4</ele><time>2026-03-13T14:53:44Z</time></trkpt><trkpt lat="46.114062" lon="7.30471"><ele>2055.6</ele><time>2026-03-13T14:53:45Z</time></trkpt><trkpt lat="46.11403" lon="7.304687"><ele>2055.8</ele><time>2026-03-13T14:53:46Z</time></trkpt><trkpt lat="46.113997" lon="7.304667"><ele>2055.6</ele><time>2026-03-13T14:53:47Z</time></trkpt><trkpt lat="46.113962" lon="7.304645"><ele>2055.4</ele><time>2026-03-13T14:53:48Z</time></trkpt><trkpt lat="46.113927" lon="7.304622"><ele>2055.0</ele><time>2026-03-13T14:53:49Z</time></trkpt><trkpt lat="46.113895" lon="7.3046"><ele>2054.8</ele><time>2026-03-13T14:53:50Z</time></trkpt><trkpt lat="46.113862" lon="7.30458"><ele>2054.4</ele><time>2026-03-13T14:53:51Z</time></trkpt><trkpt lat="46.11383" lon="7.304557"><ele>2054.0</ele><time>2026-03-13T14:53:52Z</time></trkpt><trkpt lat="46.113797" lon="7.304537"><ele>2053.6</ele><time>2026-03-13T14:53:53Z</time></trkpt><trkpt lat="46.113775" lon="7.304515"><ele>2053.4</ele><time>2026-03-13T14:53:54Z</time></trkpt><trkpt lat="46.113752" lon="7.304477"><ele>2053.0</ele><time>2026-03-13T14:53:56Z</time></trkpt><trkpt lat="46.11374" lon="7.304457"><ele>2052.8</ele><time>2026-03-13T14:53:57Z</time></trkpt><trkpt lat="46.113762" lon="7.304442"><ele>2052.6</ele><time>2026-03-13T14:53:58Z</time></trkpt><trkpt lat="46.113785" lon="7.304422"><ele>2052.6</ele><time>2026-03-13T14:53:59Z</time></trkpt><trkpt lat="46.113732" lon="7.30441"><ele>2053.2</ele><time>2026-03-13T14:54:05Z</time></trkpt><trkpt lat="46.113707" lon="7.304382"><ele>2053.4</ele><time>2026-03-13T14:54:06Z</time></trkpt><trkpt lat="46.113685" lon="7.304385"><ele>2053.6</ele><time>2026-03-13T14:54:07Z</time></trkpt><trkpt lat="46.113662" lon="7.304362"><ele>2053.6</ele><time>2026-03-13T14:54:08Z</time></trkpt><trkpt lat="46.113638" lon="7.304347"><ele>2053.6</ele><time>2026-03-13T14:54:10Z</time></trkpt><trkpt lat="46.113615" lon="7.30433"><ele>2053.6</ele><time>2026-03-13T14:54:11Z</time></trkpt><trkpt lat="46.11358" lon="7.304337"><ele>2053.4</ele><time>2026-03-13T14:54:12Z</time></trkpt><trkpt lat="46.113522" lon="7.304362"><ele>2053.2</ele><time>2026-03-13T14:54:13Z</time></trkpt><trkpt lat="46.113502" lon="7.304362"><ele>2053.2</ele><time>2026-03-13T14:54:14Z</time></trkpt><trkpt lat="46.113483" lon="7.304347"><ele>2053.2</ele><time>2026-03-13T14:54:15Z</time></trkpt><trkpt lat="46.113467" lon="7.304335"><ele>2053.0</ele><time>2026-03-13T14:54:22Z</time></trkpt><trkpt lat="46.113467" lon="7.304307"><ele>2053.2</ele><time>2026-03-13T14:54:27Z</time></trkpt><trkpt lat="46.11347" lon="7.304277"><ele>2053.4</ele><time>2026-03-13T14:54:31Z</time></trkpt><trkpt lat="46.11347" lon="7.304242"><ele>2053.6</ele><time>2026-03-13T14:54:34Z</time></trkpt><trkpt lat="46.11347" lon="7.304215"><ele>2053.6</ele><time>2026-03-13T14:54:36Z</time></trkpt><trkpt lat="46.113472" lon="7.304187"><ele>2053.6</ele><time>2026-03-13T14:54:38Z</time></trkpt><trkpt lat="46.113477" lon="7.304157"><ele>2053.6</ele><time>2026-03-13T14:54:40Z</time></trkpt><trkpt lat="46.11348" lon="7.304122"><ele>2053.6</ele><time>2026-03-13T14:54:42Z</time></trkpt><trkpt lat="46.113483" lon="7.304092"><ele>2053.4</ele><time>2026-03-13T14:54:45Z</time></trkpt><trkpt lat="46.113492" lon="7.304065"><ele>2053.4</ele><time>2026-03-13T14:54:48Z</time></trkpt><trkpt lat="46.1135" lon="7.30404"><ele>2053.6</ele><time>2026-03-13T14:54:50Z</time></trkpt><trkpt lat="46.113552" lon="7.304007"><ele>2053.6</ele><time>2026-03-13T14:54:53Z</time></trkpt><trkpt lat="46.113565" lon="7.303987"><ele>2053.6</ele><time>2026-03-13T14:54:55Z</time></trkpt><trkpt lat="46.113572" lon="7.303957"><ele>2053.6</ele><time>2026-03-13T14:54:57Z</time></trkpt><trkpt lat="46.113577" lon="7.30393"><ele>2053.8</ele><time>2026-03-13T14:55:01Z</time></trkpt><trkpt lat="46.11358" lon="7.3039"><ele>2053.6</ele><time>2026-03-13T14:55:04Z</time></trkpt><trkpt lat="46.113587" lon="7.303867"><ele>2053.8</ele><time>2026-03-13T14:55:07Z</time></trkpt><trkpt lat="46.113595" lon="7.303832"><ele>2054.0</ele><time>2026-03-13T14:55:12Z</time></trkpt><trkpt lat="46.113617" lon="7.303837"><ele>2053.6</ele><time>2026-03-13T14:55:55Z</time></trkpt><trkpt lat="46.113637" lon="7.30384"><ele>2053.6</ele><time>2026-03-13T14:55:57Z</time></trkpt><trkpt lat="46.113662" lon="7.303847"><ele>2053.4</ele><time>2026-03-13T14:56:00Z</time></trkpt><trkpt lat="46.113682" lon="7.303855"><ele>2053.4</ele><time>2026-03-13T14:56:03Z</time></trkpt><trkpt lat="46.113702" lon="7.303857"><ele>2053.4</ele><time>2026-03-13T14:56:06Z</time></trkpt><trkpt lat="46.113725" lon="7.303852"><ele>2053.4</ele><time>2026-03-13T14:56:08Z</time></trkpt><trkpt lat="46.113607" lon="7.30387"><ele>2054.6</ele><time>2026-03-13T15:11:40Z</time></trkpt><trkpt lat="46.113587" lon="7.303872"><ele>2054.2</ele><time>2026-03-13T15:11:58Z</time></trkpt><trkpt lat="46.11356" lon="7.303852"><ele>2054.2</ele><time>2026-03-13T15:12:01Z</time></trkpt><trkpt lat="46.113542" lon="7.303842"><ele>2054.2</ele><time>2026-03-13T15:12:03Z</time></trkpt><trkpt lat="46.113522" lon="7.303828"><ele>2054.2</ele><time>2026-03-13T15:12:30Z</time></trkpt><trkpt lat="46.113497" lon="7.30381"><ele>2054.2</ele><time>2026-03-13T15:12:33Z</time></trkpt><trkpt lat="46.113472" lon="7.30379"><ele>2054.4</ele><time>2026-03-13T15:12:35Z</time></trkpt><trkpt lat="46.11345" lon="7.303767"><ele>2054.6</ele><time>2026-03-13T15:12:37Z</time></trkpt><trkpt lat="46.113432" lon="7.303745"><ele>2054.6</ele><time>2026-03-13T15:12:39Z</time></trkpt><trkpt lat="46.113417" lon="7.303717"><ele>2054.4</ele><time>2026-03-13T15:12:42Z</time></trkpt><trkpt lat="46.113407" lon="7.303695"><ele>2054.2</ele><time>2026-03-13T15:12:44Z</time></trkpt><trkpt lat="46.113405" lon="7.303657"><ele>2054.2</ele><time>2026-03-13T15:12:47Z</time></trkpt><trkpt lat="46.113407" lon="7.303625"><ele>2054.2</ele><time>2026-03-13T15:12:50Z</time></trkpt><trkpt lat="46.113417" lon="7.303597"><ele>2054.4</ele><time>2026-03-13T15:12:54Z</time></trkpt><trkpt lat="46.113432" lon="7.30358"><ele>2054.2</ele><time>2026-03-13T15:12:58Z</time></trkpt><trkpt lat="46.113442" lon="7.303552"><ele>2054.2</ele><time>2026-03-13T15:13:03Z</time></trkpt><trkpt lat="46.11346" lon="7.303542"><ele>2054.0</ele><time>2026-03-13T15:13:06Z</time></trkpt><trkpt lat="46.113462" lon="7.303517"><ele>2053.2</ele><time>2026-03-13T15:13:44Z</time></trkpt><trkpt lat="46.113457" lon="7.30349"><ele>2053.0</ele><time>2026-03-13T15:13:50Z</time></trkpt><trkpt lat="46.113442" lon="7.303452"><ele>2053.2</ele><time>2026-03-13T15:13:52Z</time></trkpt><trkpt lat="46.113425" lon="7.303417"><ele>2053.2</ele><time>2026-03-13T15:13:53Z</time></trkpt><trkpt lat="46.113397" lon="7.303375"><ele>2053.2</ele><time>2026-03-13T15:13:54Z</time></trkpt><trkpt lat="46.113372" lon="7.303322"><ele>2053.4</ele><time>2026-03-13T15:13:55Z</time></trkpt><trkpt lat="46.11335" lon="7.303255"><ele>2053.4</ele><time>2026-03-13T15:13:56Z</time></trkpt><trkpt lat="46.113327" lon="7.303182"><ele>2053.8</ele><time>2026-03-13T15:13:57Z</time></trkpt><trkpt lat="46.113307" lon="7.303112"><ele>2054.0</ele><time>2026-03-13T15:13:58Z</time></trkpt><trkpt lat="46.113282" lon="7.30304"><ele>2054.4</ele><time>2026-03-13T15:13:59Z</time></trkpt><trkpt lat="46.113252" lon="7.302962"><ele>2054.8</ele><time>2026-03-13T15:14:00Z</time></trkpt><trkpt lat="46.11323" lon="7.302907"><ele>2055.6</ele><time>2026-03-13T15:14:01Z</time></trkpt><trkpt lat="46.113207" lon="7.302852"><ele>2056.8</ele><time>2026-03-13T15:14:02Z</time></trkpt><trkpt lat="46.113182" lon="7.30278"><ele>2058.4</ele><time>2026-03-13T15:14:03Z</time></trkpt><trkpt lat="46.113157" lon="7.302707"><ele>2060.0</ele><time>2026-03-13T15:14:04Z</time></trkpt><trkpt lat="46.113137" lon="7.302647"><ele>2061.8</ele><time>2026-03-13T15:14:05Z</time></trkpt><trkpt lat="46.113115" lon="7.30258"><ele>2064.0</ele><time>2026-03-13T15:14:06Z</time></trkpt><trkpt lat="46.113092" lon="7.302507"><ele>2066.0</ele><time>2026-03-13T15:14:07Z</time></trkpt><trkpt lat="46.11307" lon="7.302447"><ele>2068.2</ele><time>2026-03-13T15:14:08Z</time></trkpt><trkpt lat="46.113045" lon="7.302387"><ele>2070.4</ele><time>2026-03-13T15:14:09Z</time></trkpt><trkpt lat="46.113025" lon="7.302335"><ele>2072.8</ele><time>2026-03-13T15:14:10Z</time></trkpt><trkpt lat="46.113002" lon="7.302277"><ele>2075.2</ele><time>2026-03-13T15:14:11Z</time></trkpt><trkpt lat="46.112977" lon="7.30222"><ele>2077.6</ele><time>2026-03-13T15:14:12Z</time></trkpt><trkpt lat="46.112957" lon="7.302165"><ele>2080.0</ele><time>2026-03-13T15:14:13Z</time></trkpt><trkpt lat="46.112932" lon="7.302117"><ele>2082.6</ele><time>2026-03-13T15:14:14Z</time></trkpt><trkpt lat="46.11291" lon="7.302062"><ele>2085.2</ele><time>2026-03-13T15:14:15Z</time></trkpt><trkpt lat="46.112887" lon="7.302007"><ele>2087.8</ele><time>2026-03-13T15:14:16Z</time></trkpt><trkpt lat="46.112862" lon="7.301947"><ele>2090.4</ele><time>2026-03-13T15:14:17Z</time></trkpt><trkpt lat="46.11284" lon="7.301887"><ele>2093.0</ele><time>2026-03-13T15:14:18Z</time></trkpt><trkpt lat="46.112817" lon="7.301832"><ele>2095.6</ele><time>2026-03-13T15:14:19Z</time></trkpt><trkpt lat="46.112793" lon="7.301782"><ele>2098.4</ele><time>2026-03-13T15:14:20Z</time></trkpt><trkpt lat="46.112772" lon="7.301727"><ele>2100.8</ele><time>2026-03-13T15:14:21Z</time></trkpt><trkpt lat="46.11275" lon="7.301667"><ele>2103.4</ele><time>2026-03-13T15:14:22Z</time></trkpt><trkpt lat="46.112727" lon="7.301612"><ele>2106.2</ele><time>2026-03-13T15:14:23Z</time></trkpt><trkpt lat="46.112702" lon="7.30156"><ele>2108.8</ele><time>2026-03-13T15:14:24Z</time></trkpt><trkpt lat="46.112675" lon="7.301505"><ele>2111.6</ele><time>2026-03-13T15:14:25Z</time></trkpt><trkpt lat="46.112647" lon="7.301452"><ele>2114.2</ele><time>2026-03-13T15:14:26Z</time></trkpt><trkpt lat="46.112625" lon="7.301397"><ele>2117.0</ele><time>2026-03-13T15:14:27Z</time></trkpt><trkpt lat="46.112602" lon="7.301347"><ele>2119.6</ele><time>2026-03-13T15:14:28Z</time></trkpt><trkpt lat="46.112582" lon="7.301295"><ele>2122.4</ele><time>2026-03-13T15:14:29Z</time></trkpt><trkpt lat="46.11256" lon="7.30124"><ele>2125.4</ele><time>2026-03-13T15:14:30Z</time></trkpt><trkpt lat="46.112537" lon="7.301187"><ele>2128.2</ele><time>2026-03-13T15:14:31Z</time></trkpt><trkpt lat="46.112515" lon="7.30114"><ele>2131.2</ele><time>2026-03-13T15:14:32Z</time></trkpt><trkpt lat="46.112492" lon="7.301092"><ele>2134.2</ele><time>2026-03-13T15:14:33Z</time></trkpt><trkpt lat="46.112475" lon="7.301042"><ele>2137.2</ele><time>2026-03-13T15:14:34Z</time></trkpt><trkpt lat="46.112455" lon="7.30099"><ele>2140.4</ele><time>2026-03-13T15:14:35Z</time></trkpt><trkpt lat="46.112432" lon="7.30093"><ele>2143.4</ele><time>2026-03-13T15:14:36Z</time></trkpt><trkpt lat="46.112412" lon="7.300872"><ele>2146.4</ele><time>2026-03-13T15:14:37Z</time></trkpt><trkpt lat="46.112392" lon="7.30082"><ele>2149.4</ele><time>2026-03-13T15:14:38Z</time></trkpt><trkpt lat="46.112372" lon="7.300767"><ele>2152.2</ele><time>2026-03-13T15:14:39Z</time></trkpt><trkpt lat="46.11235" lon="7.300707"><ele>2155.0</ele><time>2026-03-13T15:14:40Z</time></trkpt><trkpt lat="46.11233" lon="7.30065"><ele>2157.6</ele><time>2026-03-13T15:14:41Z</time></trkpt><trkpt lat="46.112302" lon="7.300595"><ele>2160.2</ele><time>2026-03-13T15:14:42Z</time></trkpt><trkpt lat="46.112292" lon="7.300545"><ele>2162.8</ele><time>2026-03-13T15:14:43Z</time></trkpt><trkpt lat="46.112272" lon="7.300497"><ele>2165.2</ele><time>2026-03-13T15:14:44Z</time></trkpt><trkpt lat="46.112247" lon="7.300432"><ele>2167.6</ele><time>2026-03-13T15:14:45Z</time></trkpt><trkpt lat="46.112222" lon="7.300372"><ele>2170.2</ele><time>2026-03-13T15:14:46Z</time></trkpt><trkpt lat="46.112197" lon="7.300307"><ele>2173.0</ele><time>2026-03-13T15:14:47Z</time></trkpt><trkpt lat="46.11217" lon="7.300247"><ele>2175.6</ele><time>2026-03-13T15:14:48Z</time></trkpt><trkpt lat="46.112147" lon="7.30019"><ele>2178.0</ele><time>2026-03-13T15:14:49Z</time></trkpt><trkpt lat="46.112118" lon="7.300127"><ele>2180.2</ele><time>2026-03-13T15:14:50Z</time></trkpt><trkpt lat="46.112092" lon="7.300062"><ele>2182.0</ele><time>2026-03-13T15:14:51Z</time></trkpt><trkpt lat="46.112067" lon="7.3"><ele>2183.4</ele><time>2026-03-13T15:14:52Z</time></trkpt><trkpt lat="46.112045" lon="7.29994"><ele>2184.8</ele><time>2026-03-13T15:14:53Z</time></trkpt><trkpt lat="46.11202" lon="7.29988"><ele>2186.4</ele><time>2026-03-13T15:14:54Z</time></trkpt><trkpt lat="46.111995" lon="7.29982"><ele>2187.6</ele><time>2026-03-13T15:14:55Z</time></trkpt><trkpt lat="46.11197" lon="7.299762"><ele>2189.0</ele><time>2026-03-13T15:14:56Z</time></trkpt><trkpt lat="46.111947" lon="7.299702"><ele>2190.2</ele><time>2026-03-13T15:14:57Z</time></trkpt><trkpt lat="46.111925" lon="7.29964"><ele>2191.4</ele><time>2026-03-13T15:14:58Z</time></trkpt><trkpt lat="46.111902" lon="7.29958"><ele>2192.8</ele><time>2026-03-13T15:14:59Z</time></trkpt><trkpt lat="46.111887" lon="7.299522"><ele>2194.2</ele><time>2026-03-13T15:15:00Z</time></trkpt><trkpt lat="46.111865" lon="7.299465"><ele>2195.6</ele><time>2026-03-13T15:15:01Z</time></trkpt><trkpt lat="46.111842" lon="7.299405"><ele>2197.0</ele><time>2026-03-13T15:15:02Z</time></trkpt><trkpt lat="46.11182" lon="7.299342"><ele>2198.2</ele><time>2026-03-13T15:15:03Z</time></trkpt><trkpt lat="46.111795" lon="7.299282"><ele>2199.6</ele><time>2026-03-13T15:15:04Z</time></trkpt><trkpt lat="46.111772" lon="7.29922"><ele>2201.4</ele><time>2026-03-13T15:15:05Z</time></trkpt><trkpt lat="46.111747" lon="7.299158"><ele>2203.0</ele><time>2026-03-13T15:15:06Z</time></trkpt><trkpt lat="46.111727" lon="7.299102"><ele>2204.4</ele><time>2026-03-13T15:15:07Z</time></trkpt><trkpt lat="46.111702" lon="7.299042"><ele>2206.0</ele><time>2026-03-13T15:15:08Z</time></trkpt><trkpt lat="46.11168" lon="7.298982"><ele>2207.4</ele><time>2026-03-13T15:15:09Z</time></trkpt><trkpt lat="46.111657" lon="7.298922"><ele>2209.0</ele><time>2026-03-13T15:15:10Z</time></trkpt><trkpt lat="46.111632" lon="7.298862"><ele>2210.4</ele><time>2026-03-13T15:15:11Z</time></trkpt><trkpt lat="46.11161" lon="7.298805"><ele>2212.0</ele><time>2026-03-13T15:15:12Z</time></trkpt><trkpt lat="46.111587" lon="7.298747"><ele>2213.4</ele><time>2026-03-13T15:15:13Z</time></trkpt><trkpt lat="46.11156" lon="7.298687"><ele>2215.0</ele><time>2026-03-13T15:15:14Z</time></trkpt><trkpt lat="46.111535" lon="7.29863"><ele>2216.6</ele><time>2026-03-13T15:15:15Z</time></trkpt><trkpt lat="46.111512" lon="7.298572"><ele>2218.2</ele><time>2026-03-13T15:15:16Z</time></trkpt><trkpt lat="46.111487" lon="7.298515"><ele>2220.0</ele><time>2026-03-13T15:15:17Z</time></trkpt><trkpt lat="46.111462" lon="7.298455"><ele>2221.6</ele><time>2026-03-13T15:15:18Z</time></trkpt><trkpt lat="46.111437" lon="7.298397"><ele>2223.4</ele><time>2026-03-13T15:15:19Z</time></trkpt><trkpt lat="46.111412" lon="7.298337"><ele>2225.2</ele><time>2026-03-13T15:15:20Z</time></trkpt><trkpt lat="46.111392" lon="7.298282"><ele>2227.0</ele><time>2026-03-13T15:15:21Z</time></trkpt><trkpt lat="46.111367" lon="7.298225"><ele>2228.6</ele><time>2026-03-13T15:15:22Z</time></trkpt><trkpt lat="46.111345" lon="7.298165"><ele>2230.2</ele><time>2026-03-13T15:15:23Z</time></trkpt><trkpt lat="46.11132" lon="7.298105"><ele>2232.0</ele><time>2026-03-13T15:15:24Z</time></trkpt><trkpt lat="46.111295" lon="7.298047"><ele>2233.8</ele><time>2026-03-13T15:15:25Z</time></trkpt><trkpt lat="46.111272" lon="7.297987"><ele>2235.6</ele><time>2026-03-13T15:15:26Z</time></trkpt><trkpt lat="46.111247" lon="7.297932"><ele>2237.4</ele><time>2026-03-13T15:15:27Z</time></trkpt><trkpt lat="46.111227" lon="7.297872"><ele>2239.2</ele><time>2026-03-13T15:15:28Z</time></trkpt><trkpt lat="46.111203" lon="7.297815"><ele>2241.2</ele><time>2026-03-13T15:15:29Z</time></trkpt><trkpt lat="46.111182" lon="7.297757"><ele>2242.8</ele><time>2026-03-13T15:15:30Z</time></trkpt><trkpt lat="46.111162" lon="7.297697"><ele>2244.8</ele><time>2026-03-13T15:15:31Z</time></trkpt><trkpt lat="46.111147" lon="7.29764"><ele>2246.8</ele><time>2026-03-13T15:15:32Z</time></trkpt><trkpt lat="46.11114" lon="7.297587"><ele>2248.8</ele><time>2026-03-13T15:15:33Z</time></trkpt><trkpt lat="46.111117" lon="7.297532"><ele>2251.0</ele><time>2026-03-13T15:15:34Z</time></trkpt><trkpt lat="46.1111" lon="7.297477"><ele>2253.2</ele><time>2026-03-13T15:15:35Z</time></trkpt><trkpt lat="46.111082" lon="7.29742"><ele>2255.4</ele><time>2026-03-13T15:15:36Z</time></trkpt><trkpt lat="46.111065" lon="7.297362"><ele>2257.8</ele><time>2026-03-13T15:15:37Z</time></trkpt><trkpt lat="46.111042" lon="7.297305"><ele>2260.0</ele><time>2026-03-13T15:15:38Z</time></trkpt><trkpt lat="46.111022" lon="7.297252"><ele>2262.2</ele><time>2026-03-13T15:15:39Z</time></trkpt><trkpt lat="46.11101" lon="7.297192"><ele>2264.4</ele><time>2026-03-13T15:15:40Z</time></trkpt><trkpt lat="46.110987" lon="7.297135"><ele>2266.4</ele><time>2026-03-13T15:15:41Z</time></trkpt><trkpt lat="46.110962" lon="7.29707"><ele>2268.4</ele><time>2026-03-13T15:15:42Z</time></trkpt><trkpt lat="46.110937" lon="7.297007"><ele>2270.6</ele><time>2026-03-13T15:15:43Z</time></trkpt><trkpt lat="46.110912" lon="7.296947"><ele>2272.8</ele><time>2026-03-13T15:15:44Z</time></trkpt><trkpt lat="46.110887" lon="7.296887"><ele>2274.4</ele><time>2026-03-13T15:15:45Z</time></trkpt><trkpt lat="46.11086" lon="7.296822"><ele>2276.0</ele><time>2026-03-13T15:15:46Z</time></trkpt><trkpt lat="46.110835" lon="7.296762"><ele>2277.4</ele><time>2026-03-13T15:15:47Z</time></trkpt><trkpt lat="46.110812" lon="7.296707"><ele>2278.8</ele><time>2026-03-13T15:15:48Z</time></trkpt><trkpt lat="46.11079" lon="7.296642"><ele>2280.0</ele><time>2026-03-13T15:15:49Z</time></trkpt><trkpt lat="46.110767" lon="7.296577"><ele>2281.0</ele><time>2026-03-13T15:15:50Z</time></trkpt><trkpt lat="46.110742" lon="7.296517"><ele>2282.2</ele><time>2026-03-13T15:15:51Z</time></trkpt><trkpt lat="46.11072" lon="7.296457"><ele>2283.2</ele><time>2026-03-13T15:15:52Z</time></trkpt><trkpt lat="46.110695" lon="7.296397"><ele>2284.6</ele><time>2026-03-13T15:15:53Z</time></trkpt><trkpt lat="46.11067" lon="7.296332"><ele>2285.6</ele><time>2026-03-13T15:15:54Z</time></trkpt><trkpt lat="46.110642" lon="7.296275"><ele>2286.8</ele><time>2026-03-13T15:15:55Z</time></trkpt><trkpt lat="46.110617" lon="7.296215"><ele>2288.0</ele><time>2026-03-13T15:15:56Z</time></trkpt><trkpt lat="46.110592" lon="7.296152"><ele>2289.2</ele><time>2026-03-13T15:15:57Z</time></trkpt><trkpt lat="46.11057" lon="7.296092"><ele>2290.2</ele><time>2026-03-13T15:15:58Z</time></trkpt><trkpt lat="46.110547" lon="7.296032"><ele>2291.6</ele><time>2026-03-13T15:15:59Z</time></trkpt><trkpt lat="46.110525" lon="7.295972"><ele>2292.8</ele><time>2026-03-13T15:16:00Z</time></trkpt><trkpt lat="46.1105" lon="7.295912"><ele>2294.0</ele><time>2026-03-13T15:16:01Z</time></trkpt><trkpt lat="46.110477" lon="7.295852"><ele>2295.4</ele><time>2026-03-13T15:16:02Z</time></trkpt><trkpt lat="46.110452" lon="7.295792"><ele>2296.6</ele><time>2026-03-13T15:16:03Z</time></trkpt><trkpt lat="46.110427" lon="7.295732"><ele>2298.0</ele><time>2026-03-13T15:16:04Z</time></trkpt><trkpt lat="46.110405" lon="7.295672"><ele>2299.4</ele><time>2026-03-13T15:16:05Z</time></trkpt><trkpt lat="46.110382" lon="7.295612"><ele>2300.8</ele><time>2026-03-13T15:16:06Z</time></trkpt><trkpt lat="46.110357" lon="7.295552"><ele>2302.2</ele><time>2026-03-13T15:16:07Z</time></trkpt><trkpt lat="46.110337" lon="7.295495"><ele>2303.8</ele><time>2026-03-13T15:16:08Z</time></trkpt><trkpt lat="46.110312" lon="7.295437"><ele>2305.2</ele><time>2026-03-13T15:16:09Z</time></trkpt><trkpt lat="46.110287" lon="7.295372"><ele>2306.6</ele><time>2026-03-13T15:16:10Z</time></trkpt><trkpt lat="46.110257" lon="7.295305"><ele>2308.2</ele><time>2026-03-13T15:16:11Z</time></trkpt><trkpt lat="46.110232" lon="7.295242"><ele>2309.8</ele><time>2026-03-13T15:16:12Z</time></trkpt><trkpt lat="46.110207" lon="7.295182"><ele>2310.8</ele><time>2026-03-13T15:16:13Z</time></trkpt><trkpt lat="46.110182" lon="7.29512"><ele>2311.8</ele><time>2026-03-13T15:16:14Z</time></trkpt><trkpt lat="46.110157" lon="7.295057"><ele>2312.6</ele><time>2026-03-13T15:16:15Z</time></trkpt><trkpt lat="46.110132" lon="7.294995"><ele>2313.2</ele><time>2026-03-13T15:16:16Z</time></trkpt><trkpt lat="46.110107" lon="7.294932"><ele>2314.0</ele><time>2026-03-13T15:16:17Z</time></trkpt><trkpt lat="46.110082" lon="7.294867"><ele>2314.6</ele><time>2026-03-13T15:16:18Z</time></trkpt><trkpt lat="46.110057" lon="7.294807"><ele>2315.2</ele><time>2026-03-13T15:16:19Z</time></trkpt><trkpt lat="46.11003" lon="7.294747"><ele>2315.6</ele><time>2026-03-13T15:16:20Z</time></trkpt><trkpt lat="46.110007" lon="7.294687"><ele>2316.0</ele><time>2026-03-13T15:16:21Z</time></trkpt><trkpt lat="46.109982" lon="7.294622"><ele>2316.6</ele><time>2026-03-13T15:16:22Z</time></trkpt><trkpt lat="46.10996" lon="7.294557"><ele>2317.2</ele><time>2026-03-13T15:16:23Z</time></trkpt><trkpt lat="46.109937" lon="7.294497"><ele>2317.8</ele><time>2026-03-13T15:16:24Z</time></trkpt><trkpt lat="46.109915" lon="7.294435"><ele>2318.4</ele><time>2026-03-13T15:16:25Z</time></trkpt><trkpt lat="46.10989" lon="7.294372"><ele>2319.0</ele><time>2026-03-13T15:16:26Z</time></trkpt><trkpt lat="46.109862" lon="7.294312"><ele>2319.6</ele><time>2026-03-13T15:16:27Z</time></trkpt><trkpt lat="46.109837" lon="7.294247"><ele>2320.4</ele><time>2026-03-13T15:16:28Z</time></trkpt><trkpt lat="46.109812" lon="7.294187"><ele>2321.0</ele><time>2026-03-13T15:16:29Z</time></trkpt><trkpt lat="46.109792" lon="7.294125"><ele>2321.6</ele><time>2026-03-13T15:16:30Z</time></trkpt><trkpt lat="46.109767" lon="7.294062"><ele>2322.2</ele><time>2026-03-13T15:16:31Z</time></trkpt><trkpt lat="46.109742" lon="7.294002"><ele>2323.0</ele><time>2026-03-13T15:16:32Z</time></trkpt><trkpt lat="46.109722" lon="7.29394"><ele>2323.8</ele><time>2026-03-13T15:16:33Z</time></trkpt><trkpt lat="46.109702" lon="7.29388"><ele>2324.6</ele><time>2026-03-13T15:16:34Z</time></trkpt><trkpt lat="46.109677" lon="7.29382"><ele>2325.2</ele><time>2026-03-13T15:16:35Z</time></trkpt><trkpt lat="46.109657" lon="7.293757"><ele>2326.0</ele><time>2026-03-13T15:16:36Z</time></trkpt><trkpt lat="46.109632" lon="7.293693"><ele>2326.8</ele><time>2026-03-13T15:16:37Z</time></trkpt><trkpt lat="46.109607" lon="7.293637"><ele>2327.6</ele><time>2026-03-13T15:16:38Z</time></trkpt><trkpt lat="46.109582" lon="7.293577"><ele>2328.4</ele><time>2026-03-13T15:16:39Z</time></trkpt><trkpt lat="46.109562" lon="7.293517"><ele>2329.4</ele><time>2026-03-13T15:16:40Z</time></trkpt><trkpt lat="46.109537" lon="7.293457"><ele>2330.4</ele><time>2026-03-13T15:16:41Z</time></trkpt><trkpt lat="46.109512" lon="7.293397"><ele>2331.2</ele><time>2026-03-13T15:16:42Z</time></trkpt><trkpt lat="46.10949" lon="7.293342"><ele>2332.2</ele><time>2026-03-13T15:16:43Z</time></trkpt><trkpt lat="46.109467" lon="7.293277"><ele>2333.2</ele><time>2026-03-13T15:16:44Z</time></trkpt><trkpt lat="46.109462" lon="7.293217"><ele>2334.2</ele><time>2026-03-13T15:16:45Z</time></trkpt><trkpt lat="46.10944" lon="7.293157"><ele>2335.2</ele><time>2026-03-13T15:16:46Z</time></trkpt><trkpt lat="46.109415" lon="7.293097"><ele>2336.2</ele><time>2026-03-13T15:16:47Z</time></trkpt><trkpt lat="46.109392" lon="7.293035"><ele>2337.4</ele><time>2026-03-13T15:16:48Z</time></trkpt><trkpt lat="46.109367" lon="7.292972"><ele>2338.4</ele><time>2026-03-13T15:16:49Z</time></trkpt><trkpt lat="46.109345" lon="7.29291"><ele>2339.2</ele><time>2026-03-13T15:16:50Z</time></trkpt><trkpt lat="46.109317" lon="7.292847"><ele>2340.2</ele><time>2026-03-13T15:16:51Z</time></trkpt><trkpt lat="46.109292" lon="7.292782"><ele>2340.8</ele><time>2026-03-13T15:16:52Z</time></trkpt><trkpt lat="46.109267" lon="7.29272"><ele>2341.2</ele><time>2026-03-13T15:16:53Z</time></trkpt><trkpt lat="46.109242" lon="7.29266"><ele>2341.8</ele><time>2026-03-13T15:16:54Z</time></trkpt><trkpt lat="46.109217" lon="7.292597"><ele>2342.2</ele><time>2026-03-13T15:16:55Z</time></trkpt><trkpt lat="46.109195" lon="7.292535"><ele>2342.6</ele><time>2026-03-13T15:16:56Z</time></trkpt><trkpt lat="46.109167" lon="7.292472"><ele>2343.0</ele><time>2026-03-13T15:16:57Z</time></trkpt><trkpt lat="46.109142" lon="7.29241"><ele>2343.4</ele><time>2026-03-13T15:16:58Z</time></trkpt><trkpt lat="46.109117" lon="7.292347"><ele>2344.0</ele><time>2026-03-13T15:16:59Z</time></trkpt><trkpt lat="46.109092" lon="7.292287"><ele>2344.4</ele><time>2026-03-13T15:17:00Z</time></trkpt><trkpt lat="46.109067" lon="7.292225"><ele>2344.8</ele><time>2026-03-13T15:17:01Z</time></trkpt><trkpt lat="46.109042" lon="7.292162"><ele>2345.2</ele><time>2026-03-13T15:17:02Z</time></trkpt><trkpt lat="46.109017" lon="7.2921"><ele>2345.8</ele><time>2026-03-13T15:17:03Z</time></trkpt><trkpt lat="46.108992" lon="7.292035"><ele>2346.4</ele><time>2026-03-13T15:17:04Z</time></trkpt><trkpt lat="46.10897" lon="7.291967"><ele>2347.0</ele><time>2026-03-13T15:17:05Z</time></trkpt><trkpt lat="46.108947" lon="7.291902"><ele>2347.6</ele><time>2026-03-13T15:17:06Z</time></trkpt><trkpt lat="46.108922" lon="7.291837"><ele>2348.2</ele><time>2026-03-13T15:17:07Z</time></trkpt><trkpt lat="46.108902" lon="7.291775"><ele>2348.8</ele><time>2026-03-13T15:17:08Z</time></trkpt><trkpt lat="46.108877" lon="7.291712"><ele>2349.4</ele><time>2026-03-13T15:17:09Z</time></trkpt><trkpt lat="46.108853" lon="7.291652"><ele>2350.0</ele><time>2026-03-13T15:17:10Z</time></trkpt><trkpt lat="46.108832" lon="7.29159"><ele>2350.6</ele><time>2026-03-13T15:17:11Z</time></trkpt><trkpt lat="46.108807" lon="7.291527"><ele>2351.4</ele><time>2026-03-13T15:17:12Z</time></trkpt><trkpt lat="46.108787" lon="7.291467"><ele>2352.2</ele><time>2026-03-13T15:17:13Z</time></trkpt><trkpt lat="46.108767" lon="7.291412"><ele>2353.0</ele><time>2026-03-13T15:17:14Z</time></trkpt><trkpt lat="46.108745" lon="7.291352"><ele>2353.8</ele><time>2026-03-13T15:17:15Z</time></trkpt><trkpt lat="46.108722" lon="7.291292"><ele>2354.6</ele><time>2026-03-13T15:17:16Z</time></trkpt><trkpt lat="46.108697" lon="7.29123"><ele>2355.2</ele><time>2026-03-13T15:17:17Z</time></trkpt><trkpt lat="46.10868" lon="7.291167"><ele>2356.0</ele><time>2026-03-13T15:17:18Z</time></trkpt><trkpt lat="46.108657" lon="7.291105"><ele>2356.8</ele><time>2026-03-13T15:17:19Z</time></trkpt><trkpt lat="46.108632" lon="7.291045"><ele>2357.8</ele><time>2026-03-13T15:17:20Z</time></trkpt><trkpt lat="46.10861" lon="7.290982"><ele>2358.6</ele><time>2026-03-13T15:17:21Z</time></trkpt><trkpt lat="46.108587" lon="7.290922"><ele>2359.6</ele><time>2026-03-13T15:17:22Z</time></trkpt><trkpt lat="46.108558" lon="7.29086"><ele>2360.4</ele><time>2026-03-13T15:17:23Z</time></trkpt><trkpt lat="46.108537" lon="7.2908"><ele>2361.2</ele><time>2026-03-13T15:17:24Z</time></trkpt><trkpt lat="46.108512" lon="7.290737"><ele>2362.0</ele><time>2026-03-13T15:17:25Z</time></trkpt><trkpt lat="46.108487" lon="7.29068"><ele>2363.0</ele><time>2026-03-13T15:17:26Z</time></trkpt><trkpt lat="46.108462" lon="7.290617"><ele>2364.0</ele><time>2026-03-13T15:17:27Z</time></trkpt><trkpt lat="46.108437" lon="7.290557"><ele>2364.8</ele><time>2026-03-13T15:17:28Z</time></trkpt><trkpt lat="46.108415" lon="7.290495"><ele>2365.8</ele><time>2026-03-13T15:17:29Z</time></trkpt><trkpt lat="46.108392" lon="7.290432"><ele>2366.8</ele><time>2026-03-13T15:17:30Z</time></trkpt><trkpt lat="46.10837" lon="7.290372"><ele>2368.0</ele><time>2026-03-13T15:17:31Z</time></trkpt><trkpt lat="46.108347" lon="7.290312"><ele>2369.0</ele><time>2026-03-13T15:17:32Z</time></trkpt><trkpt lat="46.108325" lon="7.29025"><ele>2370.0</ele><time>2026-03-13T15:17:33Z</time></trkpt><trkpt lat="46.108302" lon="7.29019"><ele>2371.2</ele><time>2026-03-13T15:17:34Z</time></trkpt><trkpt lat="46.10828" lon="7.290132"><ele>2372.2</ele><time>2026-03-13T15:17:35Z</time></trkpt><trkpt lat="46.108257" lon="7.290072"><ele>2373.4</ele><time>2026-03-13T15:17:36Z</time></trkpt><trkpt lat="46.108232" lon="7.290012"><ele>2374.6</ele><time>2026-03-13T15:17:37Z</time></trkpt><trkpt lat="46.108212" lon="7.289952"><ele>2376.0</ele><time>2026-03-13T15:17:38Z</time></trkpt><trkpt lat="46.108187" lon="7.289892"><ele>2377.4</ele><time>2026-03-13T15:17:39Z</time></trkpt><trkpt lat="46.108162" lon="7.289835"><ele>2378.8</ele><time>2026-03-13T15:17:40Z</time></trkpt><trkpt lat="46.108137" lon="7.289775"><ele>2380.0</ele><time>2026-03-13T15:17:41Z</time></trkpt><trkpt lat="46.108115" lon="7.289717"><ele>2381.4</ele><time>2026-03-13T15:17:42Z</time></trkpt><trkpt lat="46.108092" lon="7.289657"><ele>2382.8</ele><time>2026-03-13T15:17:43Z</time></trkpt><trkpt lat="46.108067" lon="7.289597"><ele>2384.0</ele><time>2026-03-13T15:17:44Z</time></trkpt><trkpt lat="46.108042" lon="7.28954"><ele>2385.2</ele><time>2026-03-13T15:17:45Z</time></trkpt><trkpt lat="46.10802" lon="7.289482"><ele>2386.6</ele><time>2026-03-13T15:17:46Z</time></trkpt><trkpt lat="46.107995" lon="7.289422"><ele>2388.0</ele><time>2026-03-13T15:17:47Z</time></trkpt><trkpt lat="46.107972" lon="7.289365"><ele>2389.2</ele><time>2026-03-13T15:17:48Z</time></trkpt><trkpt lat="46.107952" lon="7.289307"><ele>2390.6</ele><time>2026-03-13T15:17:49Z</time></trkpt><trkpt lat="46.107927" lon="7.289247"><ele>2392.0</ele><time>2026-03-13T15:17:50Z</time></trkpt><trkpt lat="46.107902" lon="7.289187"><ele>2393.4</ele><time>2026-03-13T15:17:51Z</time></trkpt><trkpt lat="46.10788" lon="7.28913"><ele>2395.0</ele><time>2026-03-13T15:17:52Z</time></trkpt><trkpt lat="46.107857" lon="7.28907"><ele>2396.4</ele><time>2026-03-13T15:17:53Z</time></trkpt><trkpt lat="46.107832" lon="7.289012"><ele>2398.0</ele><time>2026-03-13T15:17:54Z</time></trkpt><trkpt lat="46.10781" lon="7.288952"><ele>2399.6</ele><time>2026-03-13T15:17:55Z</time></trkpt><trkpt lat="46.107787" lon="7.288892"><ele>2401.2</ele><time>2026-03-13T15:17:56Z</time></trkpt><trkpt lat="46.107767" lon="7.288832"><ele>2402.8</ele><time>2026-03-13T15:17:57Z</time></trkpt><trkpt lat="46.107742" lon="7.288775"><ele>2404.4</ele><time>2026-03-13T15:17:58Z</time></trkpt><trkpt lat="46.107722" lon="7.288717"><ele>2406.0</ele><time>2026-03-13T15:17:59Z</time></trkpt><trkpt lat="46.1077" lon="7.288657"><ele>2407.8</ele><time>2026-03-13T15:18:00Z</time></trkpt><trkpt lat="46.10768" lon="7.288602"><ele>2409.6</ele><time>2026-03-13T15:18:01Z</time></trkpt><trkpt lat="46.107655" lon="7.288542"><ele>2411.2</ele><time>2026-03-13T15:18:02Z</time></trkpt><trkpt lat="46.107632" lon="7.288482"><ele>2413.0</ele><time>2026-03-13T15:18:03Z</time></trkpt><trkpt lat="46.107607" lon="7.288422"><ele>2414.8</ele><time>2026-03-13T15:18:04Z</time></trkpt><trkpt lat="46.107585" lon="7.288362"><ele>2416.4</ele><time>2026-03-13T15:18:05Z</time></trkpt><trkpt lat="46.107562" lon="7.288302"><ele>2418.2</ele><time>2026-03-13T15:18:06Z</time></trkpt><trkpt lat="46.107537" lon="7.288247"><ele>2420.0</ele><time>2026-03-13T15:18:07Z</time></trkpt><trkpt lat="46.107512" lon="7.288187"><ele>2421.8</ele><time>2026-03-13T15:18:08Z</time></trkpt><trkpt lat="46.107487" lon="7.28812"><ele>2423.6</ele><time>2026-03-13T15:18:09Z</time></trkpt><trkpt lat="46.107457" lon="7.28805"><ele>2425.6</ele><time>2026-03-13T15:18:10Z</time></trkpt><trkpt lat="46.107432" lon="7.287982"><ele>2427.4</ele><time>2026-03-13T15:18:11Z</time></trkpt><trkpt lat="46.107407" lon="7.287917"><ele>2429.4</ele><time>2026-03-13T15:18:12Z</time></trkpt><trkpt lat="46.107382" lon="7.287848"><ele>2431.0</ele><time>2026-03-13T15:18:13Z</time></trkpt><trkpt lat="46.107357" lon="7.287782"><ele>2432.4</ele><time>2026-03-13T15:18:14Z</time></trkpt><trkpt lat="46.107332" lon="7.287717"><ele>2433.8</ele><time>2026-03-13T15:18:15Z</time></trkpt><trkpt lat="46.107307" lon="7.287652"><ele>2435.0</ele><time>2026-03-13T15:18:16Z</time></trkpt><trkpt lat="46.10728" lon="7.287582"><ele>2436.2</ele><time>2026-03-13T15:18:17Z</time></trkpt><trkpt lat="46.107252" lon="7.287512"><ele>2437.6</ele><time>2026-03-13T15:18:18Z</time></trkpt><trkpt lat="46.107227" lon="7.28745"><ele>2438.8</ele><time>2026-03-13T15:18:19Z</time></trkpt><trkpt lat="46.107202" lon="7.287385"><ele>2440.0</ele><time>2026-03-13T15:18:20Z</time></trkpt><trkpt lat="46.107175" lon="7.287317"><ele>2441.2</ele><time>2026-03-13T15:18:21Z</time></trkpt><trkpt lat="46.10715" lon="7.287252"><ele>2442.6</ele><time>2026-03-13T15:18:22Z</time></trkpt><trkpt lat="46.107125" lon="7.287187"><ele>2444.0</ele><time>2026-03-13T15:18:23Z</time></trkpt><trkpt lat="46.107097" lon="7.28712"><ele>2445.2</ele><time>2026-03-13T15:18:24Z</time></trkpt><trkpt lat="46.107072" lon="7.287052"><ele>2446.6</ele><time>2026-03-13T15:18:25Z</time></trkpt><trkpt lat="46.107045" lon="7.286985"><ele>2448.0</ele><time>2026-03-13T15:18:26Z</time></trkpt><trkpt lat="46.10702" lon="7.28692"><ele>2449.4</ele><time>2026-03-13T15:18:27Z</time></trkpt><trkpt lat="46.106995" lon="7.286855"><ele>2450.6</ele><time>2026-03-13T15:18:28Z</time></trkpt><trkpt lat="46.106967" lon="7.286792"><ele>2452.0</ele><time>2026-03-13T15:18:29Z</time></trkpt><trkpt lat="46.106942" lon="7.286727"><ele>2453.4</ele><time>2026-03-13T15:18:30Z</time></trkpt><trkpt lat="46.106917" lon="7.286662"><ele>2454.8</ele><time>2026-03-13T15:18:31Z</time></trkpt><trkpt lat="46.106892" lon="7.286595"><ele>2456.2</ele><time>2026-03-13T15:18:32Z</time></trkpt><trkpt lat="46.106867" lon="7.286527"><ele>2457.6</ele><time>2026-03-13T15:18:33Z</time></trkpt><trkpt lat="46.106842" lon="7.286462"><ele>2459.2</ele><time>2026-03-13T15:18:34Z</time></trkpt><trkpt lat="46.106817" lon="7.2864"><ele>2460.6</ele><time>2026-03-13T15:18:35Z</time></trkpt><trkpt lat="46.106792" lon="7.286337"><ele>2462.0</ele><time>2026-03-13T15:18:36Z</time></trkpt><trkpt lat="46.106767" lon="7.286277"><ele>2463.4</ele><time>2026-03-13T15:18:37Z</time></trkpt><trkpt lat="46.106742" lon="7.286212"><ele>2465.0</ele><time>2026-03-13T15:18:38Z</time></trkpt><trkpt lat="46.106717" lon="7.286147"><ele>2466.4</ele><time>2026-03-13T15:18:39Z</time></trkpt><trkpt lat="46.106692" lon="7.286082"><ele>2468.2</ele><time>2026-03-13T15:18:40Z</time></trkpt><trkpt lat="46.106667" lon="7.286017"><ele>2469.8</ele><time>2026-03-13T15:18:41Z</time></trkpt><trkpt lat="46.106642" lon="7.285955"><ele>2471.6</ele><time>2026-03-13T15:18:42Z</time></trkpt><trkpt lat="46.106615" lon="7.285892"><ele>2473.4</ele><time>2026-03-13T15:18:43Z</time></trkpt><trkpt lat="46.106588" lon="7.285827"><ele>2475.2</ele><time>2026-03-13T15:18:44Z</time></trkpt><trkpt lat="46.106565" lon="7.285762"><ele>2477.0</ele><time>2026-03-13T15:18:45Z</time></trkpt><trkpt lat="46.106537" lon="7.285697"><ele>2478.8</ele><time>2026-03-13T15:18:46Z</time></trkpt><trkpt lat="46.106512" lon="7.285632"><ele>2480.6</ele><time>2026-03-13T15:18:47Z</time></trkpt><trkpt lat="46.106487" lon="7.285567"><ele>2482.4</ele><time>2026-03-13T15:18:48Z</time></trkpt><trkpt lat="46.106462" lon="7.285502"><ele>2484.4</ele><time>2026-03-13T15:18:49Z</time></trkpt><trkpt lat="46.106437" lon="7.285437"><ele>2486.2</ele><time>2026-03-13T15:18:50Z</time></trkpt><trkpt lat="46.106412" lon="7.285377"><ele>2488.0</ele><time>2026-03-13T15:18:51Z</time></trkpt><trkpt lat="46.106387" lon="7.285312"><ele>2489.8</ele><time>2026-03-13T15:18:52Z</time></trkpt><trkpt lat="46.106362" lon="7.28525"><ele>2491.8</ele><time>2026-03-13T15:18:53Z</time></trkpt><trkpt lat="46.106337" lon="7.285187"><ele>2493.6</ele><time>2026-03-13T15:18:54Z</time></trkpt><trkpt lat="46.106312" lon="7.285122"><ele>2495.4</ele><time>2026-03-13T15:18:55Z</time></trkpt><trkpt lat="46.106287" lon="7.28506"><ele>2497.4</ele><time>2026-03-13T15:18:56Z</time></trkpt><trkpt lat="46.106262" lon="7.284997"><ele>2499.2</ele><time>2026-03-13T15:18:57Z</time></trkpt><trkpt lat="46.106237" lon="7.284935"><ele>2501.2</ele><time>2026-03-13T15:18:58Z</time></trkpt><trkpt lat="46.106212" lon="7.284872"><ele>2503.4</ele><time>2026-03-13T15:18:59Z</time></trkpt><trkpt lat="46.106187" lon="7.284807"><ele>2505.2</ele><time>2026-03-13T15:19:00Z</time></trkpt><trkpt lat="46.10616" lon="7.284747"><ele>2507.2</ele><time>2026-03-13T15:19:01Z</time></trkpt><trkpt lat="46.106135" lon="7.284685"><ele>2509.4</ele><time>2026-03-13T15:19:02Z</time></trkpt><trkpt lat="46.10611" lon="7.284622"><ele>2511.6</ele><time>2026-03-13T15:19:03Z</time></trkpt><trkpt lat="46.106087" lon="7.284562"><ele>2513.6</ele><time>2026-03-13T15:19:04Z</time></trkpt><trkpt lat="46.106062" lon="7.284497"><ele>2515.8</ele><time>2026-03-13T15:19:05Z</time></trkpt><trkpt lat="46.106037" lon="7.284435"><ele>2518.0</ele><time>2026-03-13T15:19:06Z</time></trkpt><trkpt lat="46.106012" lon="7.284372"><ele>2520.4</ele><time>2026-03-13T15:19:07Z</time></trkpt><trkpt lat="46.105983" lon="7.28431"><ele>2522.8</ele><time>2026-03-13T15:19:08Z</time></trkpt><trkpt lat="46.105957" lon="7.284247"><ele>2525.2</ele><time>2026-03-13T15:19:09Z</time></trkpt><trkpt lat="46.105932" lon="7.284185"><ele>2527.4</ele><time>2026-03-13T15:19:10Z</time></trkpt><trkpt lat="46.105905" lon="7.284122"><ele>2529.8</ele><time>2026-03-13T15:19:11Z</time></trkpt><trkpt lat="46.10588" lon="7.284057"><ele>2532.0</ele><time>2026-03-13T15:19:12Z</time></trkpt><trkpt lat="46.105855" lon="7.283997"><ele>2534.4</ele><time>2026-03-13T15:19:13Z</time></trkpt><trkpt lat="46.105832" lon="7.283937"><ele>2536.8</ele><time>2026-03-13T15:19:14Z</time></trkpt><trkpt lat="46.105807" lon="7.283877"><ele>2539.2</ele><time>2026-03-13T15:19:15Z</time></trkpt><trkpt lat="46.105782" lon="7.283817"><ele>2541.6</ele><time>2026-03-13T15:19:16Z</time></trkpt><trkpt lat="46.105757" lon="7.283755"><ele>2543.8</ele><time>2026-03-13T15:19:17Z</time></trkpt><trkpt lat="46.105732" lon="7.283692"><ele>2546.2</ele><time>2026-03-13T15:19:18Z</time></trkpt><trkpt lat="46.105705" lon="7.283632"><ele>2548.8</ele><time>2026-03-13T15:19:19Z</time></trkpt><trkpt lat="46.105677" lon="7.283567"><ele>2551.4</ele><time>2026-03-13T15:19:20Z</time></trkpt><trkpt lat="46.105652" lon="7.283505"><ele>2554.0</ele><time>2026-03-13T15:19:21Z</time></trkpt><trkpt lat="46.105627" lon="7.283442"><ele>2556.6</ele><time>2026-03-13T15:19:22Z</time></trkpt><trkpt lat="46.105602" lon="7.28338"><ele>2559.0</ele><time>2026-03-13T15:19:23Z</time></trkpt><trkpt lat="46.105577" lon="7.283317"><ele>2561.6</ele><time>2026-03-13T15:19:24Z</time></trkpt><trkpt lat="46.10555" lon="7.283257"><ele>2564.0</ele><time>2026-03-13T15:19:25Z</time></trkpt><trkpt lat="46.105525" lon="7.283197"><ele>2566.6</ele><time>2026-03-13T15:19:26Z</time></trkpt><trkpt lat="46.105497" lon="7.283135"><ele>2569.0</ele><time>2026-03-13T15:19:27Z</time></trkpt><trkpt lat="46.105475" lon="7.283077"><ele>2571.4</ele><time>2026-03-13T15:19:28Z</time></trkpt><trkpt lat="46.105452" lon="7.283017"><ele>2574.0</ele><time>2026-03-13T15:19:29Z</time></trkpt><trkpt lat="46.105427" lon="7.282957"><ele>2576.4</ele><time>2026-03-13T15:19:30Z</time></trkpt><trkpt lat="46.105402" lon="7.282897"><ele>2579.0</ele><time>2026-03-13T15:19:31Z</time></trkpt><trkpt lat="46.105377" lon="7.28284"><ele>2581.6</ele><time>2026-03-13T15:19:32Z</time></trkpt><trkpt lat="46.105352" lon="7.282782"><ele>2584.4</ele><time>2026-03-13T15:19:33Z</time></trkpt><trkpt lat="46.105325" lon="7.282722"><ele>2587.2</ele><time>2026-03-13T15:19:34Z</time></trkpt><trkpt lat="46.1053" lon="7.282662"><ele>2589.8</ele><time>2026-03-13T15:19:35Z</time></trkpt><trkpt lat="46.105272" lon="7.282602"><ele>2592.6</ele><time>2026-03-13T15:19:36Z</time></trkpt><trkpt lat="46.10525" lon="7.282542"><ele>2595.4</ele><time>2026-03-13T15:19:37Z</time></trkpt><trkpt lat="46.105223" lon="7.282482"><ele>2598.2</ele><time>2026-03-13T15:19:38Z</time></trkpt><trkpt lat="46.105197" lon="7.282422"><ele>2601.0</ele><time>2026-03-13T15:19:39Z</time></trkpt><trkpt lat="46.10517" lon="7.282362"><ele>2603.8</ele><time>2026-03-13T15:19:40Z</time></trkpt><trkpt lat="46.105142" lon="7.282302"><ele>2606.6</ele><time>2026-03-13T15:19:41Z</time></trkpt><trkpt lat="46.105117" lon="7.282242"><ele>2609.4</ele><time>2026-03-13T15:19:42Z</time></trkpt><trkpt lat="46.105092" lon="7.282182"><ele>2612.2</ele><time>2026-03-13T15:19:43Z</time></trkpt><trkpt lat="46.105067" lon="7.282122"><ele>2614.8</ele><time>2026-03-13T15:19:44Z</time></trkpt><trkpt lat="46.10504" lon="7.282062"><ele>2617.6</ele><time>2026-03-13T15:19:45Z</time></trkpt><trkpt lat="46.105012" lon="7.282002"><ele>2620.4</ele><time>2026-03-13T15:19:46Z</time></trkpt><trkpt lat="46.104997" lon="7.281942"><ele>2623.4</ele><time>2026-03-13T15:19:47Z</time></trkpt><trkpt lat="46.10499" lon="7.281882"><ele>2626.4</ele><time>2026-03-13T15:19:48Z</time></trkpt><trkpt lat="46.10497" lon="7.281827"><ele>2629.4</ele><time>2026-03-13T15:19:49Z</time></trkpt><trkpt lat="46.104957" lon="7.28177"><ele>2632.2</ele><time>2026-03-13T15:19:50Z</time></trkpt><trkpt lat="46.104945" lon="7.281717"><ele>2635.4</ele><time>2026-03-13T15:19:51Z</time></trkpt><trkpt lat="46.104922" lon="7.28166"><ele>2638.4</ele><time>2026-03-13T15:19:52Z</time></trkpt><trkpt lat="46.1049" lon="7.281602"><ele>2641.6</ele><time>2026-03-13T15:19:53Z</time></trkpt><trkpt lat="46.104877" lon="7.281545"><ele>2644.6</ele><time>2026-03-13T15:19:54Z</time></trkpt><trkpt lat="46.104857" lon="7.281487"><ele>2647.6</ele><time>2026-03-13T15:19:55Z</time></trkpt><trkpt lat="46.104832" lon="7.281432"><ele>2650.8</ele><time>2026-03-13T15:19:56Z</time></trkpt><trkpt lat="46.104812" lon="7.281375"><ele>2653.8</ele><time>2026-03-13T15:19:57Z</time></trkpt><trkpt lat="46.10479" lon="7.281317"><ele>2656.8</ele><time>2026-03-13T15:19:58Z</time></trkpt><trkpt lat="46.10477" lon="7.281262"><ele>2659.8</ele><time>2026-03-13T15:19:59Z</time></trkpt><trkpt lat="46.104752" lon="7.281207"><ele>2663.0</ele><time>2026-03-13T15:20:00Z</time></trkpt><trkpt lat="46.10473" lon="7.281152"><ele>2666.0</ele><time>2026-03-13T15:20:01Z</time></trkpt><trkpt lat="46.10471" lon="7.281095"><ele>2669.2</ele><time>2026-03-13T15:20:02Z</time></trkpt><trkpt lat="46.104687" lon="7.281037"><ele>2674.8</ele><time>2026-03-13T15:20:03Z</time></trkpt><trkpt lat="46.10467" lon="7.280987"><ele>2677.4</ele><time>2026-03-13T15:20:04Z</time></trkpt><trkpt lat="46.104647" lon="7.280935"><ele>2680.2</ele><time>2026-03-13T15:20:05Z</time></trkpt><trkpt lat="46.104627" lon="7.28088"><ele>2683.0</ele><time>2026-03-13T15:20:06Z</time></trkpt><trkpt lat="46.10461" lon="7.280822"><ele>2685.8</ele><time>2026-03-13T15:20:07Z</time></trkpt><trkpt lat="46.10459" lon="7.28077"><ele>2688.8</ele><time>2026-03-13T15:20:08Z</time></trkpt><trkpt lat="46.104597" lon="7.280717"><ele>2692.0</ele><time>2026-03-13T15:20:09Z</time></trkpt><trkpt lat="46.104582" lon="7.280657"><ele>2695.2</ele><time>2026-03-13T15:20:10Z</time></trkpt><trkpt lat="46.104555" lon="7.280592"><ele>2698.4</ele><time>2026-03-13T15:20:11Z</time></trkpt><trkpt lat="46.10453" lon="7.28053"><ele>2701.6</ele><time>2026-03-13T15:20:12Z</time></trkpt><trkpt lat="46.10451" lon="7.280475"><ele>2704.8</ele><time>2026-03-13T15:20:13Z</time></trkpt><trkpt lat="46.104485" lon="7.280417"><ele>2707.8</ele><time>2026-03-13T15:20:14Z</time></trkpt><trkpt lat="46.104457" lon="7.280352"><ele>2710.8</ele><time>2026-03-13T15:20:15Z</time></trkpt><trkpt lat="46.104432" lon="7.280292"><ele>2713.6</ele><time>2026-03-13T15:20:16Z</time></trkpt><trkpt lat="46.104407" lon="7.280235"><ele>2716.4</ele><time>2026-03-13T15:20:17Z</time></trkpt><trkpt lat="46.104382" lon="7.280175"><ele>2719.4</ele><time>2026-03-13T15:20:18Z</time></trkpt><trkpt lat="46.104357" lon="7.280112"><ele>2722.2</ele><time>2026-03-13T15:20:19Z</time></trkpt><trkpt lat="46.104335" lon="7.280052"><ele>2724.8</ele><time>2026-03-13T15:20:20Z</time></trkpt><trkpt lat="46.104312" lon="7.279995"><ele>2727.6</ele><time>2026-03-13T15:20:21Z</time></trkpt><trkpt lat="46.104292" lon="7.279932"><ele>2730.6</ele><time>2026-03-13T15:20:22Z</time></trkpt><trkpt lat="46.10428" lon="7.279857"><ele>2733.4</ele><time>2026-03-13T15:20:23Z</time></trkpt><trkpt lat="46.104257" lon="7.27979"><ele>2736.2</ele><time>2026-03-13T15:20:24Z</time></trkpt><trkpt lat="46.104232" lon="7.279725"><ele>2739.2</ele><time>2026-03-13T15:20:25Z</time></trkpt><trkpt lat="46.10421" lon="7.27966"><ele>2741.8</ele><time>2026-03-13T15:20:26Z</time></trkpt><trkpt lat="46.104182" lon="7.279588"><ele>2743.8</ele><time>2026-03-13T15:20:27Z</time></trkpt><trkpt lat="46.10416" lon="7.279522"><ele>2745.2</ele><time>2026-03-13T15:20:28Z</time></trkpt><trkpt lat="46.104142" lon="7.279455"><ele>2746.2</ele><time>2026-03-13T15:20:29Z</time></trkpt><trkpt lat="46.104117" lon="7.279397"><ele>2746.8</ele><time>2026-03-13T15:20:30Z</time></trkpt><trkpt lat="46.104097" lon="7.279347"><ele>2747.4</ele><time>2026-03-13T15:20:31Z</time></trkpt><trkpt lat="46.104082" lon="7.27932"><ele>2747.6</ele><time>2026-03-13T15:20:32Z</time></trkpt><trkpt lat="46.104072" lon="7.2793"><ele>2747.6</ele><time>2026-03-13T15:20:33Z</time></trkpt><trkpt lat="46.104062" lon="7.279275"><ele>2747.6</ele><time>2026-03-13T15:20:35Z</time></trkpt><trkpt lat="46.104072" lon="7.279252"><ele>2747.2</ele><time>2026-03-13T15:20:38Z</time></trkpt><trkpt lat="46.10408" lon="7.279227"><ele>2747.4</ele><time>2026-03-13T15:20:56Z</time></trkpt><trkpt lat="46.104067" lon="7.279247"><ele>2747.6</ele><time>2026-03-13T15:21:07Z</time></trkpt><trkpt lat="46.104047" lon="7.279255"><ele>2747.6</ele><time>2026-03-13T15:21:10Z</time></trkpt><trkpt lat="46.104022" lon="7.279257"><ele>2747.6</ele><time>2026-03-13T15:21:13Z</time></trkpt><trkpt lat="46.104002" lon="7.279252"><ele>2747.6</ele><time>2026-03-13T15:21:15Z</time></trkpt><trkpt lat="46.103977" lon="7.279247"><ele>2747.8</ele><time>2026-03-13T15:21:18Z</time></trkpt><trkpt lat="46.103957" lon="7.279245"><ele>2747.8</ele><time>2026-03-13T15:21:20Z</time></trkpt><trkpt lat="46.103932" lon="7.279252"><ele>2747.8</ele><time>2026-03-13T15:21:22Z</time></trkpt><trkpt lat="46.103907" lon="7.279245"><ele>2747.8</ele><time>2026-03-13T15:21:25Z</time></trkpt><trkpt lat="46.103885" lon="7.279247"><ele>2747.8</ele><time>2026-03-13T15:21:27Z</time></trkpt><trkpt lat="46.103855" lon="7.279255"><ele>2747.8</ele><time>2026-03-13T15:21:30Z</time></trkpt><trkpt lat="46.103812" lon="7.279257"><ele>2747.8</ele><time>2026-03-13T15:21:33Z</time></trkpt><trkpt lat="46.103745" lon="7.279272"><ele>2748.2</ele><time>2026-03-13T15:21:40Z</time></trkpt><trkpt lat="46.10373" lon="7.279287"><ele>2747.8</ele><time>2026-03-13T15:21:44Z</time></trkpt><trkpt lat="46.10372" lon="7.279312"><ele>2747.8</ele><time>2026-03-13T15:21:51Z</time></trkpt><trkpt lat="46.103692" lon="7.279322"><ele>2747.8</ele><time>2026-03-13T15:22:29Z</time></trkpt><trkpt lat="46.103672" lon="7.279322"><ele>2747.8</ele><time>2026-03-13T15:22:30Z</time></trkpt><trkpt lat="46.103647" lon="7.279322"><ele>2747.8</ele><time>2026-03-13T15:22:31Z</time></trkpt><trkpt lat="46.103622" lon="7.279322"><ele>2747.6</ele><time>2026-03-13T15:22:32Z</time></trkpt><trkpt lat="46.103597" lon="7.279312"><ele>2747.6</ele><time>2026-03-13T15:22:33Z</time></trkpt><trkpt lat="46.10358" lon="7.279302"><ele>2747.8</ele><time>2026-03-13T15:22:34Z</time></trkpt><trkpt lat="46.103565" lon="7.279287"><ele>2747.8</ele><time>2026-03-13T15:22:35Z</time></trkpt><trkpt lat="46.103547" lon="7.279277"><ele>2748.0</ele><time>2026-03-13T15:22:36Z</time></trkpt><trkpt lat="46.103517" lon="7.279245"><ele>2748.2</ele><time>2026-03-13T15:22:38Z</time></trkpt><trkpt lat="46.103507" lon="7.279225"><ele>2748.2</ele><time>2026-03-13T15:22:39Z</time></trkpt><trkpt lat="46.103492" lon="7.27921"><ele>2748.4</ele><time>2026-03-13T15:22:40Z</time></trkpt><trkpt lat="46.103478" lon="7.27919"><ele>2748.6</ele><time>2026-03-13T15:22:41Z</time></trkpt><trkpt lat="46.103452" lon="7.279157"><ele>2748.8</ele><time>2026-03-13T15:22:43Z</time></trkpt><trkpt lat="46.103425" lon="7.279127"><ele>2749.0</ele><time>2026-03-13T15:22:45Z</time></trkpt><trkpt lat="46.103407" lon="7.27911"><ele>2749.0</ele><time>2026-03-13T15:22:47Z</time></trkpt><trkpt lat="46.103382" lon="7.279087"><ele>2749.2</ele><time>2026-03-13T15:22:50Z</time></trkpt><trkpt lat="46.10336" lon="7.279067"><ele>2749.2</ele><time>2026-03-13T15:22:52Z</time></trkpt><trkpt lat="46.103342" lon="7.279048"><ele>2749.2</ele><time>2026-03-13T15:22:53Z</time></trkpt><trkpt lat="46.103327" lon="7.279032"><ele>2749.2</ele><time>2026-03-13T15:22:54Z</time></trkpt><trkpt lat="46.1033" lon="7.279007"><ele>2749.4</ele><time>2026-03-13T15:22:56Z</time></trkpt><trkpt lat="46.103282" lon="7.278992"><ele>2749.4</ele><time>2026-03-13T15:22:57Z</time></trkpt><trkpt lat="46.103265" lon="7.278977"><ele>2749.4</ele><time>2026-03-13T15:22:58Z</time></trkpt><trkpt lat="46.103247" lon="7.278965"><ele>2749.4</ele><time>2026-03-13T15:22:59Z</time></trkpt><trkpt lat="46.103227" lon="7.278952"><ele>2749.4</ele><time>2026-03-13T15:23:00Z</time></trkpt><trkpt lat="46.103205" lon="7.278935"><ele>2749.4</ele><time>2026-03-13T15:23:01Z</time></trkpt><trkpt lat="46.10318" lon="7.278925"><ele>2749.4</ele><time>2026-03-13T15:23:02Z</time></trkpt><trkpt lat="46.103147" lon="7.278912"><ele>2749.4</ele><time>2026-03-13T15:23:03Z</time></trkpt><trkpt lat="46.103115" lon="7.278902"><ele>2749.4</ele><time>2026-03-13T15:23:04Z</time></trkpt><trkpt lat="46.103087" lon="7.278887"><ele>2749.4</ele><time>2026-03-13T15:23:05Z</time></trkpt><trkpt lat="46.10306" lon="7.278875"><ele>2749.4</ele><time>2026-03-13T15:23:06Z</time></trkpt><trkpt lat="46.103027" lon="7.278862"><ele>2749.4</ele><time>2026-03-13T15:23:07Z</time></trkpt><trkpt lat="46.102975" lon="7.27884"><ele>2749.2</ele><time>2026-03-13T15:23:09Z</time></trkpt><trkpt lat="46.102955" lon="7.278835"><ele>2748.8</ele><time>2026-03-13T15:23:10Z</time></trkpt><trkpt lat="46.102932" lon="7.278827"><ele>2748.6</ele><time>2026-03-13T15:23:11Z</time></trkpt><trkpt lat="46.1029" lon="7.278807"><ele>2748.4</ele><time>2026-03-13T15:23:13Z</time></trkpt><trkpt lat="46.102872" lon="7.278787"><ele>2748.2</ele><time>2026-03-13T15:23:15Z</time></trkpt><trkpt lat="46.10285" lon="7.278775"><ele>2748.2</ele><time>2026-03-13T15:23:17Z</time></trkpt><trkpt lat="46.102827" lon="7.278752"><ele>2748.2</ele><time>2026-03-13T15:23:19Z</time></trkpt><trkpt lat="46.102797" lon="7.278732"><ele>2748.2</ele><time>2026-03-13T15:23:21Z</time></trkpt><trkpt lat="46.102772" lon="7.278712"><ele>2748.2</ele><time>2026-03-13T15:23:22Z</time></trkpt><trkpt lat="46.102742" lon="7.278685"><ele>2748.0</ele><time>2026-03-13T15:23:23Z</time></trkpt><trkpt lat="46.1027" lon="7.278642"><ele>2747.6</ele><time>2026-03-13T15:23:24Z</time></trkpt><trkpt lat="46.102655" lon="7.278595"><ele>2747.0</ele><time>2026-03-13T15:23:25Z</time></trkpt><trkpt lat="46.102602" lon="7.278577"><ele>2746.8</ele><time>2026-03-13T15:23:26Z</time></trkpt><trkpt lat="46.10255" lon="7.278585"><ele>2746.6</ele><time>2026-03-13T15:23:27Z</time></trkpt><trkpt lat="46.102482" lon="7.278577"><ele>2746.4</ele><time>2026-03-13T15:23:28Z</time></trkpt><trkpt lat="46.102423" lon="7.278537"><ele>2746.0</ele><time>2026-03-13T15:23:29Z</time></trkpt><trkpt lat="46.102355" lon="7.278542"><ele>2745.2</ele><time>2026-03-13T15:23:30Z</time></trkpt><trkpt lat="46.102282" lon="7.27853"><ele>2743.8</ele><time>2026-03-13T15:23:31Z</time></trkpt><trkpt lat="46.102215" lon="7.278502"><ele>2742.6</ele><time>2026-03-13T15:23:32Z</time></trkpt><trkpt lat="46.102137" lon="7.2785"><ele>2741.0</ele><time>2026-03-13T15:23:33Z</time></trkpt><trkpt lat="46.102067" lon="7.27846"><ele>2739.2</ele><time>2026-03-13T15:23:34Z</time></trkpt><trkpt lat="46.102002" lon="7.278417"><ele>2738.0</ele><time>2026-03-13T15:23:35Z</time></trkpt><trkpt lat="46.101922" lon="7.278392"><ele>2736.2</ele><time>2026-03-13T15:23:36Z</time></trkpt><trkpt lat="46.101837" lon="7.278337"><ele>2734.6</ele><time>2026-03-13T15:23:37Z</time></trkpt><trkpt lat="46.101767" lon="7.27824"><ele>2733.6</ele><time>2026-03-13T15:23:38Z</time></trkpt><trkpt lat="46.101705" lon="7.278122"><ele>2732.2</ele><time>2026-03-13T15:23:39Z</time></trkpt><trkpt lat="46.10167" lon="7.277982"><ele>2730.6</ele><time>2026-03-13T15:23:40Z</time></trkpt><trkpt lat="46.101652" lon="7.277835"><ele>2728.8</ele><time>2026-03-13T15:23:41Z</time></trkpt><trkpt lat="46.101667" lon="7.277682"><ele>2727.0</ele><time>2026-03-13T15:23:42Z</time></trkpt><trkpt lat="46.101687" lon="7.277532"><ele>2725.2</ele><time>2026-03-13T15:23:43Z</time></trkpt><trkpt lat="46.101677" lon="7.277382"><ele>2723.6</ele><time>2026-03-13T15:23:44Z</time></trkpt><trkpt lat="46.10167" lon="7.277237"><ele>2722.0</ele><time>2026-03-13T15:23:45Z</time></trkpt><trkpt lat="46.101697" lon="7.277117"><ele>2720.2</ele><time>2026-03-13T15:23:46Z</time></trkpt><trkpt lat="46.101722" lon="7.276987"><ele>2718.2</ele><time>2026-03-13T15:23:47Z</time></trkpt><trkpt lat="46.101722" lon="7.276847"><ele>2715.6</ele><time>2026-03-13T15:23:48Z</time></trkpt><trkpt lat="46.101705" lon="7.276692"><ele>2714.2</ele><time>2026-03-13T15:23:49Z</time></trkpt><trkpt lat="46.101695" lon="7.276527"><ele>2713.2</ele><time>2026-03-13T15:23:50Z</time></trkpt><trkpt lat="46.101702" lon="7.276352"><ele>2712.4</ele><time>2026-03-13T15:23:51Z</time></trkpt><trkpt lat="46.101682" lon="7.276167"><ele>2710.8</ele><time>2026-03-13T15:23:52Z</time></trkpt><trkpt lat="46.101645" lon="7.275992"><ele>2709.0</ele><time>2026-03-13T15:23:53Z</time></trkpt><trkpt lat="46.10162" lon="7.27583"><ele>2707.2</ele><time>2026-03-13T15:23:54Z</time></trkpt><trkpt lat="46.101585" lon="7.275672"><ele>2705.4</ele><time>2026-03-13T15:23:55Z</time></trkpt><trkpt lat="46.101515" lon="7.275537"><ele>2703.2</ele><time>2026-03-13T15:23:56Z</time></trkpt><trkpt lat="46.101437" lon="7.275412"><ele>2700.8</ele><time>2026-03-13T15:23:57Z</time></trkpt><trkpt lat="46.101372" lon="7.275277"><ele>2699.2</ele><time>2026-03-13T15:23:58Z</time></trkpt><trkpt lat="46.101312" lon="7.275142"><ele>2697.4</ele><time>2026-03-13T15:23:59Z</time></trkpt><trkpt lat="46.101232" lon="7.275025"><ele>2696.0</ele><time>2026-03-13T15:24:00Z</time></trkpt><trkpt lat="46.101157" lon="7.274902"><ele>2694.2</ele><time>2026-03-13T15:24:01Z</time></trkpt><trkpt lat="46.101092" lon="7.274762"><ele>2692.8</ele><time>2026-03-13T15:24:02Z</time></trkpt><trkpt lat="46.101015" lon="7.274627"><ele>2691.4</ele><time>2026-03-13T15:24:03Z</time></trkpt><trkpt lat="46.10094" lon="7.27449"><ele>2689.6</ele><time>2026-03-13T15:24:04Z</time></trkpt><trkpt lat="46.10088" lon="7.274335"><ele>2687.8</ele><time>2026-03-13T15:24:05Z</time></trkpt><trkpt lat="46.100842" lon="7.274157"><ele>2686.0</ele><time>2026-03-13T15:24:06Z</time></trkpt><trkpt lat="46.100852" lon="7.273972"><ele>2683.8</ele><time>2026-03-13T15:24:07Z</time></trkpt><trkpt lat="46.100877" lon="7.273802"><ele>2680.6</ele><time>2026-03-13T15:24:08Z</time></trkpt><trkpt lat="46.100912" lon="7.273607"><ele>2676.8</ele><time>2026-03-13T15:24:09Z</time></trkpt><trkpt lat="46.100962" lon="7.273385"><ele>2673.0</ele><time>2026-03-13T15:24:10Z</time></trkpt><trkpt lat="46.101045" lon="7.273192"><ele>2670.0</ele><time>2026-03-13T15:24:11Z</time></trkpt><trkpt lat="46.101155" lon="7.273055"><ele>2667.8</ele><time>2026-03-13T15:24:12Z</time></trkpt><trkpt lat="46.101275" lon="7.272965"><ele>2665.0</ele><time>2026-03-13T15:24:13Z</time></trkpt><trkpt lat="46.101392" lon="7.2729"><ele>2661.0</ele><time>2026-03-13T15:24:14Z</time></trkpt><trkpt lat="46.10152" lon="7.272877"><ele>2658.0</ele><time>2026-03-13T15:24:15Z</time></trkpt><trkpt lat="46.101632" lon="7.272822"><ele>2655.4</ele><time>2026-03-13T15:24:16Z</time></trkpt><trkpt lat="46.101732" lon="7.272742"><ele>2653.4</ele><time>2026-03-13T15:24:17Z</time></trkpt><trkpt lat="46.101837" lon="7.272672"><ele>2651.4</ele><time>2026-03-13T15:24:18Z</time></trkpt><trkpt lat="46.101955" lon="7.272652"><ele>2649.6</ele><time>2026-03-13T15:24:19Z</time></trkpt><trkpt lat="46.102072" lon="7.272605"><ele>2647.6</ele><time>2026-03-13T15:24:20Z</time></trkpt><trkpt lat="46.102172" lon="7.272512"><ele>2645.0</ele><time>2026-03-13T15:24:21Z</time></trkpt><trkpt lat="46.102257" lon="7.272412"><ele>2643.0</ele><time>2026-03-13T15:24:22Z</time></trkpt><trkpt lat="46.102337" lon="7.27229"><ele>2641.0</ele><time>2026-03-13T15:24:23Z</time></trkpt><trkpt lat="46.102422" lon="7.272215"><ele>2639.4</ele><time>2026-03-13T15:24:24Z</time></trkpt><trkpt lat="46.102502" lon="7.272147"><ele>2637.6</ele><time>2026-03-13T15:24:25Z</time></trkpt><trkpt lat="46.102567" lon="7.272058"><ele>2635.6</ele><time>2026-03-13T15:24:26Z</time></trkpt><trkpt lat="46.102612" lon="7.271947"><ele>2634.4</ele><time>2026-03-13T15:24:27Z</time></trkpt><trkpt lat="46.10263" lon="7.271817"><ele>2633.6</ele><time>2026-03-13T15:24:28Z</time></trkpt><trkpt lat="46.102627" lon="7.271685"><ele>2633.0</ele><time>2026-03-13T15:24:29Z</time></trkpt><trkpt lat="46.102617" lon="7.271532"><ele>2632.4</ele><time>2026-03-13T15:24:30Z</time></trkpt><trkpt lat="46.102642" lon="7.271382"><ele>2631.2</ele><time>2026-03-13T15:24:31Z</time></trkpt><trkpt lat="46.102675" lon="7.271237"><ele>2629.0</ele><time>2026-03-13T15:24:32Z</time></trkpt><trkpt lat="46.102662" lon="7.271073"><ele>2626.2</ele><time>2026-03-13T15:24:33Z</time></trkpt><trkpt lat="46.102622" lon="7.270917"><ele>2624.0</ele><time>2026-03-13T15:24:34Z</time></trkpt><trkpt lat="46.10261" lon="7.27077"><ele>2623.0</ele><time>2026-03-13T15:24:35Z</time></trkpt><trkpt lat="46.102625" lon="7.270632"><ele>2621.6</ele><time>2026-03-13T15:24:36Z</time></trkpt><trkpt lat="46.10263" lon="7.270497"><ele>2619.8</ele><time>2026-03-13T15:24:37Z</time></trkpt><trkpt lat="46.102607" lon="7.27037"><ele>2617.8</ele><time>2026-03-13T15:24:38Z</time></trkpt><trkpt lat="46.102567" lon="7.270242"><ele>2616.0</ele><time>2026-03-13T15:24:39Z</time></trkpt><trkpt lat="46.102542" lon="7.270102"><ele>2614.6</ele><time>2026-03-13T15:24:40Z</time></trkpt><trkpt lat="46.102552" lon="7.269972"><ele>2613.6</ele><time>2026-03-13T15:24:41Z</time></trkpt><trkpt lat="46.102585" lon="7.26985"><ele>2611.8</ele><time>2026-03-13T15:24:42Z</time></trkpt><trkpt lat="46.1026" lon="7.269707"><ele>2609.8</ele><time>2026-03-13T15:24:43Z</time></trkpt><trkpt lat="46.102637" lon="7.269565"><ele>2607.8</ele><time>2026-03-13T15:24:44Z</time></trkpt><trkpt lat="46.102717" lon="7.269465"><ele>2605.8</ele><time>2026-03-13T15:24:45Z</time></trkpt><trkpt lat="46.102782" lon="7.269342"><ele>2603.2</ele><time>2026-03-13T15:24:46Z</time></trkpt><trkpt lat="46.102817" lon="7.269227"><ele>2600.4</ele><time>2026-03-13T15:24:47Z</time></trkpt><trkpt lat="46.102827" lon="7.269145"><ele>2598.4</ele><time>2026-03-13T15:24:48Z</time></trkpt><trkpt lat="46.102827" lon="7.269077"><ele>2596.6</ele><time>2026-03-13T15:24:49Z</time></trkpt><trkpt lat="46.102825" lon="7.269055"><ele>2594.4</ele><time>2026-03-13T15:24:50Z</time></trkpt><trkpt lat="46.10283" lon="7.269057"><ele>2592.4</ele><time>2026-03-13T15:24:51Z</time></trkpt><trkpt lat="46.102837" lon="7.269067"><ele>2589.4</ele><time>2026-03-13T15:24:53Z</time></trkpt><trkpt lat="46.102835" lon="7.26907"><ele>2585.4</ele><time>2026-03-13T15:25:08Z</time></trkpt><trkpt lat="46.10286" lon="7.269037"><ele>2585.4</ele><time>2026-03-13T15:25:12Z</time></trkpt><trkpt lat="46.10289" lon="7.269008"><ele>2585.6</ele><time>2026-03-13T15:25:14Z</time></trkpt><trkpt lat="46.102922" lon="7.268995"><ele>2585.4</ele><time>2026-03-13T15:25:15Z</time></trkpt><trkpt lat="46.102962" lon="7.268962"><ele>2585.4</ele><time>2026-03-13T15:25:16Z</time></trkpt><trkpt lat="46.103007" lon="7.26892"><ele>2585.2</ele><time>2026-03-13T15:25:17Z</time></trkpt><trkpt lat="46.10307" lon="7.268907"><ele>2585.0</ele><time>2026-03-13T15:25:18Z</time></trkpt><trkpt lat="46.103122" lon="7.268942"><ele>2584.4</ele><time>2026-03-13T15:25:19Z</time></trkpt><trkpt lat="46.103177" lon="7.268972"><ele>2584.0</ele><time>2026-03-13T15:25:20Z</time></trkpt><trkpt lat="46.103242" lon="7.268942"><ele>2583.6</ele><time>2026-03-13T15:25:21Z</time></trkpt><trkpt lat="46.103312" lon="7.268912"><ele>2582.8</ele><time>2026-03-13T15:25:22Z</time></trkpt><trkpt lat="46.103375" lon="7.268957"><ele>2582.0</ele><time>2026-03-13T15:25:23Z</time></trkpt><trkpt lat="46.103435" lon="7.269022"><ele>2580.8</ele><time>2026-03-13T15:25:24Z</time></trkpt><trkpt lat="46.103497" lon="7.269067"><ele>2579.4</ele><time>2026-03-13T15:25:25Z</time></trkpt><trkpt lat="46.103572" lon="7.269067"><ele>2577.8</ele><time>2026-03-13T15:25:26Z</time></trkpt><trkpt lat="46.103647" lon="7.269107"><ele>2576.6</ele><time>2026-03-13T15:25:27Z</time></trkpt><trkpt lat="46.10372" lon="7.269185"><ele>2575.4</ele><time>2026-03-13T15:25:28Z</time></trkpt><trkpt lat="46.103777" lon="7.26929"><ele>2574.0</ele><time>2026-03-13T15:25:29Z</time></trkpt><trkpt lat="46.10385" lon="7.26937"><ele>2572.4</ele><time>2026-03-13T15:25:30Z</time></trkpt><trkpt lat="46.103937" lon="7.269442"><ele>2570.4</ele><time>2026-03-13T15:25:31Z</time></trkpt><trkpt lat="46.104013" lon="7.269537"><ele>2568.6</ele><time>2026-03-13T15:25:32Z</time></trkpt><trkpt lat="46.104097" lon="7.269595"><ele>2566.8</ele><time>2026-03-13T15:25:33Z</time></trkpt><trkpt lat="46.104175" lon="7.269602"><ele>2564.8</ele><time>2026-03-13T15:25:34Z</time></trkpt><trkpt lat="46.104238" lon="7.2696"><ele>2563.2</ele><time>2026-03-13T15:25:35Z</time></trkpt><trkpt lat="46.10429" lon="7.269592"><ele>2561.8</ele><time>2026-03-13T15:25:36Z</time></trkpt><trkpt lat="46.104335" lon="7.269587"><ele>2560.2</ele><time>2026-03-13T15:25:37Z</time></trkpt><trkpt lat="46.10437" lon="7.26959"><ele>2559.0</ele><time>2026-03-13T15:25:38Z</time></trkpt><trkpt lat="46.104402" lon="7.269597"><ele>2558.0</ele><time>2026-03-13T15:25:39Z</time></trkpt><trkpt lat="46.104425" lon="7.269602"><ele>2557.2</ele><time>2026-03-13T15:25:40Z</time></trkpt><trkpt lat="46.104445" lon="7.269607"><ele>2556.0</ele><time>2026-03-13T15:25:43Z</time></trkpt><trkpt lat="46.10445" lon="7.26958"><ele>2555.6</ele><time>2026-03-13T15:25:45Z</time></trkpt><trkpt lat="46.104442" lon="7.26953"><ele>2555.4</ele><time>2026-03-13T15:25:47Z</time></trkpt><trkpt lat="46.104432" lon="7.269482"><ele>2555.4</ele><time>2026-03-13T15:25:49Z</time></trkpt><trkpt lat="46.104417" lon="7.269442"><ele>2555.2</ele><time>2026-03-13T15:25:51Z</time></trkpt><trkpt lat="46.1044" lon="7.269422"><ele>2555.2</ele><time>2026-03-13T15:25:54Z</time></trkpt><trkpt lat="46.104377" lon="7.269427"><ele>2555.4</ele><time>2026-03-13T15:26:01Z</time></trkpt><trkpt lat="46.104357" lon="7.269427"><ele>2555.4</ele><time>2026-03-13T15:26:04Z</time></trkpt><trkpt lat="46.104332" lon="7.269432"><ele>2555.2</ele><time>2026-03-13T15:26:12Z</time></trkpt><trkpt lat="46.1043" lon="7.269432"><ele>2555.0</ele><time>2026-03-13T15:26:14Z</time></trkpt><trkpt lat="46.10427" lon="7.269432"><ele>2554.8</ele><time>2026-03-13T15:26:15Z</time></trkpt><trkpt lat="46.104232" lon="7.26943"><ele>2554.8</ele><time>2026-03-13T15:26:16Z</time></trkpt><trkpt lat="46.104207" lon="7.26943"><ele>2554.6</ele><time>2026-03-13T15:26:17Z</time></trkpt><trkpt lat="46.104172" lon="7.269427"><ele>2554.6</ele><time>2026-03-13T15:26:18Z</time></trkpt><trkpt lat="46.104137" lon="7.26943"><ele>2554.4</ele><time>2026-03-13T15:26:19Z</time></trkpt><trkpt lat="46.104105" lon="7.269427"><ele>2554.4</ele><time>2026-03-13T15:26:20Z</time></trkpt><trkpt lat="46.104072" lon="7.269425"><ele>2554.4</ele><time>2026-03-13T15:26:21Z</time></trkpt><trkpt lat="46.104035" lon="7.269422"><ele>2554.6</ele><time>2026-03-13T15:26:22Z</time></trkpt><trkpt lat="46.104002" lon="7.269417"><ele>2555.2</ele><time>2026-03-13T15:26:23Z</time></trkpt><trkpt lat="46.10397" lon="7.269415"><ele>2555.8</ele><time>2026-03-13T15:26:24Z</time></trkpt><trkpt lat="46.103935" lon="7.269412"><ele>2556.4</ele><time>2026-03-13T15:26:25Z</time></trkpt><trkpt lat="46.103902" lon="7.269407"><ele>2557.0</ele><time>2026-03-13T15:26:26Z</time></trkpt><trkpt lat="46.103872" lon="7.269402"><ele>2557.8</ele><time>2026-03-13T15:26:27Z</time></trkpt><trkpt lat="46.103842" lon="7.269397"><ele>2558.6</ele><time>2026-03-13T15:26:28Z</time></trkpt><trkpt lat="46.103812" lon="7.269392"><ele>2559.4</ele><time>2026-03-13T15:26:29Z</time></trkpt><trkpt lat="46.103782" lon="7.269387"><ele>2560.4</ele><time>2026-03-13T15:26:30Z</time></trkpt><trkpt lat="46.103752" lon="7.269382"><ele>2561.2</ele><time>2026-03-13T15:26:31Z</time></trkpt><trkpt lat="46.10372" lon="7.26938"><ele>2562.2</ele><time>2026-03-13T15:26:32Z</time></trkpt><trkpt lat="46.103687" lon="7.269377"><ele>2563.2</ele><time>2026-03-13T15:26:33Z</time></trkpt><trkpt lat="46.103657" lon="7.269372"><ele>2564.2</ele><time>2026-03-13T15:26:34Z</time></trkpt><trkpt lat="46.103627" lon="7.26937"><ele>2565.0</ele><time>2026-03-13T15:26:35Z</time></trkpt><trkpt lat="46.103597" lon="7.269367"><ele>2566.0</ele><time>2026-03-13T15:26:36Z</time></trkpt><trkpt lat="46.103565" lon="7.269365"><ele>2567.0</ele><time>2026-03-13T15:26:37Z</time></trkpt><trkpt lat="46.103532" lon="7.269362"><ele>2568.0</ele><time>2026-03-13T15:26:38Z</time></trkpt><trkpt lat="46.103502" lon="7.26936"><ele>2569.0</ele><time>2026-03-13T15:26:39Z</time></trkpt><trkpt lat="46.10347" lon="7.269357"><ele>2570.2</ele><time>2026-03-13T15:26:40Z</time></trkpt><trkpt lat="46.103442" lon="7.269357"><ele>2571.2</ele><time>2026-03-13T15:26:41Z</time></trkpt><trkpt lat="46.103412" lon="7.269357"><ele>2572.4</ele><time>2026-03-13T15:26:42Z</time></trkpt><trkpt lat="46.103382" lon="7.269355"><ele>2573.4</ele><time>2026-03-13T15:26:43Z</time></trkpt><trkpt lat="46.103352" lon="7.269352"><ele>2574.6</ele><time>2026-03-13T15:26:44Z</time></trkpt><trkpt lat="46.103322" lon="7.269352"><ele>2575.8</ele><time>2026-03-13T15:26:45Z</time></trkpt><trkpt lat="46.103292" lon="7.269352"><ele>2577.0</ele><time>2026-03-13T15:26:46Z</time></trkpt><trkpt lat="46.103262" lon="7.269347"><ele>2578.2</ele><time>2026-03-13T15:26:47Z</time></trkpt><trkpt lat="46.103232" lon="7.269342"><ele>2579.4</ele><time>2026-03-13T15:26:48Z</time></trkpt><trkpt lat="46.103202" lon="7.269337"><ele>2580.6</ele><time>2026-03-13T15:26:49Z</time></trkpt><trkpt lat="46.103172" lon="7.269337"><ele>2581.8</ele><time>2026-03-13T15:26:50Z</time></trkpt><trkpt lat="46.103142" lon="7.269337"><ele>2582.8</ele><time>2026-03-13T15:26:51Z</time></trkpt><trkpt lat="46.10311" lon="7.269335"><ele>2584.0</ele><time>2026-03-13T15:26:52Z</time></trkpt><trkpt lat="46.103082" lon="7.269332"><ele>2584.8</ele><time>2026-03-13T15:26:53Z</time></trkpt><trkpt lat="46.10305" lon="7.269332"><ele>2585.6</ele><time>2026-03-13T15:26:54Z</time></trkpt><trkpt lat="46.103017" lon="7.26933"><ele>2586.4</ele><time>2026-03-13T15:26:55Z</time></trkpt><trkpt lat="46.102987" lon="7.269327"><ele>2587.0</ele><time>2026-03-13T15:26:56Z</time></trkpt><trkpt lat="46.102957" lon="7.269325"><ele>2587.8</ele><time>2026-03-13T15:26:57Z</time></trkpt><trkpt lat="46.102927" lon="7.269322"><ele>2588.6</ele><time>2026-03-13T15:26:58Z</time></trkpt><trkpt lat="46.102897" lon="7.269322"><ele>2589.2</ele><time>2026-03-13T15:26:59Z</time></trkpt><trkpt lat="46.102867" lon="7.269322"><ele>2590.0</ele><time>2026-03-13T15:27:00Z</time></trkpt><trkpt lat="46.102835" lon="7.26932"><ele>2590.6</ele><time>2026-03-13T15:27:01Z</time></trkpt><trkpt lat="46.102803" lon="7.269317"><ele>2591.4</ele><time>2026-03-13T15:27:02Z</time></trkpt><trkpt lat="46.102775" lon="7.269312"><ele>2592.0</ele><time>2026-03-13T15:27:03Z</time></trkpt><trkpt lat="46.102745" lon="7.269312"><ele>2592.8</ele><time>2026-03-13T15:27:04Z</time></trkpt><trkpt lat="46.102717" lon="7.269307"><ele>2593.8</ele><time>2026-03-13T15:27:05Z</time></trkpt><trkpt lat="46.102687" lon="7.269305"><ele>2594.6</ele><time>2026-03-13T15:27:06Z</time></trkpt><trkpt lat="46.102657" lon="7.269302"><ele>2595.4</ele><time>2026-03-13T15:27:07Z</time></trkpt><trkpt lat="46.102625" lon="7.2693"><ele>2596.2</ele><time>2026-03-13T15:27:08Z</time></trkpt><trkpt lat="46.102597" lon="7.269297"><ele>2597.0</ele><time>2026-03-13T15:27:09Z</time></trkpt><trkpt lat="46.102563" lon="7.269292"><ele>2597.8</ele><time>2026-03-13T15:27:10Z</time></trkpt><trkpt lat="46.102532" lon="7.269292"><ele>2598.6</ele><time>2026-03-13T15:27:11Z</time></trkpt><trkpt lat="46.102502" lon="7.269287"><ele>2599.6</ele><time>2026-03-13T15:27:12Z</time></trkpt><trkpt lat="46.102472" lon="7.269287"><ele>2600.4</ele><time>2026-03-13T15:27:13Z</time></trkpt><trkpt lat="46.10244" lon="7.269287"><ele>2601.4</ele><time>2026-03-13T15:27:14Z</time></trkpt><trkpt lat="46.10241" lon="7.269287"><ele>2602.2</ele><time>2026-03-13T15:27:15Z</time></trkpt><trkpt lat="46.10238" lon="7.269285"><ele>2603.0</ele><time>2026-03-13T15:27:16Z</time></trkpt><trkpt lat="46.10235" lon="7.269282"><ele>2603.8</ele><time>2026-03-13T15:27:17Z</time></trkpt><trkpt lat="46.102317" lon="7.269282"><ele>2604.8</ele><time>2026-03-13T15:27:18Z</time></trkpt><trkpt lat="46.102287" lon="7.26928"><ele>2606.0</ele><time>2026-03-13T15:27:19Z</time></trkpt><trkpt lat="46.102257" lon="7.269275"><ele>2607.0</ele><time>2026-03-13T15:27:20Z</time></trkpt><trkpt lat="46.102227" lon="7.269272"><ele>2607.8</ele><time>2026-03-13T15:27:21Z</time></trkpt><trkpt lat="46.1022" lon="7.26927"><ele>2608.8</ele><time>2026-03-13T15:27:22Z</time></trkpt><trkpt lat="46.10217" lon="7.269267"><ele>2609.8</ele><time>2026-03-13T15:27:23Z</time></trkpt><trkpt lat="46.102142" lon="7.269265"><ele>2611.0</ele><time>2026-03-13T15:27:24Z</time></trkpt><trkpt lat="46.102112" lon="7.269262"><ele>2612.0</ele><time>2026-03-13T15:27:25Z</time></trkpt><trkpt lat="46.102082" lon="7.269262"><ele>2613.2</ele><time>2026-03-13T15:27:26Z</time></trkpt><trkpt lat="46.102052" lon="7.269257"><ele>2614.2</ele><time>2026-03-13T15:27:27Z</time></trkpt><trkpt lat="46.102022" lon="7.269257"><ele>2615.4</ele><time>2026-03-13T15:27:28Z</time></trkpt><trkpt lat="46.101992" lon="7.269255"><ele>2616.4</ele><time>2026-03-13T15:27:29Z</time></trkpt><trkpt lat="46.101965" lon="7.269252"><ele>2617.4</ele><time>2026-03-13T15:27:30Z</time></trkpt><trkpt lat="46.101935" lon="7.26925"><ele>2618.6</ele><time>2026-03-13T15:27:31Z</time></trkpt><trkpt lat="46.101905" lon="7.269247"><ele>2619.8</ele><time>2026-03-13T15:27:32Z</time></trkpt><trkpt lat="46.101877" lon="7.269245"><ele>2621.0</ele><time>2026-03-13T15:27:33Z</time></trkpt><trkpt lat="46.101847" lon="7.269242"><ele>2622.4</ele><time>2026-03-13T15:27:34Z</time></trkpt><trkpt lat="46.101817" lon="7.269237"><ele>2623.6</ele><time>2026-03-13T15:27:35Z</time></trkpt><trkpt lat="46.101787" lon="7.269235"><ele>2624.8</ele><time>2026-03-13T15:27:36Z</time></trkpt><trkpt lat="46.10176" lon="7.269232"><ele>2626.0</ele><time>2026-03-13T15:27:37Z</time></trkpt><trkpt lat="46.101732" lon="7.26923"><ele>2627.0</ele><time>2026-03-13T15:27:38Z</time></trkpt><trkpt lat="46.101702" lon="7.269227"><ele>2628.2</ele><time>2026-03-13T15:27:39Z</time></trkpt><trkpt lat="46.101675" lon="7.269227"><ele>2629.4</ele><time>2026-03-13T15:27:40Z</time></trkpt><trkpt lat="46.101645" lon="7.269225"><ele>2630.6</ele><time>2026-03-13T15:27:41Z</time></trkpt><trkpt lat="46.101617" lon="7.269222"><ele>2631.8</ele><time>2026-03-13T15:27:42Z</time></trkpt><trkpt lat="46.101587" lon="7.269217"><ele>2633.0</ele><time>2026-03-13T15:27:43Z</time></trkpt><trkpt lat="46.101557" lon="7.269215"><ele>2634.2</ele><time>2026-03-13T15:27:44Z</time></trkpt><trkpt lat="46.101527" lon="7.269212"><ele>2635.4</ele><time>2026-03-13T15:27:45Z</time></trkpt><trkpt lat="46.101497" lon="7.26921"><ele>2636.6</ele><time>2026-03-13T15:27:46Z</time></trkpt><trkpt lat="46.10147" lon="7.269207"><ele>2637.8</ele><time>2026-03-13T15:27:47Z</time></trkpt><trkpt lat="46.101442" lon="7.269205"><ele>2639.2</ele><time>2026-03-13T15:27:48Z</time></trkpt><trkpt lat="46.101412" lon="7.269202"><ele>2640.4</ele><time>2026-03-13T15:27:49Z</time></trkpt><trkpt lat="46.101382" lon="7.269197"><ele>2641.8</ele><time>2026-03-13T15:27:50Z</time></trkpt><trkpt lat="46.101357" lon="7.269195"><ele>2643.0</ele><time>2026-03-13T15:27:51Z</time></trkpt><trkpt lat="46.101327" lon="7.269192"><ele>2644.2</ele><time>2026-03-13T15:27:52Z</time></trkpt><trkpt lat="46.1013" lon="7.269187"><ele>2645.6</ele><time>2026-03-13T15:27:53Z</time></trkpt><trkpt lat="46.101272" lon="7.269185"><ele>2646.8</ele><time>2026-03-13T15:27:54Z</time></trkpt><trkpt lat="46.101245" lon="7.26918"><ele>2648.4</ele><time>2026-03-13T15:27:55Z</time></trkpt><trkpt lat="46.101217" lon="7.269175"><ele>2649.8</ele><time>2026-03-13T15:27:56Z</time></trkpt><trkpt lat="46.101187" lon="7.269172"><ele>2651.2</ele><time>2026-03-13T15:27:57Z</time></trkpt><trkpt lat="46.10116" lon="7.269167"><ele>2652.6</ele><time>2026-03-13T15:27:58Z</time></trkpt><trkpt lat="46.101128" lon="7.269165"><ele>2654.0</ele><time>2026-03-13T15:27:59Z</time></trkpt><trkpt lat="46.1011" lon="7.269162"><ele>2655.4</ele><time>2026-03-13T15:28:00Z</time></trkpt><trkpt lat="46.101072" lon="7.269162"><ele>2656.8</ele><time>2026-03-13T15:28:01Z</time></trkpt><trkpt lat="46.101045" lon="7.269157"><ele>2658.2</ele><time>2026-03-13T15:28:02Z</time></trkpt><trkpt lat="46.101015" lon="7.269157"><ele>2659.6</ele><time>2026-03-13T15:28:03Z</time></trkpt><trkpt lat="46.100987" lon="7.269155"><ele>2661.0</ele><time>2026-03-13T15:28:04Z</time></trkpt><trkpt lat="46.10096" lon="7.269152"><ele>2662.4</ele><time>2026-03-13T15:28:05Z</time></trkpt><trkpt lat="46.100932" lon="7.26915"><ele>2664.0</ele><time>2026-03-13T15:28:06Z</time></trkpt><trkpt lat="46.100902" lon="7.269147"><ele>2665.6</ele><time>2026-03-13T15:28:07Z</time></trkpt><trkpt lat="46.100872" lon="7.269147"><ele>2667.2</ele><time>2026-03-13T15:28:08Z</time></trkpt><trkpt lat="46.100842" lon="7.269142"><ele>2668.8</ele><time>2026-03-13T15:28:09Z</time></trkpt><trkpt lat="46.100812" lon="7.269142"><ele>2670.2</ele><time>2026-03-13T15:28:10Z</time></trkpt><trkpt lat="46.100782" lon="7.26914"><ele>2671.4</ele><time>2026-03-13T15:28:11Z</time></trkpt><trkpt lat="46.100752" lon="7.269137"><ele>2672.8</ele><time>2026-03-13T15:28:12Z</time></trkpt><trkpt lat="46.100722" lon="7.269132"><ele>2674.0</ele><time>2026-03-13T15:28:13Z</time></trkpt><trkpt lat="46.10069" lon="7.269132"><ele>2675.0</ele><time>2026-03-13T15:28:14Z</time></trkpt><trkpt lat="46.10066" lon="7.26913"><ele>2676.2</ele><time>2026-03-13T15:28:15Z</time></trkpt><trkpt lat="46.10063" lon="7.269127"><ele>2677.4</ele><time>2026-03-13T15:28:16Z</time></trkpt><trkpt lat="46.100602" lon="7.269127"><ele>2678.4</ele><time>2026-03-13T15:28:17Z</time></trkpt><trkpt lat="46.100572" lon="7.269122"><ele>2679.6</ele><time>2026-03-13T15:28:18Z</time></trkpt><trkpt lat="46.100542" lon="7.269122"><ele>2680.6</ele><time>2026-03-13T15:28:19Z</time></trkpt><trkpt lat="46.100512" lon="7.269117"><ele>2681.8</ele><time>2026-03-13T15:28:20Z</time></trkpt><trkpt lat="46.100485" lon="7.269115"><ele>2683.0</ele><time>2026-03-13T15:28:21Z</time></trkpt><trkpt lat="46.100453" lon="7.269112"><ele>2684.2</ele><time>2026-03-13T15:28:22Z</time></trkpt><trkpt lat="46.100425" lon="7.26911"><ele>2685.2</ele><time>2026-03-13T15:28:23Z</time></trkpt><trkpt lat="46.100395" lon="7.26911"><ele>2686.4</ele><time>2026-03-13T15:28:24Z</time></trkpt><trkpt lat="46.100367" lon="7.26911"><ele>2687.6</ele><time>2026-03-13T15:28:25Z</time></trkpt><trkpt lat="46.100337" lon="7.269107"><ele>2688.8</ele><time>2026-03-13T15:28:26Z</time></trkpt><trkpt lat="46.100307" lon="7.269107"><ele>2689.8</ele><time>2026-03-13T15:28:27Z</time></trkpt><trkpt lat="46.100277" lon="7.269107"><ele>2691.0</ele><time>2026-03-13T15:28:28Z</time></trkpt><trkpt lat="46.100247" lon="7.269107"><ele>2692.2</ele><time>2026-03-13T15:28:29Z</time></trkpt><trkpt lat="46.100217" lon="7.269107"><ele>2693.4</ele><time>2026-03-13T15:28:30Z</time></trkpt><trkpt lat="46.10019" lon="7.269107"><ele>2694.4</ele><time>2026-03-13T15:28:31Z</time></trkpt><trkpt lat="46.100162" lon="7.269107"><ele>2695.6</ele><time>2026-03-13T15:28:32Z</time></trkpt><trkpt lat="46.100135" lon="7.269103"><ele>2697.0</ele><time>2026-03-13T15:28:33Z</time></trkpt><trkpt lat="46.100107" lon="7.269102"><ele>2698.4</ele><time>2026-03-13T15:28:34Z</time></trkpt><trkpt lat="46.10008" lon="7.269102"><ele>2699.6</ele><time>2026-03-13T15:28:35Z</time></trkpt><trkpt lat="46.10005" lon="7.2691"><ele>2700.8</ele><time>2026-03-13T15:28:36Z</time></trkpt><trkpt lat="46.100022" lon="7.269097"><ele>2702.0</ele><time>2026-03-13T15:28:37Z</time></trkpt><trkpt lat="46.099992" lon="7.26909"><ele>2703.2</ele><time>2026-03-13T15:28:38Z</time></trkpt><trkpt lat="46.099962" lon="7.269087"><ele>2704.4</ele><time>2026-03-13T15:28:39Z</time></trkpt><trkpt lat="46.099932" lon="7.269085"><ele>2705.6</ele><time>2026-03-13T15:28:40Z</time></trkpt><trkpt lat="46.099905" lon="7.26908"><ele>2706.8</ele><time>2026-03-13T15:28:41Z</time></trkpt><trkpt lat="46.099877" lon="7.269077"><ele>2708.2</ele><time>2026-03-13T15:28:42Z</time></trkpt><trkpt lat="46.099847" lon="7.269075"><ele>2709.4</ele><time>2026-03-13T15:28:43Z</time></trkpt><trkpt lat="46.09982" lon="7.269072"><ele>2710.6</ele><time>2026-03-13T15:28:44Z</time></trkpt><trkpt lat="46.099792" lon="7.269072"><ele>2711.8</ele><time>2026-03-13T15:28:45Z</time></trkpt><trkpt lat="46.099762" lon="7.26907"><ele>2713.0</ele><time>2026-03-13T15:28:46Z</time></trkpt><trkpt lat="46.099735" lon="7.269067"><ele>2714.2</ele><time>2026-03-13T15:28:47Z</time></trkpt><trkpt lat="46.099707" lon="7.269065"><ele>2715.4</ele><time>2026-03-13T15:28:48Z</time></trkpt><trkpt lat="46.099677" lon="7.269062"><ele>2716.8</ele><time>2026-03-13T15:28:49Z</time></trkpt><trkpt lat="46.09965" lon="7.269057"><ele>2718.2</ele><time>2026-03-13T15:28:50Z</time></trkpt><trkpt lat="46.099622" lon="7.269055"><ele>2719.6</ele><time>2026-03-13T15:28:51Z</time></trkpt><trkpt lat="46.099592" lon="7.269052"><ele>2721.0</ele><time>2026-03-13T15:28:52Z</time></trkpt><trkpt lat="46.099567" lon="7.269052"><ele>2722.4</ele><time>2026-03-13T15:28:53Z</time></trkpt><trkpt lat="46.099537" lon="7.26905"><ele>2723.8</ele><time>2026-03-13T15:28:54Z</time></trkpt><trkpt lat="46.09951" lon="7.269047"><ele>2725.2</ele><time>2026-03-13T15:28:55Z</time></trkpt><trkpt lat="46.099482" lon="7.269045"><ele>2726.8</ele><time>2026-03-13T15:28:56Z</time></trkpt><trkpt lat="46.099417" lon="7.269042"><ele>2729.4</ele><time>2026-03-13T15:28:58Z</time></trkpt><trkpt lat="46.099383" lon="7.26904"><ele>2730.4</ele><time>2026-03-13T15:28:59Z</time></trkpt><trkpt lat="46.099355" lon="7.269037"><ele>2731.0</ele><time>2026-03-13T15:29:00Z</time></trkpt><trkpt lat="46.099322" lon="7.269035"><ele>2731.4</ele><time>2026-03-13T15:29:01Z</time></trkpt><trkpt lat="46.099295" lon="7.269032"><ele>2731.8</ele><time>2026-03-13T15:29:02Z</time></trkpt><trkpt lat="46.099272" lon="7.269027"><ele>2732.0</ele><time>2026-03-13T15:29:03Z</time></trkpt><trkpt lat="46.099252" lon="7.269027"><ele>2732.4</ele><time>2026-03-13T15:29:05Z</time></trkpt><trkpt lat="46.099225" lon="7.269037"><ele>2732.6</ele><time>2026-03-13T15:29:07Z</time></trkpt><trkpt lat="46.099205" lon="7.269032"><ele>2732.8</ele><time>2026-03-13T15:29:08Z</time></trkpt><trkpt lat="46.09918" lon="7.269025"><ele>2733.0</ele><time>2026-03-13T15:29:09Z</time></trkpt><trkpt lat="46.099167" lon="7.269002"><ele>2733.0</ele><time>2026-03-13T15:29:11Z</time></trkpt><trkpt lat="46.099152" lon="7.268977"><ele>2733.4</ele><time>2026-03-13T15:29:14Z</time></trkpt><trkpt lat="46.099137" lon="7.26895"><ele>2733.6</ele><time>2026-03-13T15:29:17Z</time></trkpt><trkpt lat="46.099122" lon="7.268927"><ele>2733.8</ele><time>2026-03-13T15:29:20Z</time></trkpt><trkpt lat="46.099107" lon="7.268902"><ele>2734.2</ele><time>2026-03-13T15:29:23Z</time></trkpt><trkpt lat="46.099092" lon="7.268875"><ele>2734.4</ele><time>2026-03-13T15:29:26Z</time></trkpt><trkpt lat="46.099072" lon="7.268847"><ele>2734.6</ele><time>2026-03-13T15:29:30Z</time></trkpt><trkpt lat="46.099062" lon="7.26881"><ele>2734.8</ele><time>2026-03-13T15:29:33Z</time></trkpt><trkpt lat="46.099047" lon="7.268767"><ele>2734.6</ele><time>2026-03-13T15:29:35Z</time></trkpt><trkpt lat="46.099035" lon="7.268742"><ele>2734.8</ele><time>2026-03-13T15:29:36Z</time></trkpt><trkpt lat="46.09902" lon="7.268705"><ele>2734.6</ele><time>2026-03-13T15:29:37Z</time></trkpt><trkpt lat="46.099002" lon="7.268655"><ele>2734.2</ele><time>2026-03-13T15:29:38Z</time></trkpt><trkpt lat="46.098987" lon="7.268587"><ele>2734.0</ele><time>2026-03-13T15:29:39Z</time></trkpt><trkpt lat="46.098982" lon="7.268525"><ele>2733.8</ele><time>2026-03-13T15:29:40Z</time></trkpt><trkpt lat="46.098982" lon="7.268472"><ele>2733.6</ele><time>2026-03-13T15:29:41Z</time></trkpt><trkpt lat="46.098987" lon="7.268432"><ele>2732.8</ele><time>2026-03-13T15:29:42Z</time></trkpt><trkpt lat="46.098992" lon="7.268377"><ele>2731.8</ele><time>2026-03-13T15:29:43Z</time></trkpt><trkpt lat="46.099002" lon="7.2683"><ele>2731.0</ele><time>2026-03-13T15:29:44Z</time></trkpt><trkpt lat="46.099017" lon="7.268247"><ele>2730.2</ele><time>2026-03-13T15:29:45Z</time></trkpt><trkpt lat="46.099027" lon="7.2682"><ele>2729.6</ele><time>2026-03-13T15:29:46Z</time></trkpt><trkpt lat="46.09904" lon="7.268157"><ele>2728.6</ele><time>2026-03-13T15:29:47Z</time></trkpt><trkpt lat="46.099047" lon="7.268118"><ele>2727.0</ele><time>2026-03-13T15:29:48Z</time></trkpt><trkpt lat="46.09906" lon="7.268082"><ele>2725.6</ele><time>2026-03-13T15:29:49Z</time></trkpt><trkpt lat="46.099075" lon="7.268045"><ele>2724.0</ele><time>2026-03-13T15:29:50Z</time></trkpt><trkpt lat="46.099092" lon="7.268002"><ele>2722.6</ele><time>2026-03-13T15:29:51Z</time></trkpt><trkpt lat="46.09911" lon="7.267965"><ele>2721.4</ele><time>2026-03-13T15:29:52Z</time></trkpt><trkpt lat="46.099125" lon="7.267917"><ele>2720.4</ele><time>2026-03-13T15:29:53Z</time></trkpt><trkpt lat="46.099125" lon="7.267862"><ele>2719.2</ele><time>2026-03-13T15:29:54Z</time></trkpt><trkpt lat="46.099097" lon="7.267815"><ele>2718.0</ele><time>2026-03-13T15:29:55Z</time></trkpt><trkpt lat="46.099062" lon="7.267782"><ele>2717.0</ele><time>2026-03-13T15:29:56Z</time></trkpt><trkpt lat="46.099037" lon="7.267752"><ele>2716.2</ele><time>2026-03-13T15:29:57Z</time></trkpt><trkpt lat="46.099017" lon="7.267727"><ele>2715.0</ele><time>2026-03-13T15:29:58Z</time></trkpt><trkpt lat="46.098987" lon="7.267687"><ele>2713.2</ele><time>2026-03-13T15:29:59Z</time></trkpt><trkpt lat="46.098972" lon="7.267627"><ele>2711.2</ele><time>2026-03-13T15:30:00Z</time></trkpt><trkpt lat="46.098957" lon="7.267577"><ele>2709.2</ele><time>2026-03-13T15:30:01Z</time></trkpt><trkpt lat="46.098937" lon="7.267537"><ele>2706.8</ele><time>2026-03-13T15:30:02Z</time></trkpt><trkpt lat="46.098897" lon="7.26752"><ele>2702.0</ele><time>2026-03-13T15:30:03Z</time></trkpt><trkpt lat="46.098862" lon="7.267527"><ele>2700.0</ele><time>2026-03-13T15:30:04Z</time></trkpt><trkpt lat="46.098837" lon="7.267532"><ele>2698.2</ele><time>2026-03-13T15:30:05Z</time></trkpt><trkpt lat="46.098815" lon="7.267542"><ele>2696.4</ele><time>2026-03-13T15:30:06Z</time></trkpt><trkpt lat="46.098795" lon="7.26756"><ele>2694.2</ele><time>2026-03-13T15:30:07Z</time></trkpt><trkpt lat="46.098757" lon="7.267585"><ele>2692.4</ele><time>2026-03-13T15:30:08Z</time></trkpt><trkpt lat="46.098717" lon="7.267575"><ele>2690.6</ele><time>2026-03-13T15:30:09Z</time></trkpt><trkpt lat="46.098687" lon="7.267537"><ele>2688.8</ele><time>2026-03-13T15:30:10Z</time></trkpt><trkpt lat="46.098662" lon="7.267497"><ele>2687.0</ele><time>2026-03-13T15:30:11Z</time></trkpt><trkpt lat="46.09864" lon="7.267467"><ele>2684.8</ele><time>2026-03-13T15:30:12Z</time></trkpt><trkpt lat="46.09861" lon="7.267482"><ele>2682.6</ele><time>2026-03-13T15:30:13Z</time></trkpt><trkpt lat="46.098587" lon="7.267525"><ele>2680.8</ele><time>2026-03-13T15:30:14Z</time></trkpt><trkpt lat="46.098577" lon="7.267572"><ele>2679.4</ele><time>2026-03-13T15:30:15Z</time></trkpt><trkpt lat="46.098567" lon="7.267615"><ele>2677.8</ele><time>2026-03-13T15:30:16Z</time></trkpt><trkpt lat="46.09856" lon="7.267657"><ele>2676.2</ele><time>2026-03-13T15:30:17Z</time></trkpt><trkpt lat="46.09855" lon="7.267707"><ele>2674.8</ele><time>2026-03-13T15:30:18Z</time></trkpt><trkpt lat="46.098522" lon="7.267762"><ele>2673.4</ele><time>2026-03-13T15:30:19Z</time></trkpt><trkpt lat="46.098475" lon="7.267787"><ele>2672.2</ele><time>2026-03-13T15:30:20Z</time></trkpt><trkpt lat="46.098432" lon="7.267777"><ele>2671.2</ele><time>2026-03-13T15:30:21Z</time></trkpt><trkpt lat="46.098397" lon="7.267752"><ele>2669.8</ele><time>2026-03-13T15:30:22Z</time></trkpt><trkpt lat="46.098355" lon="7.267745"><ele>2667.8</ele><time>2026-03-13T15:30:23Z</time></trkpt><trkpt lat="46.098325" lon="7.2678"><ele>2665.8</ele><time>2026-03-13T15:30:24Z</time></trkpt><trkpt lat="46.098287" lon="7.267867"><ele>2664.0</ele><time>2026-03-13T15:30:25Z</time></trkpt><trkpt lat="46.098232" lon="7.267872"><ele>2662.4</ele><time>2026-03-13T15:30:26Z</time></trkpt><trkpt lat="46.098182" lon="7.267852"><ele>2660.8</ele><time>2026-03-13T15:30:27Z</time></trkpt><trkpt lat="46.098135" lon="7.267867"><ele>2659.2</ele><time>2026-03-13T15:30:28Z</time></trkpt><trkpt lat="46.098112" lon="7.267932"><ele>2657.2</ele><time>2026-03-13T15:30:29Z</time></trkpt><trkpt lat="46.098082" lon="7.268005"><ele>2655.4</ele><time>2026-03-13T15:30:30Z</time></trkpt><trkpt lat="46.098027" lon="7.26802"><ele>2653.6</ele><time>2026-03-13T15:30:31Z</time></trkpt><trkpt lat="46.09797" lon="7.26803"><ele>2651.6</ele><time>2026-03-13T15:30:32Z</time></trkpt><trkpt lat="46.09793" lon="7.2681"><ele>2649.6</ele><time>2026-03-13T15:30:33Z</time></trkpt><trkpt lat="46.097917" lon="7.268182"><ele>2647.6</ele><time>2026-03-13T15:30:34Z</time></trkpt><trkpt lat="46.097907" lon="7.26827"><ele>2645.6</ele><time>2026-03-13T15:30:35Z</time></trkpt><trkpt lat="46.097857" lon="7.268342"><ele>2643.6</ele><time>2026-03-13T15:30:36Z</time></trkpt><trkpt lat="46.097787" lon="7.268352"><ele>2641.4</ele><time>2026-03-13T15:30:37Z</time></trkpt><trkpt lat="46.097722" lon="7.268347"><ele>2639.0</ele><time>2026-03-13T15:30:38Z</time></trkpt><trkpt lat="46.09767" lon="7.268412"><ele>2636.2</ele><time>2026-03-13T15:30:39Z</time></trkpt><trkpt lat="46.097647" lon="7.2685"><ele>2633.6</ele><time>2026-03-13T15:30:40Z</time></trkpt><trkpt lat="46.097622" lon="7.268595"><ele>2631.4</ele><time>2026-03-13T15:30:41Z</time></trkpt><trkpt lat="46.097562" lon="7.268645"><ele>2629.2</ele><time>2026-03-13T15:30:42Z</time></trkpt><trkpt lat="46.097512" lon="7.268627"><ele>2626.8</ele><time>2026-03-13T15:30:43Z</time></trkpt><trkpt lat="46.097465" lon="7.268607"><ele>2624.6</ele><time>2026-03-13T15:30:44Z</time></trkpt><trkpt lat="46.09741" lon="7.268627"><ele>2622.6</ele><time>2026-03-13T15:30:45Z</time></trkpt><trkpt lat="46.097382" lon="7.268707"><ele>2620.2</ele><time>2026-03-13T15:30:46Z</time></trkpt><trkpt lat="46.097362" lon="7.268795"><ele>2618.4</ele><time>2026-03-13T15:30:47Z</time></trkpt><trkpt lat="46.097347" lon="7.268857"><ele>2616.8</ele><time>2026-03-13T15:30:48Z</time></trkpt><trkpt lat="46.09731" lon="7.268902"><ele>2614.8</ele><time>2026-03-13T15:30:49Z</time></trkpt><trkpt lat="46.097262" lon="7.268902"><ele>2612.6</ele><time>2026-03-13T15:30:50Z</time></trkpt><trkpt lat="46.097222" lon="7.26887"><ele>2610.6</ele><time>2026-03-13T15:30:51Z</time></trkpt><trkpt lat="46.09717" lon="7.268852"><ele>2609.0</ele><time>2026-03-13T15:30:52Z</time></trkpt><trkpt lat="46.097132" lon="7.268875"><ele>2607.2</ele><time>2026-03-13T15:30:53Z</time></trkpt><trkpt lat="46.097105" lon="7.268902"><ele>2605.4</ele><time>2026-03-13T15:30:54Z</time></trkpt><trkpt lat="46.09709" lon="7.268922"><ele>2603.8</ele><time>2026-03-13T15:30:55Z</time></trkpt><trkpt lat="46.097082" lon="7.268927"><ele>2600.2</ele><time>2026-03-13T15:30:57Z</time></trkpt><trkpt lat="46.09708" lon="7.268922"><ele>2597.6</ele><time>2026-03-13T15:30:59Z</time></trkpt><trkpt lat="46.097075" lon="7.268917"><ele>2595.0</ele><time>2026-03-13T15:31:03Z</time></trkpt><trkpt lat="46.097062" lon="7.268902"><ele>2593.8</ele><time>2026-03-13T15:31:12Z</time></trkpt><trkpt lat="46.097042" lon="7.268907"><ele>2594.0</ele><time>2026-03-13T15:31:13Z</time></trkpt><trkpt lat="46.096955" lon="7.268847"><ele>2593.8</ele><time>2026-03-13T15:31:15Z</time></trkpt><trkpt lat="46.096942" lon="7.268777"><ele>2593.8</ele><time>2026-03-13T15:31:16Z</time></trkpt><trkpt lat="46.096927" lon="7.268705"><ele>2593.6</ele><time>2026-03-13T15:31:17Z</time></trkpt><trkpt lat="46.096827" lon="7.26868"><ele>2591.4</ele><time>2026-03-13T15:31:19Z</time></trkpt><trkpt lat="46.09677" lon="7.268707"><ele>2590.6</ele><time>2026-03-13T15:31:20Z</time></trkpt><trkpt lat="46.096712" lon="7.268658"><ele>2589.8</ele><time>2026-03-13T15:31:21Z</time></trkpt><trkpt lat="46.096682" lon="7.268582"><ele>2588.4</ele><time>2026-03-13T15:31:22Z</time></trkpt><trkpt lat="46.096632" lon="7.268517"><ele>2587.2</ele><time>2026-03-13T15:31:23Z</time></trkpt><trkpt lat="46.096557" lon="7.268512"><ele>2585.0</ele><time>2026-03-13T15:31:24Z</time></trkpt><trkpt lat="46.096485" lon="7.268512"><ele>2583.2</ele><time>2026-03-13T15:31:25Z</time></trkpt><trkpt lat="46.096422" lon="7.268472"><ele>2582.0</ele><time>2026-03-13T15:31:26Z</time></trkpt><trkpt lat="46.096367" lon="7.268403"><ele>2580.8</ele><time>2026-03-13T15:31:27Z</time></trkpt><trkpt lat="46.096315" lon="7.268332"><ele>2579.6</ele><time>2026-03-13T15:31:28Z</time></trkpt><trkpt lat="46.096247" lon="7.268297"><ele>2578.6</ele><time>2026-03-13T15:31:29Z</time></trkpt><trkpt lat="46.096185" lon="7.268317"><ele>2577.6</ele><time>2026-03-13T15:31:30Z</time></trkpt><trkpt lat="46.096127" lon="7.268352"><ele>2577.0</ele><time>2026-03-13T15:31:31Z</time></trkpt><trkpt lat="46.096067" lon="7.268347"><ele>2576.2</ele><time>2026-03-13T15:31:32Z</time></trkpt><trkpt lat="46.096025" lon="7.268295"><ele>2575.2</ele><time>2026-03-13T15:31:33Z</time></trkpt><trkpt lat="46.095977" lon="7.268252"><ele>2574.4</ele><time>2026-03-13T15:31:34Z</time></trkpt><trkpt lat="46.095917" lon="7.268275"><ele>2573.4</ele><time>2026-03-13T15:31:35Z</time></trkpt><trkpt lat="46.09585" lon="7.268335"><ele>2571.8</ele><time>2026-03-13T15:31:36Z</time></trkpt><trkpt lat="46.095767" lon="7.26834"><ele>2570.6</ele><time>2026-03-13T15:31:37Z</time></trkpt><trkpt lat="46.095677" lon="7.268355"><ele>2569.0</ele><time>2026-03-13T15:31:38Z</time></trkpt><trkpt lat="46.095587" lon="7.268447"><ele>2567.0</ele><time>2026-03-13T15:31:39Z</time></trkpt><trkpt lat="46.09549" lon="7.268532"><ele>2564.8</ele><time>2026-03-13T15:31:40Z</time></trkpt><trkpt lat="46.095382" lon="7.26856"><ele>2562.8</ele><time>2026-03-13T15:31:41Z</time></trkpt><trkpt lat="46.095282" lon="7.268555"><ele>2560.4</ele><time>2026-03-13T15:31:42Z</time></trkpt><trkpt lat="46.095185" lon="7.268547"><ele>2557.8</ele><time>2026-03-13T15:31:43Z</time></trkpt><trkpt lat="46.095097" lon="7.268542"><ele>2556.4</ele><time>2026-03-13T15:31:44Z</time></trkpt><trkpt lat="46.095012" lon="7.26854"><ele>2555.0</ele><time>2026-03-13T15:31:45Z</time></trkpt><trkpt lat="46.094932" lon="7.268537"><ele>2553.6</ele><time>2026-03-13T15:31:46Z</time></trkpt><trkpt lat="46.094857" lon="7.268532"><ele>2552.6</ele><time>2026-03-13T15:31:47Z</time></trkpt><trkpt lat="46.094785" lon="7.268537"><ele>2551.6</ele><time>2026-03-13T15:31:48Z</time></trkpt><trkpt lat="46.09472" lon="7.268557"><ele>2550.8</ele><time>2026-03-13T15:31:49Z</time></trkpt><trkpt lat="46.09466" lon="7.268577"><ele>2550.0</ele><time>2026-03-13T15:31:50Z</time></trkpt><trkpt lat="46.094612" lon="7.268607"><ele>2549.2</ele><time>2026-03-13T15:31:51Z</time></trkpt><trkpt lat="46.094575" lon="7.268637"><ele>2548.6</ele><time>2026-03-13T15:31:52Z</time></trkpt><trkpt lat="46.09455" lon="7.268662"><ele>2548.0</ele><time>2026-03-13T15:31:53Z</time></trkpt><trkpt lat="46.094535" lon="7.26868"><ele>2547.4</ele><time>2026-03-13T15:31:54Z</time></trkpt><trkpt lat="46.094517" lon="7.268687"><ele>2546.2</ele><time>2026-03-13T15:31:56Z</time></trkpt><trkpt lat="46.094502" lon="7.268665"><ele>2544.4</ele><time>2026-03-13T15:32:02Z</time></trkpt><trkpt lat="46.094477" lon="7.268632"><ele>2544.4</ele><time>2026-03-13T15:32:03Z</time></trkpt><trkpt lat="46.094472" lon="7.268562"><ele>2544.4</ele><time>2026-03-13T15:32:04Z</time></trkpt><trkpt lat="46.094472" lon="7.268502"><ele>2544.2</ele><time>2026-03-13T15:32:05Z</time></trkpt><trkpt lat="46.094457" lon="7.268432"><ele>2543.8</ele><time>2026-03-13T15:32:06Z</time></trkpt><trkpt lat="46.09441" lon="7.26839"><ele>2542.8</ele><time>2026-03-13T15:32:07Z</time></trkpt><trkpt lat="46.094357" lon="7.268387"><ele>2541.8</ele><time>2026-03-13T15:32:08Z</time></trkpt><trkpt lat="46.094305" lon="7.268402"><ele>2541.2</ele><time>2026-03-13T15:32:09Z</time></trkpt><trkpt lat="46.094252" lon="7.26837"><ele>2540.2</ele><time>2026-03-13T15:32:10Z</time></trkpt><trkpt lat="46.094227" lon="7.268312"><ele>2538.8</ele><time>2026-03-13T15:32:11Z</time></trkpt><trkpt lat="46.094195" lon="7.268257"><ele>2537.2</ele><time>2026-03-13T15:32:12Z</time></trkpt><trkpt lat="46.094135" lon="7.268247"><ele>2535.2</ele><time>2026-03-13T15:32:13Z</time></trkpt><trkpt lat="46.094072" lon="7.268267"><ele>2533.0</ele><time>2026-03-13T15:32:14Z</time></trkpt><trkpt lat="46.094002" lon="7.268252"><ele>2531.4</ele><time>2026-03-13T15:32:15Z</time></trkpt><trkpt lat="46.093965" lon="7.268177"><ele>2529.8</ele><time>2026-03-13T15:32:16Z</time></trkpt><trkpt lat="46.093957" lon="7.2681"><ele>2527.8</ele><time>2026-03-13T15:32:17Z</time></trkpt><trkpt lat="46.093935" lon="7.26801"><ele>2525.8</ele><time>2026-03-13T15:32:18Z</time></trkpt><trkpt lat="46.093877" lon="7.267942"><ele>2523.2</ele><time>2026-03-13T15:32:19Z</time></trkpt><trkpt lat="46.093795" lon="7.267917"><ele>2521.0</ele><time>2026-03-13T15:32:20Z</time></trkpt><trkpt lat="46.093707" lon="7.267917"><ele>2519.2</ele><time>2026-03-13T15:32:21Z</time></trkpt><trkpt lat="46.093622" lon="7.267872"><ele>2517.2</ele><time>2026-03-13T15:32:22Z</time></trkpt><trkpt lat="46.093572" lon="7.267765"><ele>2515.0</ele><time>2026-03-13T15:32:23Z</time></trkpt><trkpt lat="46.09352" lon="7.26764"><ele>2512.2</ele><time>2026-03-13T15:32:24Z</time></trkpt><trkpt lat="46.093425" lon="7.267552"><ele>2509.6</ele><time>2026-03-13T15:32:25Z</time></trkpt><trkpt lat="46.09331" lon="7.267507"><ele>2507.0</ele><time>2026-03-13T15:32:26Z</time></trkpt><trkpt lat="46.093207" lon="7.267425"><ele>2505.0</ele><time>2026-03-13T15:32:27Z</time></trkpt><trkpt lat="46.093147" lon="7.267282"><ele>2502.8</ele><time>2026-03-13T15:32:28Z</time></trkpt><trkpt lat="46.0931" lon="7.267122"><ele>2499.8</ele><time>2026-03-13T15:32:29Z</time></trkpt><trkpt lat="46.093017" lon="7.266985"><ele>2496.4</ele><time>2026-03-13T15:32:30Z</time></trkpt><trkpt lat="46.092912" lon="7.266882"><ele>2493.8</ele><time>2026-03-13T15:32:31Z</time></trkpt><trkpt lat="46.092798" lon="7.266815"><ele>2492.4</ele><time>2026-03-13T15:32:32Z</time></trkpt><trkpt lat="46.092702" lon="7.266725"><ele>2490.8</ele><time>2026-03-13T15:32:33Z</time></trkpt><trkpt lat="46.092635" lon="7.266602"><ele>2488.4</ele><time>2026-03-13T15:32:34Z</time></trkpt><trkpt lat="46.09256" lon="7.26649"><ele>2486.2</ele><time>2026-03-13T15:32:35Z</time></trkpt><trkpt lat="46.092472" lon="7.266412"><ele>2483.4</ele><time>2026-03-13T15:32:36Z</time></trkpt><trkpt lat="46.092382" lon="7.266372"><ele>2481.2</ele><time>2026-03-13T15:32:37Z</time></trkpt><trkpt lat="46.092292" lon="7.266362"><ele>2479.8</ele><time>2026-03-13T15:32:38Z</time></trkpt><trkpt lat="46.09221" lon="7.266395"><ele>2478.4</ele><time>2026-03-13T15:32:39Z</time></trkpt><trkpt lat="46.092127" lon="7.266445"><ele>2477.0</ele><time>2026-03-13T15:32:40Z</time></trkpt><trkpt lat="46.092037" lon="7.26645"><ele>2475.4</ele><time>2026-03-13T15:32:41Z</time></trkpt><trkpt lat="46.091972" lon="7.266407"><ele>2473.6</ele><time>2026-03-13T15:32:42Z</time></trkpt><trkpt lat="46.091925" lon="7.266345"><ele>2471.2</ele><time>2026-03-13T15:32:43Z</time></trkpt><trkpt lat="46.09186" lon="7.266302"><ele>2468.4</ele><time>2026-03-13T15:32:44Z</time></trkpt><trkpt lat="46.091782" lon="7.2663"><ele>2465.6</ele><time>2026-03-13T15:32:45Z</time></trkpt><trkpt lat="46.091702" lon="7.266342"><ele>2463.6</ele><time>2026-03-13T15:32:46Z</time></trkpt><trkpt lat="46.091605" lon="7.26637"><ele>2462.4</ele><time>2026-03-13T15:32:47Z</time></trkpt><trkpt lat="46.091522" lon="7.26633"><ele>2460.4</ele><time>2026-03-13T15:32:48Z</time></trkpt><trkpt lat="46.091457" lon="7.266262"><ele>2458.2</ele><time>2026-03-13T15:32:49Z</time></trkpt><trkpt lat="46.091405" lon="7.266165"><ele>2456.4</ele><time>2026-03-13T15:32:50Z</time></trkpt><trkpt lat="46.091342" lon="7.266087"><ele>2454.0</ele><time>2026-03-13T15:32:51Z</time></trkpt><trkpt lat="46.091252" lon="7.26608"><ele>2451.8</ele><time>2026-03-13T15:32:52Z</time></trkpt><trkpt lat="46.091157" lon="7.266097"><ele>2450.4</ele><time>2026-03-13T15:32:53Z</time></trkpt><trkpt lat="46.091065" lon="7.26608"><ele>2449.2</ele><time>2026-03-13T15:32:54Z</time></trkpt><trkpt lat="46.090987" lon="7.266022"><ele>2447.6</ele><time>2026-03-13T15:32:55Z</time></trkpt><trkpt lat="46.090862" lon="7.265867"><ele>2443.8</ele><time>2026-03-13T15:32:57Z</time></trkpt><trkpt lat="46.090797" lon="7.265812"><ele>2442.2</ele><time>2026-03-13T15:32:58Z</time></trkpt><trkpt lat="46.090725" lon="7.265815"><ele>2441.2</ele><time>2026-03-13T15:32:59Z</time></trkpt><trkpt lat="46.090645" lon="7.265835"><ele>2440.2</ele><time>2026-03-13T15:33:00Z</time></trkpt><trkpt lat="46.09057" lon="7.26581"><ele>2439.4</ele><time>2026-03-13T15:33:01Z</time></trkpt><trkpt lat="46.090507" lon="7.265757"><ele>2438.4</ele><time>2026-03-13T15:33:02Z</time></trkpt><trkpt lat="46.090465" lon="7.265685"><ele>2436.8</ele><time>2026-03-13T15:33:03Z</time></trkpt><trkpt lat="46.090435" lon="7.265612"><ele>2435.0</ele><time>2026-03-13T15:33:04Z</time></trkpt><trkpt lat="46.090405" lon="7.265537"><ele>2433.4</ele><time>2026-03-13T15:33:05Z</time></trkpt><trkpt lat="46.090347" lon="7.265517"><ele>2431.6</ele><time>2026-03-13T15:33:06Z</time></trkpt><trkpt lat="46.09028" lon="7.265522"><ele>2429.6</ele><time>2026-03-13T15:33:07Z</time></trkpt><trkpt lat="46.090207" lon="7.265475"><ele>2427.8</ele><time>2026-03-13T15:33:08Z</time></trkpt><trkpt lat="46.090155" lon="7.265397"><ele>2426.0</ele><time>2026-03-13T15:33:09Z</time></trkpt><trkpt lat="46.090127" lon="7.265307"><ele>2424.0</ele><time>2026-03-13T15:33:10Z</time></trkpt><trkpt lat="46.090112" lon="7.265222"><ele>2421.8</ele><time>2026-03-13T15:33:11Z</time></trkpt><trkpt lat="46.090092" lon="7.265142"><ele>2419.4</ele><time>2026-03-13T15:33:12Z</time></trkpt><trkpt lat="46.090057" lon="7.265067"><ele>2417.4</ele><time>2026-03-13T15:33:13Z</time></trkpt><trkpt lat="46.09" lon="7.265017"><ele>2415.6</ele><time>2026-03-13T15:33:14Z</time></trkpt><trkpt lat="46.089937" lon="7.264967"><ele>2414.2</ele><time>2026-03-13T15:33:15Z</time></trkpt><trkpt lat="46.089897" lon="7.264892"><ele>2413.0</ele><time>2026-03-13T15:33:16Z</time></trkpt><trkpt lat="46.08989" lon="7.26482"><ele>2412.0</ele><time>2026-03-13T15:33:17Z</time></trkpt><trkpt lat="46.089897" lon="7.264752"><ele>2410.8</ele><time>2026-03-13T15:33:18Z</time></trkpt><trkpt lat="46.089907" lon="7.264682"><ele>2409.2</ele><time>2026-03-13T15:33:19Z</time></trkpt><trkpt lat="46.08989" lon="7.264595"><ele>2407.8</ele><time>2026-03-13T15:33:20Z</time></trkpt><trkpt lat="46.089843" lon="7.264532"><ele>2406.6</ele><time>2026-03-13T15:33:21Z</time></trkpt><trkpt lat="46.089787" lon="7.264495"><ele>2405.6</ele><time>2026-03-13T15:33:22Z</time></trkpt><trkpt lat="46.089732" lon="7.264442"><ele>2404.8</ele><time>2026-03-13T15:33:23Z</time></trkpt><trkpt lat="46.08971" lon="7.264338"><ele>2403.4</ele><time>2026-03-13T15:33:24Z</time></trkpt><trkpt lat="46.089722" lon="7.264237"><ele>2401.4</ele><time>2026-03-13T15:33:25Z</time></trkpt><trkpt lat="46.08972" lon="7.264127"><ele>2399.6</ele><time>2026-03-13T15:33:26Z</time></trkpt><trkpt lat="46.089677" lon="7.26404"><ele>2397.8</ele><time>2026-03-13T15:33:27Z</time></trkpt><trkpt lat="46.089622" lon="7.263967"><ele>2396.0</ele><time>2026-03-13T15:33:28Z</time></trkpt><trkpt lat="46.089577" lon="7.263907"><ele>2394.4</ele><time>2026-03-13T15:33:29Z</time></trkpt><trkpt lat="46.08954" lon="7.26384"><ele>2392.4</ele><time>2026-03-13T15:33:30Z</time></trkpt><trkpt lat="46.089525" lon="7.263757"><ele>2390.8</ele><time>2026-03-13T15:33:31Z</time></trkpt><trkpt lat="46.089547" lon="7.2637"><ele>2389.2</ele><time>2026-03-13T15:33:32Z</time></trkpt><trkpt lat="46.089555" lon="7.263682"><ele>2387.8</ele><time>2026-03-13T15:33:33Z</time></trkpt><trkpt lat="46.089557" lon="7.263665"><ele>2379.6</ele><time>2026-03-13T15:34:02Z</time></trkpt><trkpt lat="46.089552" lon="7.263637"><ele>2379.6</ele><time>2026-03-13T15:34:04Z</time></trkpt><trkpt lat="46.089572" lon="7.263597"><ele>2379.4</ele><time>2026-03-13T15:34:06Z</time></trkpt><trkpt lat="46.089575" lon="7.26354"><ele>2379.4</ele><time>2026-03-13T15:34:07Z</time></trkpt><trkpt lat="46.089565" lon="7.263477"><ele>2379.0</ele><time>2026-03-13T15:34:08Z</time></trkpt><trkpt lat="46.089587" lon="7.263422"><ele>2378.8</ele><time>2026-03-13T15:34:09Z</time></trkpt><trkpt lat="46.089618" lon="7.263387"><ele>2378.2</ele><time>2026-03-13T15:34:10Z</time></trkpt><trkpt lat="46.089627" lon="7.263327"><ele>2377.2</ele><time>2026-03-13T15:34:11Z</time></trkpt><trkpt lat="46.089612" lon="7.263267"><ele>2376.0</ele><time>2026-03-13T15:34:12Z</time></trkpt><trkpt lat="46.089587" lon="7.263217"><ele>2375.0</ele><time>2026-03-13T15:34:13Z</time></trkpt><trkpt lat="46.089562" lon="7.263175"><ele>2373.8</ele><time>2026-03-13T15:34:14Z</time></trkpt><trkpt lat="46.089532" lon="7.263137"><ele>2372.6</ele><time>2026-03-13T15:34:15Z</time></trkpt><trkpt lat="46.089502" lon="7.26309"><ele>2371.2</ele><time>2026-03-13T15:34:16Z</time></trkpt><trkpt lat="46.089475" lon="7.263045"><ele>2370.0</ele><time>2026-03-13T15:34:17Z</time></trkpt><trkpt lat="46.089485" lon="7.262992"><ele>2368.8</ele><time>2026-03-13T15:34:18Z</time></trkpt><trkpt lat="46.089507" lon="7.262952"><ele>2367.6</ele><time>2026-03-13T15:34:19Z</time></trkpt><trkpt lat="46.089497" lon="7.262887"><ele>2366.4</ele><time>2026-03-13T15:34:20Z</time></trkpt><trkpt lat="46.089492" lon="7.26282"><ele>2365.2</ele><time>2026-03-13T15:34:21Z</time></trkpt><trkpt lat="46.089512" lon="7.262777"><ele>2364.0</ele><time>2026-03-13T15:34:22Z</time></trkpt><trkpt lat="46.089542" lon="7.262765"><ele>2362.8</ele><time>2026-03-13T15:34:23Z</time></trkpt><trkpt lat="46.08957" lon="7.262752"><ele>2361.2</ele><time>2026-03-13T15:34:24Z</time></trkpt><trkpt lat="46.08958" lon="7.2627"><ele>2359.8</ele><time>2026-03-13T15:34:25Z</time></trkpt><trkpt lat="46.089565" lon="7.262652"><ele>2358.4</ele><time>2026-03-13T15:34:26Z</time></trkpt><trkpt lat="46.08954" lon="7.262612"><ele>2357.0</ele><time>2026-03-13T15:34:27Z</time></trkpt><trkpt lat="46.089517" lon="7.262582"><ele>2355.8</ele><time>2026-03-13T15:34:28Z</time></trkpt><trkpt lat="46.089497" lon="7.26255"><ele>2354.4</ele><time>2026-03-13T15:34:29Z</time></trkpt><trkpt lat="46.08948" lon="7.262522"><ele>2353.2</ele><time>2026-03-13T15:34:30Z</time></trkpt><trkpt lat="46.089462" lon="7.262487"><ele>2352.0</ele><time>2026-03-13T15:34:31Z</time></trkpt><trkpt lat="46.089447" lon="7.262442"><ele>2350.8</ele><time>2026-03-13T15:34:32Z</time></trkpt><trkpt lat="46.089442" lon="7.262382"><ele>2349.8</ele><time>2026-03-13T15:34:33Z</time></trkpt><trkpt lat="46.089463" lon="7.262337"><ele>2349.0</ele><time>2026-03-13T15:34:34Z</time></trkpt><trkpt lat="46.089497" lon="7.262312"><ele>2348.0</ele><time>2026-03-13T15:34:35Z</time></trkpt><trkpt lat="46.089527" lon="7.262282"><ele>2346.8</ele><time>2026-03-13T15:34:36Z</time></trkpt><trkpt lat="46.089537" lon="7.262222"><ele>2345.6</ele><time>2026-03-13T15:34:37Z</time></trkpt><trkpt lat="46.089533" lon="7.262162"><ele>2344.2</ele><time>2026-03-13T15:34:38Z</time></trkpt><trkpt lat="46.089517" lon="7.262097"><ele>2343.0</ele><time>2026-03-13T15:34:39Z</time></trkpt><trkpt lat="46.089517" lon="7.26203"><ele>2341.8</ele><time>2026-03-13T15:34:40Z</time></trkpt><trkpt lat="46.089547" lon="7.26199"><ele>2340.4</ele><time>2026-03-13T15:34:41Z</time></trkpt><trkpt lat="46.089562" lon="7.261927"><ele>2338.8</ele><time>2026-03-13T15:34:42Z</time></trkpt><trkpt lat="46.08958" lon="7.261857"><ele>2337.4</ele><time>2026-03-13T15:34:43Z</time></trkpt><trkpt lat="46.089617" lon="7.26182"><ele>2335.8</ele><time>2026-03-13T15:34:44Z</time></trkpt><trkpt lat="46.089642" lon="7.261763"><ele>2334.2</ele><time>2026-03-13T15:34:45Z</time></trkpt><trkpt lat="46.089647" lon="7.261687"><ele>2332.4</ele><time>2026-03-13T15:34:46Z</time></trkpt><trkpt lat="46.089672" lon="7.261612"><ele>2330.8</ele><time>2026-03-13T15:34:47Z</time></trkpt><trkpt lat="46.089715" lon="7.261567"><ele>2329.2</ele><time>2026-03-13T15:34:48Z</time></trkpt><trkpt lat="46.08973" lon="7.261485"><ele>2327.4</ele><time>2026-03-13T15:34:49Z</time></trkpt><trkpt lat="46.08973" lon="7.261395"><ele>2325.6</ele><time>2026-03-13T15:34:50Z</time></trkpt><trkpt lat="46.089772" lon="7.261317"><ele>2324.0</ele><time>2026-03-13T15:34:51Z</time></trkpt><trkpt lat="46.08982" lon="7.261277"><ele>2322.0</ele><time>2026-03-13T15:34:52Z</time></trkpt><trkpt lat="46.089877" lon="7.261215"><ele>2320.2</ele><time>2026-03-13T15:34:53Z</time></trkpt><trkpt lat="46.0899" lon="7.261107"><ele>2318.6</ele><time>2026-03-13T15:34:54Z</time></trkpt><trkpt lat="46.089897" lon="7.26099"><ele>2316.8</ele><time>2026-03-13T15:34:55Z</time></trkpt><trkpt lat="46.089927" lon="7.260877"><ele>2315.4</ele><time>2026-03-13T15:34:56Z</time></trkpt><trkpt lat="46.089987" lon="7.260792"><ele>2313.8</ele><time>2026-03-13T15:34:57Z</time></trkpt><trkpt lat="46.09004" lon="7.260683"><ele>2312.0</ele><time>2026-03-13T15:34:58Z</time></trkpt><trkpt lat="46.090072" lon="7.260565"><ele>2310.2</ele><time>2026-03-13T15:34:59Z</time></trkpt><trkpt lat="46.09009" lon="7.26044"><ele>2308.6</ele><time>2026-03-13T15:35:00Z</time></trkpt><trkpt lat="46.090082" lon="7.260315"><ele>2307.2</ele><time>2026-03-13T15:35:01Z</time></trkpt><trkpt lat="46.09008" lon="7.260185"><ele>2306.0</ele><time>2026-03-13T15:35:02Z</time></trkpt><trkpt lat="46.090107" lon="7.260055"><ele>2304.6</ele><time>2026-03-13T15:35:03Z</time></trkpt><trkpt lat="46.090157" lon="7.259937"><ele>2303.4</ele><time>2026-03-13T15:35:04Z</time></trkpt><trkpt lat="46.090187" lon="7.259805"><ele>2302.2</ele><time>2026-03-13T15:35:05Z</time></trkpt><trkpt lat="46.090177" lon="7.259665"><ele>2300.8</ele><time>2026-03-13T15:35:06Z</time></trkpt><trkpt lat="46.090132" lon="7.259535"><ele>2299.6</ele><time>2026-03-13T15:35:07Z</time></trkpt><trkpt lat="46.09009" lon="7.259397"><ele>2298.4</ele><time>2026-03-13T15:35:08Z</time></trkpt><trkpt lat="46.09009" lon="7.259242"><ele>2297.2</ele><time>2026-03-13T15:35:09Z</time></trkpt><trkpt lat="46.090127" lon="7.259102"><ele>2296.0</ele><time>2026-03-13T15:35:10Z</time></trkpt><trkpt lat="46.090177" lon="7.258977"><ele>2294.2</ele><time>2026-03-13T15:35:11Z</time></trkpt><trkpt lat="46.090202" lon="7.258837"><ele>2292.2</ele><time>2026-03-13T15:35:12Z</time></trkpt><trkpt lat="46.0902" lon="7.2587"><ele>2290.4</ele><time>2026-03-13T15:35:13Z</time></trkpt><trkpt lat="46.090207" lon="7.258567"><ele>2289.4</ele><time>2026-03-13T15:35:14Z</time></trkpt><trkpt lat="46.090247" lon="7.258452"><ele>2288.4</ele><time>2026-03-13T15:35:15Z</time></trkpt><trkpt lat="46.090293" lon="7.258357"><ele>2287.6</ele><time>2026-03-13T15:35:16Z</time></trkpt><trkpt lat="46.090362" lon="7.258272"><ele>2286.6</ele><time>2026-03-13T15:35:17Z</time></trkpt><trkpt lat="46.090412" lon="7.258165"><ele>2285.6</ele><time>2026-03-13T15:35:18Z</time></trkpt><trkpt lat="46.090452" lon="7.258042"><ele>2285.0</ele><time>2026-03-13T15:35:19Z</time></trkpt><trkpt lat="46.090507" lon="7.25793"><ele>2284.2</ele><time>2026-03-13T15:35:20Z</time></trkpt><trkpt lat="46.090582" lon="7.257845"><ele>2283.4</ele><time>2026-03-13T15:35:21Z</time></trkpt><trkpt lat="46.090657" lon="7.257752"><ele>2282.6</ele><time>2026-03-13T15:35:22Z</time></trkpt><trkpt lat="46.09071" lon="7.25763"><ele>2281.6</ele><time>2026-03-13T15:35:23Z</time></trkpt><trkpt lat="46.090732" lon="7.257487"><ele>2280.4</ele><time>2026-03-13T15:35:24Z</time></trkpt><trkpt lat="46.090762" lon="7.257342"><ele>2279.4</ele><time>2026-03-13T15:35:25Z</time></trkpt><trkpt lat="46.090822" lon="7.257227"><ele>2278.4</ele><time>2026-03-13T15:35:26Z</time></trkpt><trkpt lat="46.090877" lon="7.257117"><ele>2277.2</ele><time>2026-03-13T15:35:27Z</time></trkpt><trkpt lat="46.090892" lon="7.256982"><ele>2276.0</ele><time>2026-03-13T15:35:28Z</time></trkpt><trkpt lat="46.09088" lon="7.256842"><ele>2274.6</ele><time>2026-03-13T15:35:29Z</time></trkpt><trkpt lat="46.090887" lon="7.256702"><ele>2273.4</ele><time>2026-03-13T15:35:30Z</time></trkpt><trkpt lat="46.090932" lon="7.256577"><ele>2272.2</ele><time>2026-03-13T15:35:31Z</time></trkpt><trkpt lat="46.090987" lon="7.256465"><ele>2270.8</ele><time>2026-03-13T15:35:32Z</time></trkpt><trkpt lat="46.091002" lon="7.256337"><ele>2269.2</ele><time>2026-03-13T15:35:33Z</time></trkpt><trkpt lat="46.090982" lon="7.256217"><ele>2267.4</ele><time>2026-03-13T15:35:34Z</time></trkpt><trkpt lat="46.090982" lon="7.256097"><ele>2266.2</ele><time>2026-03-13T15:35:35Z</time></trkpt><trkpt lat="46.090997" lon="7.255992"><ele>2265.2</ele><time>2026-03-13T15:35:36Z</time></trkpt><trkpt lat="46.091027" lon="7.2559"><ele>2264.0</ele><time>2026-03-13T15:35:37Z</time></trkpt><trkpt lat="46.091057" lon="7.255805"><ele>2262.8</ele><time>2026-03-13T15:35:38Z</time></trkpt><trkpt lat="46.091085" lon="7.25571"><ele>2261.6</ele><time>2026-03-13T15:35:39Z</time></trkpt><trkpt lat="46.091082" lon="7.255607"><ele>2260.4</ele><time>2026-03-13T15:35:40Z</time></trkpt><trkpt lat="46.091052" lon="7.255527"><ele>2259.4</ele><time>2026-03-13T15:35:41Z</time></trkpt><trkpt lat="46.091002" lon="7.255455"><ele>2258.6</ele><time>2026-03-13T15:35:42Z</time></trkpt><trkpt lat="46.090987" lon="7.255357"><ele>2257.8</ele><time>2026-03-13T15:35:43Z</time></trkpt><trkpt lat="46.091" lon="7.255277"><ele>2256.6</ele><time>2026-03-13T15:35:44Z</time></trkpt><trkpt lat="46.091017" lon="7.255217"><ele>2255.6</ele><time>2026-03-13T15:35:45Z</time></trkpt><trkpt lat="46.091002" lon="7.255157"><ele>2254.0</ele><time>2026-03-13T15:35:46Z</time></trkpt><trkpt lat="46.090967" lon="7.255117"><ele>2252.4</ele><time>2026-03-13T15:35:47Z</time></trkpt><trkpt lat="46.090932" lon="7.255085"><ele>2250.6</ele><time>2026-03-13T15:35:48Z</time></trkpt><trkpt lat="46.090898" lon="7.255028"><ele>2249.2</ele><time>2026-03-13T15:35:49Z</time></trkpt><trkpt lat="46.090898" lon="7.254955"><ele>2247.6</ele><time>2026-03-13T15:35:50Z</time></trkpt><trkpt lat="46.090927" lon="7.254915"><ele>2246.0</ele><time>2026-03-13T15:35:51Z</time></trkpt><trkpt lat="46.090945" lon="7.254867"><ele>2244.4</ele><time>2026-03-13T15:35:52Z</time></trkpt><trkpt lat="46.090927" lon="7.25481"><ele>2243.0</ele><time>2026-03-13T15:35:53Z</time></trkpt><trkpt lat="46.09092" lon="7.25474"><ele>2241.6</ele><time>2026-03-13T15:35:54Z</time></trkpt><trkpt lat="46.09095" lon="7.2547"><ele>2240.6</ele><time>2026-03-13T15:35:55Z</time></trkpt><trkpt lat="46.09097" lon="7.254647"><ele>2239.2</ele><time>2026-03-13T15:35:56Z</time></trkpt><trkpt lat="46.090972" lon="7.254582"><ele>2238.0</ele><time>2026-03-13T15:35:57Z</time></trkpt><trkpt lat="46.090997" lon="7.254527"><ele>2236.6</ele><time>2026-03-13T15:35:58Z</time></trkpt><trkpt lat="46.091027" lon="7.254488"><ele>2235.4</ele><time>2026-03-13T15:35:59Z</time></trkpt><trkpt lat="46.09103" lon="7.254425"><ele>2234.0</ele><time>2026-03-13T15:36:00Z</time></trkpt><trkpt lat="46.09101" lon="7.254357"><ele>2232.4</ele><time>2026-03-13T15:36:01Z</time></trkpt><trkpt lat="46.090982" lon="7.254292"><ele>2231.0</ele><time>2026-03-13T15:36:02Z</time></trkpt><trkpt lat="46.090947" lon="7.254232"><ele>2229.8</ele><time>2026-03-13T15:36:03Z</time></trkpt><trkpt lat="46.090925" lon="7.25416"><ele>2228.6</ele><time>2026-03-13T15:36:04Z</time></trkpt><trkpt lat="46.090942" lon="7.254095"><ele>2227.2</ele><time>2026-03-13T15:36:05Z</time></trkpt><trkpt lat="46.090972" lon="7.254037"><ele>2226.2</ele><time>2026-03-13T15:36:06Z</time></trkpt><trkpt lat="46.090972" lon="7.253957"><ele>2225.0</ele><time>2026-03-13T15:36:07Z</time></trkpt><trkpt lat="46.090967" lon="7.253867"><ele>2224.0</ele><time>2026-03-13T15:36:08Z</time></trkpt><trkpt lat="46.091" lon="7.25379"><ele>2223.0</ele><time>2026-03-13T15:36:09Z</time></trkpt><trkpt lat="46.091037" lon="7.25371"><ele>2221.8</ele><time>2026-03-13T15:36:10Z</time></trkpt><trkpt lat="46.091037" lon="7.253612"><ele>2220.4</ele><time>2026-03-13T15:36:11Z</time></trkpt><trkpt lat="46.091047" lon="7.253527"><ele>2218.8</ele><time>2026-03-13T15:36:12Z</time></trkpt><trkpt lat="46.091067" lon="7.253472"><ele>2217.6</ele><time>2026-03-13T15:36:13Z</time></trkpt><trkpt lat="46.091092" lon="7.253442"><ele>2216.2</ele><time>2026-03-13T15:36:14Z</time></trkpt><trkpt lat="46.091107" lon="7.253417"><ele>2215.0</ele><time>2026-03-13T15:36:15Z</time></trkpt><trkpt lat="46.091107" lon="7.253415"><ele>2210.8</ele><time>2026-03-13T15:36:32Z</time></trkpt><trkpt lat="46.091102" lon="7.25338"><ele>2210.6</ele><time>2026-03-13T15:36:42Z</time></trkpt><trkpt lat="46.091102" lon="7.25335"><ele>2210.6</ele><time>2026-03-13T15:36:46Z</time></trkpt><trkpt lat="46.09146" lon="7.252222"><ele>2210.2</ele><time>2026-03-13T15:38:13Z</time></trkpt><trkpt lat="46.091457" lon="7.252192"><ele>2210.4</ele><time>2026-03-13T15:38:14Z</time></trkpt><trkpt lat="46.091365" lon="7.252182"><ele>2210.4</ele><time>2026-03-13T15:38:15Z</time></trkpt><trkpt lat="46.091275" lon="7.252292"><ele>2210.4</ele><time>2026-03-13T15:38:16Z</time></trkpt><trkpt lat="46.091265" lon="7.252267"><ele>2210.4</ele><time>2026-03-13T15:38:17Z</time></trkpt><trkpt lat="46.091277" lon="7.252237"><ele>2210.4</ele><time>2026-03-13T15:38:18Z</time></trkpt><trkpt lat="46.091287" lon="7.252215"><ele>2210.4</ele><time>2026-03-13T15:38:19Z</time></trkpt><trkpt lat="46.091302" lon="7.25218"><ele>2210.6</ele><time>2026-03-13T15:38:20Z</time></trkpt><trkpt lat="46.091312" lon="7.252142"><ele>2210.6</ele><time>2026-03-13T15:38:21Z</time></trkpt><trkpt lat="46.091317" lon="7.252092"><ele>2210.4</ele><time>2026-03-13T15:38:22Z</time></trkpt><trkpt lat="46.091325" lon="7.252042"><ele>2210.0</ele><time>2026-03-13T15:38:23Z</time></trkpt><trkpt lat="46.091332" lon="7.252"><ele>2209.4</ele><time>2026-03-13T15:38:24Z</time></trkpt><trkpt lat="46.091337" lon="7.25195"><ele>2208.6</ele><time>2026-03-13T15:38:25Z</time></trkpt><trkpt lat="46.091375" lon="7.2519"><ele>2207.4</ele><time>2026-03-13T15:38:26Z</time></trkpt><trkpt lat="46.091382" lon="7.251847"><ele>2206.2</ele><time>2026-03-13T15:38:27Z</time></trkpt><trkpt lat="46.091392" lon="7.251797"><ele>2204.8</ele><time>2026-03-13T15:38:28Z</time></trkpt><trkpt lat="46.0914" lon="7.251742"><ele>2203.4</ele><time>2026-03-13T15:38:29Z</time></trkpt><trkpt lat="46.091425" lon="7.251692"><ele>2201.8</ele><time>2026-03-13T15:38:30Z</time></trkpt><trkpt lat="46.091433" lon="7.25164"><ele>2200.4</ele><time>2026-03-13T15:38:31Z</time></trkpt><trkpt lat="46.091442" lon="7.251587"><ele>2199.0</ele><time>2026-03-13T15:38:32Z</time></trkpt><trkpt lat="46.091447" lon="7.251537"><ele>2197.4</ele><time>2026-03-13T15:38:33Z</time></trkpt><trkpt lat="46.091452" lon="7.251485"><ele>2195.8</ele><time>2026-03-13T15:38:34Z</time></trkpt><trkpt lat="46.091462" lon="7.251437"><ele>2194.4</ele><time>2026-03-13T15:38:35Z</time></trkpt><trkpt lat="46.091467" lon="7.251385"><ele>2192.8</ele><time>2026-03-13T15:38:36Z</time></trkpt><trkpt lat="46.091467" lon="7.251332"><ele>2191.4</ele><time>2026-03-13T15:38:37Z</time></trkpt><trkpt lat="46.091472" lon="7.25128"><ele>2189.8</ele><time>2026-03-13T15:38:38Z</time></trkpt><trkpt lat="46.091475" lon="7.251227"><ele>2188.4</ele><time>2026-03-13T15:38:39Z</time></trkpt><trkpt lat="46.09148" lon="7.251175"><ele>2186.8</ele><time>2026-03-13T15:38:40Z</time></trkpt><trkpt lat="46.091485" lon="7.251122"><ele>2185.4</ele><time>2026-03-13T15:38:41Z</time></trkpt><trkpt lat="46.091492" lon="7.251067"><ele>2184.0</ele><time>2026-03-13T15:38:42Z</time></trkpt><trkpt lat="46.091492" lon="7.251017"><ele>2182.4</ele><time>2026-03-13T15:38:43Z</time></trkpt><trkpt lat="46.091497" lon="7.250962"><ele>2181.0</ele><time>2026-03-13T15:38:44Z</time></trkpt><trkpt lat="46.091502" lon="7.250912"><ele>2179.4</ele><time>2026-03-13T15:38:45Z</time></trkpt><trkpt lat="46.091507" lon="7.250865"><ele>2178.0</ele><time>2026-03-13T15:38:46Z</time></trkpt><trkpt lat="46.091515" lon="7.250815"><ele>2176.6</ele><time>2026-03-13T15:38:47Z</time></trkpt><trkpt lat="46.091522" lon="7.250765"><ele>2175.2</ele><time>2026-03-13T15:38:48Z</time></trkpt><trkpt lat="46.091527" lon="7.250717"><ele>2173.4</ele><time>2026-03-13T15:38:49Z</time></trkpt><trkpt lat="46.091535" lon="7.250667"><ele>2171.8</ele><time>2026-03-13T15:38:50Z</time></trkpt><trkpt lat="46.091542" lon="7.250617"><ele>2169.8</ele><time>2026-03-13T15:38:51Z</time></trkpt><trkpt lat="46.091547" lon="7.25057"><ele>2168.0</ele><time>2026-03-13T15:38:52Z</time></trkpt><trkpt lat="46.091555" lon="7.250522"><ele>2166.0</ele><time>2026-03-13T15:38:53Z</time></trkpt><trkpt lat="46.091557" lon="7.250472"><ele>2164.2</ele><time>2026-03-13T15:38:54Z</time></trkpt><trkpt lat="46.091567" lon="7.25043"><ele>2162.2</ele><time>2026-03-13T15:38:55Z</time></trkpt><trkpt lat="46.091572" lon="7.250382"><ele>2160.4</ele><time>2026-03-13T15:38:56Z</time></trkpt><trkpt lat="46.091577" lon="7.250337"><ele>2158.4</ele><time>2026-03-13T15:38:57Z</time></trkpt><trkpt lat="46.091582" lon="7.250287"><ele>2156.4</ele><time>2026-03-13T15:38:58Z</time></trkpt><trkpt lat="46.091587" lon="7.25024"><ele>2154.2</ele><time>2026-03-13T15:38:59Z</time></trkpt><trkpt lat="46.091595" lon="7.25019"><ele>2152.4</ele><time>2026-03-13T15:39:00Z</time></trkpt><trkpt lat="46.091602" lon="7.25014"><ele>2150.4</ele><time>2026-03-13T15:39:01Z</time></trkpt><trkpt lat="46.091607" lon="7.250092"><ele>2148.4</ele><time>2026-03-13T15:39:02Z</time></trkpt><trkpt lat="46.091602" lon="7.250037"><ele>2146.4</ele><time>2026-03-13T15:39:03Z</time></trkpt><trkpt lat="46.09161" lon="7.24999"><ele>2144.4</ele><time>2026-03-13T15:39:04Z</time></trkpt><trkpt lat="46.091602" lon="7.24994"><ele>2142.4</ele><time>2026-03-13T15:39:05Z</time></trkpt><trkpt lat="46.091605" lon="7.249892"><ele>2140.6</ele><time>2026-03-13T15:39:06Z</time></trkpt><trkpt lat="46.091605" lon="7.249845"><ele>2138.6</ele><time>2026-03-13T15:39:07Z</time></trkpt><trkpt lat="46.091612" lon="7.249797"><ele>2136.8</ele><time>2026-03-13T15:39:08Z</time></trkpt><trkpt lat="46.09162" lon="7.249747"><ele>2134.8</ele><time>2026-03-13T15:39:09Z</time></trkpt><trkpt lat="46.091625" lon="7.249695"><ele>2132.8</ele><time>2026-03-13T15:39:10Z</time></trkpt><trkpt lat="46.091627" lon="7.249647"><ele>2130.8</ele><time>2026-03-13T15:39:11Z</time></trkpt><trkpt lat="46.091632" lon="7.249597"><ele>2128.8</ele><time>2026-03-13T15:39:12Z</time></trkpt><trkpt lat="46.09164" lon="7.249547"><ele>2126.6</ele><time>2026-03-13T15:39:13Z</time></trkpt><trkpt lat="46.091647" lon="7.2495"><ele>2124.6</ele><time>2026-03-13T15:39:14Z</time></trkpt><trkpt lat="46.091655" lon="7.249452"><ele>2122.4</ele><time>2026-03-13T15:39:15Z</time></trkpt><trkpt lat="46.091658" lon="7.24941"><ele>2120.4</ele><time>2026-03-13T15:39:16Z</time></trkpt><trkpt lat="46.091665" lon="7.249387"><ele>2118.2</ele><time>2026-03-13T15:39:17Z</time></trkpt><trkpt lat="46.091667" lon="7.249372"><ele>2116.2</ele><time>2026-03-13T15:39:18Z</time></trkpt><trkpt lat="46.09167" lon="7.249362"><ele>2114.2</ele><time>2026-03-13T15:39:19Z</time></trkpt><trkpt lat="46.09167" lon="7.249367"><ele>2111.0</ele><time>2026-03-13T15:39:21Z</time></trkpt><trkpt lat="46.091672" lon="7.249362"><ele>2108.6</ele><time>2026-03-13T15:39:23Z</time></trkpt><trkpt lat="46.09167" lon="7.249362"><ele>2106.6</ele><time>2026-03-13T15:39:28Z</time></trkpt><trkpt lat="46.091667" lon="7.249337"><ele>2106.2</ele><time>2026-03-13T15:41:11Z</time></trkpt><trkpt lat="46.09167" lon="7.249312"><ele>2106.0</ele><time>2026-03-13T15:41:14Z</time></trkpt><trkpt lat="46.091672" lon="7.249285"><ele>2105.8</ele><time>2026-03-13T15:41:16Z</time></trkpt><trkpt lat="46.091677" lon="7.249252"><ele>2105.2</ele><time>2026-03-13T15:41:18Z</time></trkpt><trkpt lat="46.091682" lon="7.249212"><ele>2104.4</ele><time>2026-03-13T15:41:20Z</time></trkpt><trkpt lat="46.09169" lon="7.249165"><ele>2103.4</ele><time>2026-03-13T15:41:22Z</time></trkpt><trkpt lat="46.091695" lon="7.249127"><ele>2102.0</ele><time>2026-03-13T15:41:24Z</time></trkpt><trkpt lat="46.091702" lon="7.249102"><ele>2101.4</ele><time>2026-03-13T15:41:25Z</time></trkpt><trkpt lat="46.091707" lon="7.249072"><ele>2100.4</ele><time>2026-03-13T15:41:26Z</time></trkpt><trkpt lat="46.091712" lon="7.24904"><ele>2099.6</ele><time>2026-03-13T15:41:27Z</time></trkpt><trkpt lat="46.09172" lon="7.249005"><ele>2098.6</ele><time>2026-03-13T15:41:28Z</time></trkpt><trkpt lat="46.091727" lon="7.248967"><ele>2097.6</ele><time>2026-03-13T15:41:29Z</time></trkpt><trkpt lat="46.091732" lon="7.248927"><ele>2096.4</ele><time>2026-03-13T15:41:30Z</time></trkpt><trkpt lat="46.09174" lon="7.248887"><ele>2095.0</ele><time>2026-03-13T15:41:31Z</time></trkpt><trkpt lat="46.091747" lon="7.248845"><ele>2093.8</ele><time>2026-03-13T15:41:32Z</time></trkpt><trkpt lat="46.091755" lon="7.2488"><ele>2092.4</ele><time>2026-03-13T15:41:33Z</time></trkpt><trkpt lat="46.09176" lon="7.248755"><ele>2091.0</ele><time>2026-03-13T15:41:34Z</time></trkpt><trkpt lat="46.091767" lon="7.248707"><ele>2089.6</ele><time>2026-03-13T15:41:35Z</time></trkpt><trkpt lat="46.091772" lon="7.248657"><ele>2088.2</ele><time>2026-03-13T15:41:36Z</time></trkpt><trkpt lat="46.09178" lon="7.248607"><ele>2086.6</ele><time>2026-03-13T15:41:37Z</time></trkpt><trkpt lat="46.091787" lon="7.248562"><ele>2085.2</ele><time>2026-03-13T15:41:38Z</time></trkpt><trkpt lat="46.091787" lon="7.24852"><ele>2083.6</ele><time>2026-03-13T15:41:39Z</time></trkpt><trkpt lat="46.091795" lon="7.248475"><ele>2082.0</ele><time>2026-03-13T15:41:40Z</time></trkpt><trkpt lat="46.0918" lon="7.248425"><ele>2080.2</ele><time>2026-03-13T15:41:41Z</time></trkpt><trkpt lat="46.091797" lon="7.248377"><ele>2078.4</ele><time>2026-03-13T15:41:42Z</time></trkpt><trkpt lat="46.091802" lon="7.248332"><ele>2076.4</ele><time>2026-03-13T15:41:43Z</time></trkpt><trkpt lat="46.09181" lon="7.248287"><ele>2074.4</ele><time>2026-03-13T15:41:44Z</time></trkpt><trkpt lat="46.091817" lon="7.248237"><ele>2072.2</ele><time>2026-03-13T15:41:45Z</time></trkpt><trkpt lat="46.091822" lon="7.248192"><ele>2070.2</ele><time>2026-03-13T15:41:46Z</time></trkpt><trkpt lat="46.09183" lon="7.248142"><ele>2068.0</ele><time>2026-03-13T15:41:47Z</time></trkpt><trkpt lat="46.091837" lon="7.248095"><ele>2065.8</ele><time>2026-03-13T15:41:48Z</time></trkpt><trkpt lat="46.091847" lon="7.248047"><ele>2063.6</ele><time>2026-03-13T15:41:49Z</time></trkpt><trkpt lat="46.091852" lon="7.248002"><ele>2061.4</ele><time>2026-03-13T15:41:50Z</time></trkpt><trkpt lat="46.09186" lon="7.247955"><ele>2059.2</ele><time>2026-03-13T15:41:51Z</time></trkpt><trkpt lat="46.09187" lon="7.247905"><ele>2057.0</ele><time>2026-03-13T15:41:52Z</time></trkpt><trkpt lat="46.091877" lon="7.247857"><ele>2054.8</ele><time>2026-03-13T15:41:53Z</time></trkpt><trkpt lat="46.091882" lon="7.247807"><ele>2052.8</ele><time>2026-03-13T15:41:54Z</time></trkpt><trkpt lat="46.09189" lon="7.24776"><ele>2050.6</ele><time>2026-03-13T15:41:55Z</time></trkpt><trkpt lat="46.091897" lon="7.247707"><ele>2048.4</ele><time>2026-03-13T15:41:56Z</time></trkpt><trkpt lat="46.0919" lon="7.247657"><ele>2046.4</ele><time>2026-03-13T15:41:57Z</time></trkpt><trkpt lat="46.091905" lon="7.247612"><ele>2044.0</ele><time>2026-03-13T15:41:58Z</time></trkpt><trkpt lat="46.091907" lon="7.247562"><ele>2041.8</ele><time>2026-03-13T15:41:59Z</time></trkpt><trkpt lat="46.091912" lon="7.247512"><ele>2039.6</ele><time>2026-03-13T15:42:00Z</time></trkpt><trkpt lat="46.091922" lon="7.247462"><ele>2037.4</ele><time>2026-03-13T15:42:01Z</time></trkpt><trkpt lat="46.091932" lon="7.247412"><ele>2035.2</ele><time>2026-03-13T15:42:02Z</time></trkpt><trkpt lat="46.091937" lon="7.247362"><ele>2033.2</ele><time>2026-03-13T15:42:03Z</time></trkpt><trkpt lat="46.091945" lon="7.247315"><ele>2031.0</ele><time>2026-03-13T15:42:04Z</time></trkpt><trkpt lat="46.09195" lon="7.247262"><ele>2029.0</ele><time>2026-03-13T15:42:05Z</time></trkpt><trkpt lat="46.091955" lon="7.247212"><ele>2026.8</ele><time>2026-03-13T15:42:06Z</time></trkpt><trkpt lat="46.09196" lon="7.247165"><ele>2024.8</ele><time>2026-03-13T15:42:07Z</time></trkpt><trkpt lat="46.091967" lon="7.247117"><ele>2023.0</ele><time>2026-03-13T15:42:08Z</time></trkpt><trkpt lat="46.091972" lon="7.247067"><ele>2021.0</ele><time>2026-03-13T15:42:09Z</time></trkpt><trkpt lat="46.091977" lon="7.247015"><ele>2019.0</ele><time>2026-03-13T15:42:10Z</time></trkpt><trkpt lat="46.09198" lon="7.246962"><ele>2016.8</ele><time>2026-03-13T15:42:11Z</time></trkpt><trkpt lat="46.09198" lon="7.246915"><ele>2014.8</ele><time>2026-03-13T15:42:12Z</time></trkpt><trkpt lat="46.09198" lon="7.246863"><ele>2013.0</ele><time>2026-03-13T15:42:13Z</time></trkpt><trkpt lat="46.091982" lon="7.246812"><ele>2011.0</ele><time>2026-03-13T15:42:14Z</time></trkpt><trkpt lat="46.091982" lon="7.246762"><ele>2009.0</ele><time>2026-03-13T15:42:15Z</time></trkpt><trkpt lat="46.09199" lon="7.246712"><ele>2007.2</ele><time>2026-03-13T15:42:16Z</time></trkpt><trkpt lat="46.091997" lon="7.246665"><ele>2005.4</ele><time>2026-03-13T15:42:17Z</time></trkpt><trkpt lat="46.092002" lon="7.246615"><ele>2003.4</ele><time>2026-03-13T15:42:18Z</time></trkpt><trkpt lat="46.092002" lon="7.246565"><ele>2001.6</ele><time>2026-03-13T15:42:19Z</time></trkpt><trkpt lat="46.092007" lon="7.246512"><ele>1999.6</ele><time>2026-03-13T15:42:20Z</time></trkpt><trkpt lat="46.092012" lon="7.246462"><ele>1997.8</ele><time>2026-03-13T15:42:21Z</time></trkpt><trkpt lat="46.092022" lon="7.246412"><ele>1996.0</ele><time>2026-03-13T15:42:22Z</time></trkpt><trkpt lat="46.092027" lon="7.246362"><ele>1994.4</ele><time>2026-03-13T15:42:23Z</time></trkpt><trkpt lat="46.092035" lon="7.246312"><ele>1992.6</ele><time>2026-03-13T15:42:24Z</time></trkpt><trkpt lat="46.092042" lon="7.246267"><ele>1991.0</ele><time>2026-03-13T15:42:25Z</time></trkpt><trkpt lat="46.09205" lon="7.24622"><ele>1989.2</ele><time>2026-03-13T15:42:26Z</time></trkpt><trkpt lat="46.092057" lon="7.246172"><ele>1987.4</ele><time>2026-03-13T15:42:27Z</time></trkpt><trkpt lat="46.092062" lon="7.246132"><ele>1985.4</ele><time>2026-03-13T15:42:28Z</time></trkpt><trkpt lat="46.092067" lon="7.246087"><ele>1983.4</ele><time>2026-03-13T15:42:29Z</time></trkpt><trkpt lat="46.092072" lon="7.246038"><ele>1981.4</ele><time>2026-03-13T15:42:30Z</time></trkpt><trkpt lat="46.092082" lon="7.245992"><ele>1979.6</ele><time>2026-03-13T15:42:31Z</time></trkpt><trkpt lat="46.09209" lon="7.245945"><ele>1977.6</ele><time>2026-03-13T15:42:32Z</time></trkpt><trkpt lat="46.092097" lon="7.245895"><ele>1975.6</ele><time>2026-03-13T15:42:33Z</time></trkpt><trkpt lat="46.092102" lon="7.245847"><ele>1973.4</ele><time>2026-03-13T15:42:34Z</time></trkpt><trkpt lat="46.092112" lon="7.245797"><ele>1971.4</ele><time>2026-03-13T15:42:35Z</time></trkpt><trkpt lat="46.092122" lon="7.24575"><ele>1969.4</ele><time>2026-03-13T15:42:36Z</time></trkpt><trkpt lat="46.092127" lon="7.245697"><ele>1967.2</ele><time>2026-03-13T15:42:37Z</time></trkpt><trkpt lat="46.092137" lon="7.245647"><ele>1965.2</ele><time>2026-03-13T15:42:38Z</time></trkpt><trkpt lat="46.092142" lon="7.245597"><ele>1963.2</ele><time>2026-03-13T15:42:39Z</time></trkpt><trkpt lat="46.092152" lon="7.245547"><ele>1961.2</ele><time>2026-03-13T15:42:40Z</time></trkpt><trkpt lat="46.092157" lon="7.245497"><ele>1959.2</ele><time>2026-03-13T15:42:41Z</time></trkpt><trkpt lat="46.092162" lon="7.245445"><ele>1957.2</ele><time>2026-03-13T15:42:42Z</time></trkpt><trkpt lat="46.09217" lon="7.245392"><ele>1955.2</ele><time>2026-03-13T15:42:43Z</time></trkpt><trkpt lat="46.092175" lon="7.245342"><ele>1953.2</ele><time>2026-03-13T15:42:44Z</time></trkpt><trkpt lat="46.092182" lon="7.245292"><ele>1951.2</ele><time>2026-03-13T15:42:45Z</time></trkpt><trkpt lat="46.092187" lon="7.245242"><ele>1949.2</ele><time>2026-03-13T15:42:46Z</time></trkpt><trkpt lat="46.092193" lon="7.245195"><ele>1947.4</ele><time>2026-03-13T15:42:47Z</time></trkpt><trkpt lat="46.092202" lon="7.245147"><ele>1945.4</ele><time>2026-03-13T15:42:48Z</time></trkpt><trkpt lat="46.09221" lon="7.245102"><ele>1943.6</ele><time>2026-03-13T15:42:49Z</time></trkpt><trkpt lat="46.092217" lon="7.245052"><ele>1941.6</ele><time>2026-03-13T15:42:50Z</time></trkpt><trkpt lat="46.092225" lon="7.245005"><ele>1939.6</ele><time>2026-03-13T15:42:51Z</time></trkpt><trkpt lat="46.092227" lon="7.244957"><ele>1937.6</ele><time>2026-03-13T15:42:52Z</time></trkpt><trkpt lat="46.092235" lon="7.24491"><ele>1935.6</ele><time>2026-03-13T15:42:53Z</time></trkpt><trkpt lat="46.09224" lon="7.24486"><ele>1933.4</ele><time>2026-03-13T15:42:54Z</time></trkpt><trkpt lat="46.092247" lon="7.244812"><ele>1931.2</ele><time>2026-03-13T15:42:55Z</time></trkpt><trkpt lat="46.092252" lon="7.244765"><ele>1929.0</ele><time>2026-03-13T15:42:56Z</time></trkpt><trkpt lat="46.09226" lon="7.244717"><ele>1926.8</ele><time>2026-03-13T15:42:57Z</time></trkpt><trkpt lat="46.092263" lon="7.244667"><ele>1924.6</ele><time>2026-03-13T15:42:58Z</time></trkpt><trkpt lat="46.09227" lon="7.244622"><ele>1922.4</ele><time>2026-03-13T15:42:59Z</time></trkpt><trkpt lat="46.092277" lon="7.244577"><ele>1920.2</ele><time>2026-03-13T15:43:00Z</time></trkpt><trkpt lat="46.092282" lon="7.244532"><ele>1918.0</ele><time>2026-03-13T15:43:01Z</time></trkpt><trkpt lat="46.092287" lon="7.244487"><ele>1916.0</ele><time>2026-03-13T15:43:02Z</time></trkpt><trkpt lat="46.092297" lon="7.244442"><ele>1913.8</ele><time>2026-03-13T15:43:03Z</time></trkpt><trkpt lat="46.092302" lon="7.244392"><ele>1911.6</ele><time>2026-03-13T15:43:04Z</time></trkpt><trkpt lat="46.09231" lon="7.244342"><ele>1909.4</ele><time>2026-03-13T15:43:05Z</time></trkpt><trkpt lat="46.092317" lon="7.244292"><ele>1907.4</ele><time>2026-03-13T15:43:06Z</time></trkpt><trkpt lat="46.092325" lon="7.24424"><ele>1905.2</ele><time>2026-03-13T15:43:07Z</time></trkpt><trkpt lat="46.092332" lon="7.24419"><ele>1903.2</ele><time>2026-03-13T15:43:08Z</time></trkpt><trkpt lat="46.092337" lon="7.244142"><ele>1901.0</ele><time>2026-03-13T15:43:09Z</time></trkpt><trkpt lat="46.092347" lon="7.244092"><ele>1899.0</ele><time>2026-03-13T15:43:10Z</time></trkpt><trkpt lat="46.092355" lon="7.24404"><ele>1897.0</ele><time>2026-03-13T15:43:11Z</time></trkpt><trkpt lat="46.092362" lon="7.243987"><ele>1895.0</ele><time>2026-03-13T15:43:12Z</time></trkpt><trkpt lat="46.09237" lon="7.24394"><ele>1893.0</ele><time>2026-03-13T15:43:13Z</time></trkpt><trkpt lat="46.092377" lon="7.243887"><ele>1891.0</ele><time>2026-03-13T15:43:14Z</time></trkpt><trkpt lat="46.092385" lon="7.243845"><ele>1888.8</ele><time>2026-03-13T15:43:15Z</time></trkpt><trkpt lat="46.09239" lon="7.243805"><ele>1886.8</ele><time>2026-03-13T15:43:16Z</time></trkpt><trkpt lat="46.092397" lon="7.243752"><ele>1884.8</ele><time>2026-03-13T15:43:17Z</time></trkpt><trkpt lat="46.092402" lon="7.243707"><ele>1882.8</ele><time>2026-03-13T15:43:18Z</time></trkpt><trkpt lat="46.09241" lon="7.243657"><ele>1881.0</ele><time>2026-03-13T15:43:19Z</time></trkpt><trkpt lat="46.092417" lon="7.243612"><ele>1879.0</ele><time>2026-03-13T15:43:20Z</time></trkpt><trkpt lat="46.092422" lon="7.243562"><ele>1877.2</ele><time>2026-03-13T15:43:21Z</time></trkpt><trkpt lat="46.092427" lon="7.243512"><ele>1875.4</ele><time>2026-03-13T15:43:22Z</time></trkpt><trkpt lat="46.09243" lon="7.243462"><ele>1873.6</ele><time>2026-03-13T15:43:23Z</time></trkpt><trkpt lat="46.092435" lon="7.243412"><ele>1871.6</ele><time>2026-03-13T15:43:24Z</time></trkpt><trkpt lat="46.092442" lon="7.243367"><ele>1870.0</ele><time>2026-03-13T15:43:25Z</time></trkpt><trkpt lat="46.092447" lon="7.243317"><ele>1868.2</ele><time>2026-03-13T15:43:26Z</time></trkpt><trkpt lat="46.092457" lon="7.243267"><ele>1866.4</ele><time>2026-03-13T15:43:27Z</time></trkpt><trkpt lat="46.092462" lon="7.24321"><ele>1864.6</ele><time>2026-03-13T15:43:28Z</time></trkpt><trkpt lat="46.092457" lon="7.243157"><ele>1862.6</ele><time>2026-03-13T15:43:29Z</time></trkpt><trkpt lat="46.092465" lon="7.243105"><ele>1860.6</ele><time>2026-03-13T15:43:30Z</time></trkpt><trkpt lat="46.092472" lon="7.24305"><ele>1859.0</ele><time>2026-03-13T15:43:31Z</time></trkpt><trkpt lat="46.09248" lon="7.242997"><ele>1857.4</ele><time>2026-03-13T15:43:32Z</time></trkpt><trkpt lat="46.092487" lon="7.242947"><ele>1856.0</ele><time>2026-03-13T15:43:33Z</time></trkpt><trkpt lat="46.092492" lon="7.242895"><ele>1854.8</ele><time>2026-03-13T15:43:34Z</time></trkpt><trkpt lat="46.092497" lon="7.242845"><ele>1853.4</ele><time>2026-03-13T15:43:35Z</time></trkpt><trkpt lat="46.092502" lon="7.242792"><ele>1852.0</ele><time>2026-03-13T15:43:36Z</time></trkpt><trkpt lat="46.092507" lon="7.242737"><ele>1851.0</ele><time>2026-03-13T15:43:37Z</time></trkpt><trkpt lat="46.092512" lon="7.242682"><ele>1849.8</ele><time>2026-03-13T15:43:38Z</time></trkpt><trkpt lat="46.092522" lon="7.242627"><ele>1848.6</ele><time>2026-03-13T15:43:39Z</time></trkpt><trkpt lat="46.092532" lon="7.242572"><ele>1847.4</ele><time>2026-03-13T15:43:40Z</time></trkpt><trkpt lat="46.092537" lon="7.242515"><ele>1846.4</ele><time>2026-03-13T15:43:41Z</time></trkpt><trkpt lat="46.092545" lon="7.242462"><ele>1845.4</ele><time>2026-03-13T15:43:42Z</time></trkpt><trkpt lat="46.092552" lon="7.242407"><ele>1844.4</ele><time>2026-03-13T15:43:43Z</time></trkpt><trkpt lat="46.09256" lon="7.242352"><ele>1843.4</ele><time>2026-03-13T15:43:44Z</time></trkpt><trkpt lat="46.09257" lon="7.242302"><ele>1842.6</ele><time>2026-03-13T15:43:45Z</time></trkpt><trkpt lat="46.092577" lon="7.24225"><ele>1841.6</ele><time>2026-03-13T15:43:46Z</time></trkpt><trkpt lat="46.092582" lon="7.242202"><ele>1840.6</ele><time>2026-03-13T15:43:47Z</time></trkpt><trkpt lat="46.092587" lon="7.242152"><ele>1839.8</ele><time>2026-03-13T15:43:48Z</time></trkpt><trkpt lat="46.092592" lon="7.242098"><ele>1838.8</ele><time>2026-03-13T15:43:49Z</time></trkpt><trkpt lat="46.092597" lon="7.242047"><ele>1837.6</ele><time>2026-03-13T15:43:50Z</time></trkpt><trkpt lat="46.092605" lon="7.241997"><ele>1836.4</ele><time>2026-03-13T15:43:51Z</time></trkpt><trkpt lat="46.092612" lon="7.241945"><ele>1835.0</ele><time>2026-03-13T15:43:52Z</time></trkpt><trkpt lat="46.092617" lon="7.241895"><ele>1833.6</ele><time>2026-03-13T15:43:53Z</time></trkpt><trkpt lat="46.092625" lon="7.241842"><ele>1832.0</ele><time>2026-03-13T15:43:54Z</time></trkpt><trkpt lat="46.09263" lon="7.241785"><ele>1830.4</ele><time>2026-03-13T15:43:55Z</time></trkpt><trkpt lat="46.092635" lon="7.241732"><ele>1828.8</ele><time>2026-03-13T15:43:56Z</time></trkpt><trkpt lat="46.09264" lon="7.241677"><ele>1827.2</ele><time>2026-03-13T15:43:57Z</time></trkpt><trkpt lat="46.092647" lon="7.241622"><ele>1825.8</ele><time>2026-03-13T15:43:58Z</time></trkpt><trkpt lat="46.092652" lon="7.241572"><ele>1824.2</ele><time>2026-03-13T15:43:59Z</time></trkpt><trkpt lat="46.092657" lon="7.241517"><ele>1822.8</ele><time>2026-03-13T15:44:00Z</time></trkpt><trkpt lat="46.092662" lon="7.241465"><ele>1821.2</ele><time>2026-03-13T15:44:01Z</time></trkpt><trkpt lat="46.092667" lon="7.241412"><ele>1819.6</ele><time>2026-03-13T15:44:02Z</time></trkpt><trkpt lat="46.092675" lon="7.241362"><ele>1818.0</ele><time>2026-03-13T15:44:03Z</time></trkpt><trkpt lat="46.092682" lon="7.241312"><ele>1816.6</ele><time>2026-03-13T15:44:04Z</time></trkpt><trkpt lat="46.092687" lon="7.241265"><ele>1815.0</ele><time>2026-03-13T15:44:05Z</time></trkpt><trkpt lat="46.092692" lon="7.241215"><ele>1813.6</ele><time>2026-03-13T15:44:06Z</time></trkpt><trkpt lat="46.0927" lon="7.241165"><ele>1812.0</ele><time>2026-03-13T15:44:07Z</time></trkpt><trkpt lat="46.092707" lon="7.241117"><ele>1810.4</ele><time>2026-03-13T15:44:08Z</time></trkpt><trkpt lat="46.092712" lon="7.241065"><ele>1808.6</ele><time>2026-03-13T15:44:09Z</time></trkpt><trkpt lat="46.09272" lon="7.241015"><ele>1806.8</ele><time>2026-03-13T15:44:10Z</time></trkpt><trkpt lat="46.092727" lon="7.240965"><ele>1805.2</ele><time>2026-03-13T15:44:11Z</time></trkpt><trkpt lat="46.092737" lon="7.240917"><ele>1803.4</ele><time>2026-03-13T15:44:12Z</time></trkpt><trkpt lat="46.092742" lon="7.24087"><ele>1801.6</ele><time>2026-03-13T15:44:13Z</time></trkpt><trkpt lat="46.092747" lon="7.24082"><ele>1799.8</ele><time>2026-03-13T15:44:14Z</time></trkpt><trkpt lat="46.092752" lon="7.24077"><ele>1797.8</ele><time>2026-03-13T15:44:15Z</time></trkpt><trkpt lat="46.09276" lon="7.24072"><ele>1796.0</ele><time>2026-03-13T15:44:16Z</time></trkpt><trkpt lat="46.092767" lon="7.240667"><ele>1794.2</ele><time>2026-03-13T15:44:17Z</time></trkpt><trkpt lat="46.092772" lon="7.240617"><ele>1792.4</ele><time>2026-03-13T15:44:18Z</time></trkpt><trkpt lat="46.092777" lon="7.240567"><ele>1790.6</ele><time>2026-03-13T15:44:19Z</time></trkpt><trkpt lat="46.092785" lon="7.240515"><ele>1789.0</ele><time>2026-03-13T15:44:20Z</time></trkpt><trkpt lat="46.092792" lon="7.240462"><ele>1787.2</ele><time>2026-03-13T15:44:21Z</time></trkpt><trkpt lat="46.092797" lon="7.240412"><ele>1785.4</ele><time>2026-03-13T15:44:22Z</time></trkpt><trkpt lat="46.092802" lon="7.24036"><ele>1783.6</ele><time>2026-03-13T15:44:23Z</time></trkpt><trkpt lat="46.092807" lon="7.240305"><ele>1782.0</ele><time>2026-03-13T15:44:24Z</time></trkpt><trkpt lat="46.092812" lon="7.240252"><ele>1780.2</ele><time>2026-03-13T15:44:25Z</time></trkpt><trkpt lat="46.092817" lon="7.240202"><ele>1778.6</ele><time>2026-03-13T15:44:26Z</time></trkpt><trkpt lat="46.092825" lon="7.24015"><ele>1777.0</ele><time>2026-03-13T15:44:27Z</time></trkpt><trkpt lat="46.092832" lon="7.2401"><ele>1775.4</ele><time>2026-03-13T15:44:28Z</time></trkpt><trkpt lat="46.09284" lon="7.240047"><ele>1773.6</ele><time>2026-03-13T15:44:29Z</time></trkpt><trkpt lat="46.092847" lon="7.239992"><ele>1772.0</ele><time>2026-03-13T15:44:30Z</time></trkpt><trkpt lat="46.092857" lon="7.239942"><ele>1770.4</ele><time>2026-03-13T15:44:31Z</time></trkpt><trkpt lat="46.092865" lon="7.239892"><ele>1768.8</ele><time>2026-03-13T15:44:32Z</time></trkpt><trkpt lat="46.092872" lon="7.239842"><ele>1767.4</ele><time>2026-03-13T15:44:33Z</time></trkpt><trkpt lat="46.092882" lon="7.239792"><ele>1766.0</ele><time>2026-03-13T15:44:34Z</time></trkpt><trkpt lat="46.09289" lon="7.23974"><ele>1764.4</ele><time>2026-03-13T15:44:35Z</time></trkpt><trkpt lat="46.092897" lon="7.23969"><ele>1762.8</ele><time>2026-03-13T15:44:36Z</time></trkpt><trkpt lat="46.092902" lon="7.239635"><ele>1761.4</ele><time>2026-03-13T15:44:37Z</time></trkpt><trkpt lat="46.092907" lon="7.239582"><ele>1759.8</ele><time>2026-03-13T15:44:38Z</time></trkpt><trkpt lat="46.092915" lon="7.239532"><ele>1758.4</ele><time>2026-03-13T15:44:39Z</time></trkpt><trkpt lat="46.09292" lon="7.23948"><ele>1757.0</ele><time>2026-03-13T15:44:40Z</time></trkpt><trkpt lat="46.092927" lon="7.239427"><ele>1755.8</ele><time>2026-03-13T15:44:41Z</time></trkpt><trkpt lat="46.092932" lon="7.23938"><ele>1754.4</ele><time>2026-03-13T15:44:42Z</time></trkpt><trkpt lat="46.09294" lon="7.239332"><ele>1753.2</ele><time>2026-03-13T15:44:43Z</time></trkpt><trkpt lat="46.092947" lon="7.239285"><ele>1751.8</ele><time>2026-03-13T15:44:44Z</time></trkpt><trkpt lat="46.092955" lon="7.239235"><ele>1750.2</ele><time>2026-03-13T15:44:45Z</time></trkpt><trkpt lat="46.092962" lon="7.23919"><ele>1748.8</ele><time>2026-03-13T15:44:46Z</time></trkpt><trkpt lat="46.09297" lon="7.239137"><ele>1747.0</ele><time>2026-03-13T15:44:47Z</time></trkpt><trkpt lat="46.092977" lon="7.239087"><ele>1745.4</ele><time>2026-03-13T15:44:48Z</time></trkpt><trkpt lat="46.092987" lon="7.239047"><ele>1743.6</ele><time>2026-03-13T15:44:49Z</time></trkpt><trkpt lat="46.092997" lon="7.239"><ele>1741.8</ele><time>2026-03-13T15:44:50Z</time></trkpt><trkpt lat="46.093007" lon="7.23895"><ele>1740.2</ele><time>2026-03-13T15:44:51Z</time></trkpt><trkpt lat="46.093015" lon="7.238897"><ele>1738.4</ele><time>2026-03-13T15:44:52Z</time></trkpt><trkpt lat="46.09302" lon="7.23885"><ele>1736.8</ele><time>2026-03-13T15:44:53Z</time></trkpt><trkpt lat="46.093027" lon="7.2388"><ele>1735.0</ele><time>2026-03-13T15:44:54Z</time></trkpt><trkpt lat="46.093035" lon="7.23875"><ele>1733.2</ele><time>2026-03-13T15:44:55Z</time></trkpt><trkpt lat="46.093037" lon="7.238697"><ele>1731.4</ele><time>2026-03-13T15:44:56Z</time></trkpt><trkpt lat="46.093042" lon="7.23865"><ele>1729.8</ele><time>2026-03-13T15:44:57Z</time></trkpt><trkpt lat="46.093047" lon="7.2386"><ele>1728.0</ele><time>2026-03-13T15:44:58Z</time></trkpt><trkpt lat="46.093052" lon="7.238547"><ele>1726.2</ele><time>2026-03-13T15:44:59Z</time></trkpt><trkpt lat="46.093057" lon="7.238497"><ele>1724.6</ele><time>2026-03-13T15:45:00Z</time></trkpt><trkpt lat="46.093065" lon="7.23845"><ele>1723.0</ele><time>2026-03-13T15:45:01Z</time></trkpt><trkpt lat="46.093072" lon="7.2384"><ele>1721.4</ele><time>2026-03-13T15:45:02Z</time></trkpt><trkpt lat="46.093077" lon="7.238347"><ele>1719.8</ele><time>2026-03-13T15:45:03Z</time></trkpt><trkpt lat="46.093085" lon="7.238297"><ele>1718.4</ele><time>2026-03-13T15:45:04Z</time></trkpt><trkpt lat="46.09309" lon="7.238257"><ele>1716.8</ele><time>2026-03-13T15:45:05Z</time></trkpt><trkpt lat="46.093097" lon="7.238207"><ele>1715.4</ele><time>2026-03-13T15:45:06Z</time></trkpt><trkpt lat="46.093102" lon="7.238157"><ele>1713.6</ele><time>2026-03-13T15:45:07Z</time></trkpt><trkpt lat="46.09311" lon="7.23811"><ele>1711.8</ele><time>2026-03-13T15:45:08Z</time></trkpt><trkpt lat="46.093117" lon="7.238062"><ele>1710.0</ele><time>2026-03-13T15:45:09Z</time></trkpt><trkpt lat="46.093122" lon="7.238012"><ele>1708.2</ele><time>2026-03-13T15:45:10Z</time></trkpt><trkpt lat="46.093127" lon="7.237962"><ele>1706.4</ele><time>2026-03-13T15:45:11Z</time></trkpt><trkpt lat="46.093132" lon="7.237912"><ele>1704.4</ele><time>2026-03-13T15:45:12Z</time></trkpt><trkpt lat="46.093132" lon="7.237862"><ele>1702.4</ele><time>2026-03-13T15:45:13Z</time></trkpt><trkpt lat="46.093135" lon="7.237807"><ele>1700.2</ele><time>2026-03-13T15:45:14Z</time></trkpt><trkpt lat="46.093137" lon="7.237755"><ele>1698.4</ele><time>2026-03-13T15:45:15Z</time></trkpt><trkpt lat="46.09314" lon="7.237707"><ele>1696.4</ele><time>2026-03-13T15:45:16Z</time></trkpt><trkpt lat="46.093145" lon="7.23766"><ele>1694.4</ele><time>2026-03-13T15:45:17Z</time></trkpt><trkpt lat="46.093152" lon="7.237612"><ele>1692.4</ele><time>2026-03-13T15:45:18Z</time></trkpt><trkpt lat="46.093162" lon="7.237562"><ele>1690.6</ele><time>2026-03-13T15:45:19Z</time></trkpt><trkpt lat="46.09317" lon="7.237512"><ele>1688.6</ele><time>2026-03-13T15:45:20Z</time></trkpt><trkpt lat="46.093177" lon="7.237462"><ele>1686.6</ele><time>2026-03-13T15:45:21Z</time></trkpt><trkpt lat="46.093182" lon="7.237412"><ele>1684.6</ele><time>2026-03-13T15:45:22Z</time></trkpt><trkpt lat="46.093192" lon="7.237362"><ele>1682.6</ele><time>2026-03-13T15:45:23Z</time></trkpt><trkpt lat="46.0932" lon="7.237312"><ele>1680.8</ele><time>2026-03-13T15:45:24Z</time></trkpt><trkpt lat="46.09321" lon="7.237262"><ele>1679.0</ele><time>2026-03-13T15:45:25Z</time></trkpt><trkpt lat="46.093217" lon="7.237215"><ele>1677.0</ele><time>2026-03-13T15:45:26Z</time></trkpt><trkpt lat="46.093222" lon="7.237167"><ele>1675.2</ele><time>2026-03-13T15:45:27Z</time></trkpt><trkpt lat="46.09323" lon="7.237112"><ele>1673.4</ele><time>2026-03-13T15:45:28Z</time></trkpt><trkpt lat="46.093235" lon="7.23706"><ele>1671.6</ele><time>2026-03-13T15:45:29Z</time></trkpt><trkpt lat="46.09324" lon="7.237012"><ele>1669.8</ele><time>2026-03-13T15:45:30Z</time></trkpt><trkpt lat="46.093247" lon="7.236962"><ele>1668.0</ele><time>2026-03-13T15:45:31Z</time></trkpt><trkpt lat="46.093252" lon="7.236912"><ele>1666.2</ele><time>2026-03-13T15:45:32Z</time></trkpt><trkpt lat="46.093257" lon="7.236862"><ele>1664.4</ele><time>2026-03-13T15:45:33Z</time></trkpt><trkpt lat="46.093265" lon="7.236807"><ele>1662.6</ele><time>2026-03-13T15:45:34Z</time></trkpt><trkpt lat="46.093272" lon="7.236757"><ele>1661.0</ele><time>2026-03-13T15:45:35Z</time></trkpt><trkpt lat="46.093277" lon="7.236705"><ele>1659.4</ele><time>2026-03-13T15:45:36Z</time></trkpt><trkpt lat="46.093285" lon="7.236652"><ele>1657.6</ele><time>2026-03-13T15:45:37Z</time></trkpt><trkpt lat="46.093292" lon="7.2366"><ele>1656.0</ele><time>2026-03-13T15:45:38Z</time></trkpt><trkpt lat="46.093297" lon="7.236547"><ele>1654.4</ele><time>2026-03-13T15:45:39Z</time></trkpt><trkpt lat="46.093305" lon="7.236497"><ele>1652.8</ele><time>2026-03-13T15:45:40Z</time></trkpt><trkpt lat="46.093312" lon="7.236443"><ele>1651.4</ele><time>2026-03-13T15:45:41Z</time></trkpt><trkpt lat="46.093317" lon="7.236392"><ele>1649.8</ele><time>2026-03-13T15:45:42Z</time></trkpt><trkpt lat="46.093322" lon="7.236337"><ele>1648.2</ele><time>2026-03-13T15:45:43Z</time></trkpt><trkpt lat="46.093327" lon="7.236287"><ele>1646.8</ele><time>2026-03-13T15:45:44Z</time></trkpt><trkpt lat="46.093335" lon="7.236235"><ele>1645.4</ele><time>2026-03-13T15:45:45Z</time></trkpt><trkpt lat="46.093342" lon="7.236185"><ele>1644.0</ele><time>2026-03-13T15:45:46Z</time></trkpt><trkpt lat="46.093347" lon="7.236137"><ele>1642.4</ele><time>2026-03-13T15:45:47Z</time></trkpt><trkpt lat="46.093352" lon="7.23609"><ele>1641.0</ele><time>2026-03-13T15:45:48Z</time></trkpt><trkpt lat="46.093362" lon="7.236042"><ele>1639.6</ele><time>2026-03-13T15:45:49Z</time></trkpt><trkpt lat="46.093367" lon="7.235992"><ele>1638.0</ele><time>2026-03-13T15:45:50Z</time></trkpt><trkpt lat="46.093372" lon="7.235945"><ele>1636.4</ele><time>2026-03-13T15:45:51Z</time></trkpt><trkpt lat="46.09338" lon="7.235897"><ele>1634.6</ele><time>2026-03-13T15:45:52Z</time></trkpt><trkpt lat="46.093382" lon="7.235847"><ele>1632.6</ele><time>2026-03-13T15:45:53Z</time></trkpt><trkpt lat="46.093385" lon="7.235797"><ele>1630.6</ele><time>2026-03-13T15:45:54Z</time></trkpt><trkpt lat="46.09339" lon="7.235747"><ele>1628.8</ele><time>2026-03-13T15:45:55Z</time></trkpt><trkpt lat="46.093397" lon="7.235697"><ele>1626.8</ele><time>2026-03-13T15:45:56Z</time></trkpt><trkpt lat="46.093402" lon="7.235647"><ele>1624.8</ele><time>2026-03-13T15:45:57Z</time></trkpt><trkpt lat="46.09341" lon="7.235595"><ele>1622.8</ele><time>2026-03-13T15:45:58Z</time></trkpt><trkpt lat="46.093422" lon="7.235542"><ele>1620.8</ele><time>2026-03-13T15:45:59Z</time></trkpt><trkpt lat="46.093432" lon="7.235487"><ele>1618.8</ele><time>2026-03-13T15:46:00Z</time></trkpt><trkpt lat="46.093437" lon="7.235437"><ele>1616.8</ele><time>2026-03-13T15:46:01Z</time></trkpt><trkpt lat="46.093442" lon="7.235385"><ele>1614.6</ele><time>2026-03-13T15:46:02Z</time></trkpt><trkpt lat="46.09345" lon="7.235332"><ele>1612.6</ele><time>2026-03-13T15:46:03Z</time></trkpt><trkpt lat="46.093452" lon="7.235282"><ele>1610.6</ele><time>2026-03-13T15:46:04Z</time></trkpt><trkpt lat="46.093457" lon="7.23523"><ele>1608.6</ele><time>2026-03-13T15:46:05Z</time></trkpt><trkpt lat="46.093462" lon="7.235177"><ele>1606.6</ele><time>2026-03-13T15:46:06Z</time></trkpt><trkpt lat="46.093467" lon="7.235122"><ele>1604.8</ele><time>2026-03-13T15:46:07Z</time></trkpt><trkpt lat="46.093473" lon="7.235072"><ele>1602.8</ele><time>2026-03-13T15:46:08Z</time></trkpt><trkpt lat="46.093477" lon="7.235022"><ele>1601.0</ele><time>2026-03-13T15:46:09Z</time></trkpt><trkpt lat="46.093482" lon="7.234972"><ele>1599.0</ele><time>2026-03-13T15:46:10Z</time></trkpt><trkpt lat="46.093487" lon="7.234917"><ele>1597.2</ele><time>2026-03-13T15:46:11Z</time></trkpt><trkpt lat="46.093492" lon="7.234865"><ele>1595.4</ele><time>2026-03-13T15:46:12Z</time></trkpt><trkpt lat="46.093497" lon="7.234815"><ele>1593.4</ele><time>2026-03-13T15:46:13Z</time></trkpt><trkpt lat="46.093507" lon="7.234767"><ele>1591.6</ele><time>2026-03-13T15:46:14Z</time></trkpt><trkpt lat="46.093512" lon="7.234717"><ele>1590.0</ele><time>2026-03-13T15:46:15Z</time></trkpt><trkpt lat="46.093522" lon="7.234662"><ele>1588.2</ele><time>2026-03-13T15:46:16Z</time></trkpt><trkpt lat="46.093525" lon="7.234612"><ele>1586.4</ele><time>2026-03-13T15:46:17Z</time></trkpt><trkpt lat="46.09353" lon="7.234565"><ele>1584.6</ele><time>2026-03-13T15:46:18Z</time></trkpt><trkpt lat="46.093537" lon="7.234515"><ele>1583.0</ele><time>2026-03-13T15:46:19Z</time></trkpt><trkpt lat="46.09354" lon="7.234467"><ele>1581.4</ele><time>2026-03-13T15:46:20Z</time></trkpt><trkpt lat="46.09354" lon="7.234422"><ele>1579.6</ele><time>2026-03-13T15:46:21Z</time></trkpt><trkpt lat="46.093547" lon="7.234372"><ele>1578.0</ele><time>2026-03-13T15:46:22Z</time></trkpt><trkpt lat="46.093557" lon="7.234322"><ele>1576.4</ele><time>2026-03-13T15:46:23Z</time></trkpt><trkpt lat="46.093565" lon="7.234277"><ele>1575.0</ele><time>2026-03-13T15:46:24Z</time></trkpt><trkpt lat="46.093572" lon="7.234235"><ele>1573.4</ele><time>2026-03-13T15:46:25Z</time></trkpt><trkpt lat="46.093592" lon="7.234205"><ele>1572.0</ele><time>2026-03-13T15:46:26Z</time></trkpt><trkpt lat="46.0936" lon="7.234167"><ele>1570.6</ele><time>2026-03-13T15:46:27Z</time></trkpt><trkpt lat="46.093597" lon="7.234132"><ele>1569.0</ele><time>2026-03-13T15:46:28Z</time></trkpt><trkpt lat="46.0936" lon="7.234087"><ele>1567.6</ele><time>2026-03-13T15:46:29Z</time></trkpt><trkpt lat="46.09359" lon="7.234037"><ele>1566.0</ele><time>2026-03-13T15:46:30Z</time></trkpt><trkpt lat="46.093597" lon="7.234005"><ele>1564.0</ele><time>2026-03-13T15:46:31Z</time></trkpt><trkpt lat="46.093607" lon="7.233972"><ele>1562.2</ele><time>2026-03-13T15:46:32Z</time></trkpt><trkpt lat="46.093622" lon="7.233957"><ele>1560.2</ele><time>2026-03-13T15:46:33Z</time></trkpt><trkpt lat="46.093627" lon="7.233932"><ele>1558.4</ele><time>2026-03-13T15:46:34Z</time></trkpt><trkpt lat="46.093732" lon="7.233372"><ele>1544.6</ele><time>2026-03-13T15:47:51Z</time></trkpt><trkpt lat="46.093707" lon="7.233372"><ele>1544.4</ele><time>2026-03-13T15:47:54Z</time></trkpt><trkpt lat="46.093692" lon="7.233352"><ele>1544.4</ele><time>2026-03-13T15:47:56Z</time></trkpt><trkpt lat="46.093677" lon="7.233315"><ele>1544.4</ele><time>2026-03-13T15:47:58Z</time></trkpt><trkpt lat="46.093662" lon="7.233287"><ele>1544.4</ele><time>2026-03-13T15:48:00Z</time></trkpt><trkpt lat="46.093672" lon="7.23325"><ele>1544.4</ele><time>2026-03-13T15:48:01Z</time></trkpt><trkpt lat="46.093677" lon="7.233222"><ele>1544.4</ele><time>2026-03-13T15:48:02Z</time></trkpt><trkpt lat="46.093692" lon="7.233177"><ele>1544.6</ele><time>2026-03-13T15:48:04Z</time></trkpt><trkpt lat="46.093692" lon="7.233225"><ele>1544.6</ele><time>2026-03-13T15:48:06Z</time></trkpt><trkpt lat="46.09371" lon="7.233202"><ele>1544.8</ele><time>2026-03-13T15:48:12Z</time></trkpt><trkpt lat="46.09372" lon="7.23318"><ele>1544.2</ele><time>2026-03-13T15:48:20Z</time></trkpt><trkpt lat="46.093732" lon="7.233152"><ele>1544.0</ele><time>2026-03-13T15:48:22Z</time></trkpt><trkpt lat="46.09375" lon="7.233122"><ele>1544.0</ele><time>2026-03-13T15:48:24Z</time></trkpt><trkpt lat="46.093762" lon="7.2331"><ele>1543.8</ele><time>2026-03-13T15:48:26Z</time></trkpt><trkpt lat="46.093782" lon="7.233077"><ele>1543.8</ele><time>2026-03-13T15:48:30Z</time></trkpt><trkpt lat="46.093797" lon="7.233052"><ele>1543.6</ele><time>2026-03-13T15:48:34Z</time></trkpt><trkpt lat="46.093812" lon="7.233037"><ele>1543.6</ele><time>2026-03-13T15:48:37Z</time></trkpt><trkpt lat="46.093827" lon="7.233017"><ele>1543.2</ele><time>2026-03-13T15:48:40Z</time></trkpt><trkpt lat="46.09384" lon="7.232995"><ele>1542.8</ele><time>2026-03-13T15:48:43Z</time></trkpt><trkpt lat="46.093847" lon="7.232967"><ele>1542.4</ele><time>2026-03-13T15:48:45Z</time></trkpt><trkpt lat="46.093847" lon="7.23294"><ele>1542.0</ele><time>2026-03-13T15:48:47Z</time></trkpt><trkpt lat="46.093847" lon="7.232905"><ele>1541.6</ele><time>2026-03-13T15:48:49Z</time></trkpt><trkpt lat="46.093852" lon="7.232872"><ele>1541.4</ele><time>2026-03-13T15:48:51Z</time></trkpt><trkpt lat="46.093865" lon="7.232842"><ele>1541.0</ele><time>2026-03-13T15:48:53Z</time></trkpt><trkpt lat="46.093877" lon="7.232817"><ele>1540.8</ele><time>2026-03-13T15:48:55Z</time></trkpt><trkpt lat="46.093897" lon="7.232787"><ele>1540.4</ele><time>2026-03-13T15:48:57Z</time></trkpt><trkpt lat="46.093915" lon="7.232765"><ele>1540.2</ele><time>2026-03-13T15:48:59Z</time></trkpt><trkpt lat="46.093935" lon="7.23274"><ele>1540.0</ele><time>2026-03-13T15:49:01Z</time></trkpt><trkpt lat="46.093952" lon="7.232715"><ele>1539.6</ele><time>2026-03-13T15:49:03Z</time></trkpt><trkpt lat="46.093967" lon="7.23269"><ele>1539.4</ele><time>2026-03-13T15:49:05Z</time></trkpt><trkpt lat="46.093985" lon="7.232662"><ele>1539.0</ele><time>2026-03-13T15:49:07Z</time></trkpt><trkpt lat="46.094" lon="7.23263"><ele>1538.6</ele><time>2026-03-13T15:49:09Z</time></trkpt><trkpt lat="46.094015" lon="7.232595"><ele>1538.2</ele><time>2026-03-13T15:49:12Z</time></trkpt><trkpt lat="46.094035" lon="7.232572"><ele>1537.8</ele><time>2026-03-13T15:49:14Z</time></trkpt><trkpt lat="46.094047" lon="7.232542"><ele>1537.6</ele><time>2026-03-13T15:49:16Z</time></trkpt><trkpt lat="46.094057" lon="7.232512"><ele>1537.4</ele><time>2026-03-13T15:49:18Z</time></trkpt><trkpt lat="46.094062" lon="7.232477"><ele>1537.2</ele><time>2026-03-13T15:49:20Z</time></trkpt><trkpt lat="46.094067" lon="7.232447"><ele>1536.8</ele><time>2026-03-13T15:49:22Z</time></trkpt><trkpt lat="46.094072" lon="7.232417"><ele>1536.4</ele><time>2026-03-13T15:49:24Z</time></trkpt><trkpt lat="46.094085" lon="7.232392"><ele>1536.2</ele><time>2026-03-13T15:49:26Z</time></trkpt><trkpt lat="46.094097" lon="7.232372"><ele>1535.8</ele><time>2026-03-13T15:49:28Z</time></trkpt><trkpt lat="46.09411" lon="7.232347"><ele>1535.6</ele><time>2026-03-13T15:49:30Z</time></trkpt><trkpt lat="46.094127" lon="7.232322"><ele>1535.4</ele><time>2026-03-13T15:49:32Z</time></trkpt><trkpt lat="46.094145" lon="7.232312"><ele>1535.2</ele><time>2026-03-13T15:49:34Z</time></trkpt><trkpt lat="46.094163" lon="7.232325"><ele>1534.6</ele><time>2026-03-13T15:49:41Z</time></trkpt><trkpt lat="46.094185" lon="7.232362"><ele>1535.2</ele><time>2026-03-13T15:50:56Z</time></trkpt><trkpt lat="46.094205" lon="7.232385"><ele>1535.2</ele><time>2026-03-13T15:50:57Z</time></trkpt><trkpt lat="46.094225" lon="7.232405"><ele>1535.2</ele><time>2026-03-13T15:50:58Z</time></trkpt><trkpt lat="46.094242" lon="7.23242"><ele>1535.2</ele><time>2026-03-13T15:50:59Z</time></trkpt><trkpt lat="46.094257" lon="7.232435"><ele>1535.2</ele><time>2026-03-13T15:51:01Z</time></trkpt><trkpt lat="46.094285" lon="7.232435"><ele>1535.2</ele><time>2026-03-13T15:51:04Z</time></trkpt><trkpt lat="46.094267" lon="7.232452"><ele>1535.0</ele><time>2026-03-13T15:51:20Z</time></trkpt><trkpt lat="46.094292" lon="7.232447"><ele>1535.2</ele><time>2026-03-13T15:51:38Z</time></trkpt><trkpt lat="46.094305" lon="7.232472"><ele>1535.2</ele><time>2026-03-13T15:51:43Z</time></trkpt><trkpt lat="46.094277" lon="7.232465"><ele>1535.2</ele><time>2026-03-13T15:51:47Z</time></trkpt><trkpt lat="46.094257" lon="7.23248"><ele>1535.6</ele><time>2026-03-13T15:52:04Z</time></trkpt><trkpt lat="46.094252" lon="7.232512"><ele>1535.4</ele><time>2026-03-13T15:52:06Z</time></trkpt><trkpt lat="46.09425" lon="7.232545"><ele>1535.4</ele><time>2026-03-13T15:52:08Z</time></trkpt><trkpt lat="46.094255" lon="7.232575"><ele>1535.4</ele><time>2026-03-13T15:52:13Z</time></trkpt><trkpt lat="46.09425" lon="7.23264"><ele>1535.2</ele><time>2026-03-13T15:52:30Z</time></trkpt><trkpt lat="46.094232" lon="7.23268"><ele>1535.0</ele><time>2026-03-13T15:52:32Z</time></trkpt><trkpt lat="46.094217" lon="7.232702"><ele>1535.0</ele><time>2026-03-13T15:52:33Z</time></trkpt><trkpt lat="46.094197" lon="7.232725"><ele>1535.0</ele><time>2026-03-13T15:52:35Z</time></trkpt><trkpt lat="46.094197" lon="7.232693"><ele>1535.4</ele><time>2026-03-13T15:53:01Z</time></trkpt><trkpt lat="46.094207" lon="7.232662"><ele>1535.6</ele><time>2026-03-13T15:53:02Z</time></trkpt><trkpt lat="46.094225" lon="7.23262"><ele>1535.6</ele><time>2026-03-13T15:53:03Z</time></trkpt><trkpt lat="46.094242" lon="7.232575"><ele>1535.6</ele><time>2026-03-13T15:53:04Z</time></trkpt><trkpt lat="46.094257" lon="7.232537"><ele>1535.6</ele><time>2026-03-13T15:53:05Z</time></trkpt><trkpt lat="46.094267" lon="7.232507"><ele>1535.6</ele><time>2026-03-13T15:53:06Z</time></trkpt><trkpt lat="46.09429" lon="7.23249"><ele>1535.8</ele><time>2026-03-13T15:53:12Z</time></trkpt><trkpt lat="46.094297" lon="7.232465"><ele>1535.6</ele><time>2026-03-13T15:53:15Z</time></trkpt><trkpt lat="46.094252" lon="7.232357"><ele>1535.0</ele><time>2026-03-13T15:53:41Z</time></trkpt><trkpt lat="46.094202" lon="7.232307"><ele>1535.0</ele><time>2026-03-13T15:53:42Z</time></trkpt><trkpt lat="46.094175" lon="7.232317"><ele>1534.8</ele><time>2026-03-13T15:53:45Z</time></trkpt><trkpt lat="46.094152" lon="7.23233"><ele>1534.8</ele><time>2026-03-13T15:53:46Z</time></trkpt><trkpt lat="46.094127" lon="7.232343"><ele>1534.8</ele><time>2026-03-13T15:53:47Z</time></trkpt><trkpt lat="46.094097" lon="7.232357"><ele>1534.8</ele><time>2026-03-13T15:53:48Z</time></trkpt><trkpt lat="46.094072" lon="7.232372"><ele>1534.8</ele><time>2026-03-13T15:53:49Z</time></trkpt><trkpt lat="46.094057" lon="7.232385"><ele>1534.8</ele><time>2026-03-13T15:53:50Z</time></trkpt><trkpt lat="46.094042" lon="7.232405"><ele>1535.0</ele><time>2026-03-13T15:53:52Z</time></trkpt><trkpt lat="46.094022" lon="7.232432"><ele>1535.2</ele><time>2026-03-13T15:53:54Z</time></trkpt><trkpt lat="46.094015" lon="7.232457"><ele>1535.2</ele><time>2026-03-13T15:53:56Z</time></trkpt><trkpt lat="46.093997" lon="7.232482"><ele>1535.4</ele><time>2026-03-13T15:53:58Z</time></trkpt><trkpt lat="46.093982" lon="7.232503"><ele>1535.4</ele><time>2026-03-13T15:54:00Z</time></trkpt><trkpt lat="46.093967" lon="7.232532"><ele>1535.6</ele><time>2026-03-13T15:54:02Z</time></trkpt><trkpt lat="46.093955" lon="7.232555"><ele>1535.6</ele><time>2026-03-13T15:54:04Z</time></trkpt><trkpt lat="46.093942" lon="7.232577"><ele>1535.8</ele><time>2026-03-13T15:54:06Z</time></trkpt><trkpt lat="46.093932" lon="7.232605"><ele>1536.0</ele><time>2026-03-13T15:54:08Z</time></trkpt><trkpt lat="46.093917" lon="7.232635"><ele>1536.2</ele><time>2026-03-13T15:54:10Z</time></trkpt><trkpt lat="46.093905" lon="7.232655"><ele>1536.4</ele><time>2026-03-13T15:54:12Z</time></trkpt><trkpt lat="46.093887" lon="7.232677"><ele>1536.4</ele><time>2026-03-13T15:54:14Z</time></trkpt><trkpt lat="46.093865" lon="7.23271"><ele>1536.6</ele><time>2026-03-13T15:54:17Z</time></trkpt><trkpt lat="46.093852" lon="7.232732"><ele>1536.6</ele><time>2026-03-13T15:54:19Z</time></trkpt><trkpt lat="46.093837" lon="7.232752"><ele>1536.8</ele><time>2026-03-13T15:54:21Z</time></trkpt><trkpt lat="46.093827" lon="7.232782"><ele>1537.0</ele><time>2026-03-13T15:54:24Z</time></trkpt><trkpt lat="46.093815" lon="7.23281"><ele>1537.0</ele><time>2026-03-13T15:54:26Z</time></trkpt><trkpt lat="46.093802" lon="7.23284"><ele>1537.2</ele><time>2026-03-13T15:54:28Z</time></trkpt><trkpt lat="46.09379" lon="7.232862"><ele>1537.2</ele><time>2026-03-13T15:54:30Z</time></trkpt><trkpt lat="46.093772" lon="7.232882"><ele>1537.2</ele><time>2026-03-13T15:54:32Z</time></trkpt><trkpt lat="46.09376" lon="7.232905"><ele>1537.4</ele><time>2026-03-13T15:54:34Z</time></trkpt><trkpt lat="46.093737" lon="7.232925"><ele>1537.6</ele><time>2026-03-13T15:54:36Z</time></trkpt><trkpt lat="46.093722" lon="7.232937"><ele>1537.8</ele><time>2026-03-13T15:54:38Z</time></trkpt><trkpt lat="46.093697" lon="7.232932"><ele>1537.8</ele><time>2026-03-13T15:54:40Z</time></trkpt><trkpt lat="46.09368" lon="7.232932"><ele>1538.0</ele><time>2026-03-13T15:54:42Z</time></trkpt><trkpt lat="46.093657" lon="7.232927"><ele>1538.2</ele><time>2026-03-13T15:54:44Z</time></trkpt><trkpt lat="46.093645" lon="7.232895"><ele>1538.4</ele><time>2026-03-13T15:54:48Z</time></trkpt><trkpt lat="46.093617" lon="7.232882"><ele>1538.4</ele><time>2026-03-13T15:54:50Z</time></trkpt><trkpt lat="46.093597" lon="7.232882"><ele>1538.4</ele><time>2026-03-13T15:54:51Z</time></trkpt><trkpt lat="46.093512" lon="7.232822"><ele>1539.0</ele><time>2026-03-13T15:55:43Z</time></trkpt><trkpt lat="46.093565" lon="7.232782"><ele>1539.0</ele><time>2026-03-13T15:55:47Z</time></trkpt><trkpt lat="46.093587" lon="7.232785"><ele>1538.8</ele><time>2026-03-13T15:56:03Z</time></trkpt><trkpt lat="46.09361" lon="7.232772"><ele>1539.0</ele><time>2026-03-13T15:56:05Z</time></trkpt><trkpt lat="46.093635" lon="7.232762"><ele>1539.0</ele><time>2026-03-13T15:56:07Z</time></trkpt><trkpt lat="46.093652" lon="7.232788"><ele>1539.0</ele><time>2026-03-13T15:56:08Z</time></trkpt><trkpt lat="46.09368" lon="7.232805"><ele>1539.0</ele><time>2026-03-13T15:56:09Z</time></trkpt><trkpt lat="46.093697" lon="7.232827"><ele>1538.8</ele><time>2026-03-13T15:56:14Z</time></trkpt><trkpt lat="46.093692" lon="7.23287"><ele>1538.8</ele><time>2026-03-13T15:56:16Z</time></trkpt><trkpt lat="46.093712" lon="7.23288"><ele>1538.6</ele><time>2026-03-13T15:56:18Z</time></trkpt><trkpt lat="46.093735" lon="7.232875"><ele>1538.4</ele><time>2026-03-13T15:56:26Z</time></trkpt><trkpt lat="46.093727" lon="7.232865"><ele>1534.2</ele><time>2026-03-13T15:59:31Z</time></trkpt><trkpt lat="46.093737" lon="7.232842"><ele>1534.4</ele><time>2026-03-13T15:59:33Z</time></trkpt><trkpt lat="46.09375" lon="7.232807"><ele>1534.0</ele><time>2026-03-13T15:59:35Z</time></trkpt><trkpt lat="46.093755" lon="7.232837"><ele>1533.6</ele><time>2026-03-13T15:59:39Z</time></trkpt><trkpt lat="46.093742" lon="7.232877"><ele>1533.6</ele><time>2026-03-13T15:59:41Z</time></trkpt><trkpt lat="46.093727" lon="7.232907"><ele>1533.6</ele><time>2026-03-13T15:59:43Z</time></trkpt><trkpt lat="46.093707" lon="7.232932"><ele>1533.4</ele><time>2026-03-13T15:59:45Z</time></trkpt><trkpt lat="46.093697" lon="7.232957"><ele>1533.4</ele><time>2026-03-13T15:59:47Z</time></trkpt><trkpt lat="46.093675" lon="7.232977"><ele>1533.4</ele><time>2026-03-13T15:59:49Z</time></trkpt><trkpt lat="46.093655" lon="7.232987"><ele>1533.4</ele><time>2026-03-13T15:59:51Z</time></trkpt><trkpt lat="46.093632" lon="7.232995"><ele>1533.4</ele><time>2026-03-13T15:59:53Z</time></trkpt><trkpt lat="46.09361" lon="7.233007"><ele>1533.2</ele><time>2026-03-13T15:59:55Z</time></trkpt><trkpt lat="46.093587" lon="7.233017"><ele>1533.4</ele><time>2026-03-13T15:59:57Z</time></trkpt><trkpt lat="46.093567" lon="7.233032"><ele>1533.4</ele><time>2026-03-13T15:59:59Z</time></trkpt><trkpt lat="46.093542" lon="7.233042"><ele>1533.4</ele><time>2026-03-13T16:00:01Z</time></trkpt><trkpt lat="46.09352" lon="7.233055"><ele>1533.6</ele><time>2026-03-13T16:00:03Z</time></trkpt><trkpt lat="46.093497" lon="7.233067"><ele>1533.8</ele><time>2026-03-13T16:00:05Z</time></trkpt><trkpt lat="46.093472" lon="7.23307"><ele>1533.8</ele><time>2026-03-13T16:00:07Z</time></trkpt><trkpt lat="46.093457" lon="7.233047"><ele>1533.8</ele><time>2026-03-13T16:00:09Z</time></trkpt><trkpt lat="46.093447" lon="7.233017"><ele>1534.0</ele><time>2026-03-13T16:00:11Z</time></trkpt><trkpt lat="46.09344" lon="7.232987"><ele>1534.0</ele><time>2026-03-13T16:00:13Z</time></trkpt><trkpt lat="46.093462" lon="7.233012"><ele>1533.4</ele><time>2026-03-13T16:00:19Z</time></trkpt><trkpt lat="46.09348" lon="7.233035"><ele>1533.8</ele><time>2026-03-13T16:00:21Z</time></trkpt><trkpt lat="46.093512" lon="7.233037"><ele>1534.0</ele><time>2026-03-13T16:00:23Z</time></trkpt><trkpt lat="46.093532" lon="7.23303"><ele>1534.2</ele><time>2026-03-13T16:00:25Z</time></trkpt><trkpt lat="46.093557" lon="7.233017"><ele>1534.0</ele><time>2026-03-13T16:00:27Z</time></trkpt><trkpt lat="46.093587" lon="7.233002"><ele>1534.0</ele><time>2026-03-13T16:00:29Z</time></trkpt><trkpt lat="46.093612" lon="7.232992"><ele>1533.8</ele><time>2026-03-13T16:00:31Z</time></trkpt><trkpt lat="46.093632" lon="7.232977"><ele>1533.6</ele><time>2026-03-13T16:00:33Z</time></trkpt><trkpt lat="46.093657" lon="7.232957"><ele>1533.6</ele><time>2026-03-13T16:00:35Z</time></trkpt><trkpt lat="46.093685" lon="7.232935"><ele>1533.6</ele><time>2026-03-13T16:00:37Z</time></trkpt><trkpt lat="46.093707" lon="7.232922"><ele>1533.6</ele><time>2026-03-13T16:00:39Z</time></trkpt><trkpt lat="46.093727" lon="7.232925"><ele>1533.4</ele><time>2026-03-13T16:00:43Z</time></trkpt><trkpt lat="46.093745" lon="7.232917"><ele>1533.4</ele><time>2026-03-13T16:00:45Z</time></trkpt><trkpt lat="46.09377" lon="7.232905"><ele>1533.2</ele><time>2026-03-13T16:00:47Z</time></trkpt><trkpt lat="46.09379" lon="7.232887"><ele>1533.2</ele><time>2026-03-13T16:00:49Z</time></trkpt><trkpt lat="46.093807" lon="7.232867"><ele>1533.0</ele><time>2026-03-13T16:00:51Z</time></trkpt><trkpt lat="46.093827" lon="7.232842"><ele>1533.0</ele><time>2026-03-13T16:00:53Z</time></trkpt><trkpt lat="46.09384" lon="7.232817"><ele>1532.8</ele><time>2026-03-13T16:00:55Z</time></trkpt><trkpt lat="46.09386" lon="7.232782"><ele>1532.8</ele><time>2026-03-13T16:00:58Z</time></trkpt><trkpt lat="46.093885" lon="7.232757"><ele>1532.8</ele><time>2026-03-13T16:01:00Z</time></trkpt><trkpt lat="46.093902" lon="7.232742"><ele>1532.8</ele><time>2026-03-13T16:01:02Z</time></trkpt><trkpt lat="46.093917" lon="7.232717"><ele>1532.6</ele><time>2026-03-13T16:01:04Z</time></trkpt><trkpt lat="46.09393" lon="7.23269"><ele>1532.4</ele><time>2026-03-13T16:01:06Z</time></trkpt><trkpt lat="46.093942" lon="7.232662"><ele>1532.2</ele><time>2026-03-13T16:01:08Z</time></trkpt><trkpt lat="46.09396" lon="7.232635"><ele>1532.0</ele><time>2026-03-13T16:01:10Z</time></trkpt><trkpt lat="46.093977" lon="7.232607"><ele>1532.0</ele><time>2026-03-13T16:01:12Z</time></trkpt><trkpt lat="46.09399" lon="7.232582"><ele>1531.8</ele><time>2026-03-13T16:01:14Z</time></trkpt><trkpt lat="46.094002" lon="7.232555"><ele>1531.6</ele><time>2026-03-13T16:01:16Z</time></trkpt><trkpt lat="46.094022" lon="7.232525"><ele>1531.4</ele><time>2026-03-13T16:01:18Z</time></trkpt><trkpt lat="46.094037" lon="7.232502"><ele>1531.2</ele><time>2026-03-13T16:01:20Z</time></trkpt><trkpt lat="46.09405" lon="7.232475"><ele>1531.2</ele><time>2026-03-13T16:01:22Z</time></trkpt><trkpt lat="46.094067" lon="7.23244"><ele>1530.8</ele><time>2026-03-13T16:01:24Z</time></trkpt><trkpt lat="46.094077" lon="7.232407"><ele>1530.6</ele><time>2026-03-13T16:01:26Z</time></trkpt><trkpt lat="46.094092" lon="7.232382"><ele>1530.4</ele><time>2026-03-13T16:01:28Z</time></trkpt><trkpt lat="46.094107" lon="7.23235"><ele>1530.0</ele><time>2026-03-13T16:01:30Z</time></trkpt><trkpt lat="46.09413" lon="7.23232"><ele>1529.8</ele><time>2026-03-13T16:01:32Z</time></trkpt><trkpt lat="46.094152" lon="7.232312"><ele>1529.8</ele><time>2026-03-13T16:01:34Z</time></trkpt><trkpt lat="46.093992" lon="7.232147"><ele>1529.6</ele><time>2026-03-13T16:02:20Z</time></trkpt><trkpt lat="46.09404" lon="7.2322"><ele>1529.0</ele><time>2026-03-13T16:02:24Z</time></trkpt><trkpt lat="46.094065" lon="7.232225"><ele>1529.0</ele><time>2026-03-13T16:02:26Z</time></trkpt><trkpt lat="46.094092" lon="7.232227"><ele>1529.0</ele><time>2026-03-13T16:02:33Z</time></trkpt><trkpt lat="46.094115" lon="7.232222"><ele>1529.0</ele><time>2026-03-13T16:02:34Z</time></trkpt><trkpt lat="46.09414" lon="7.232215"><ele>1529.0</ele><time>2026-03-13T16:02:35Z</time></trkpt><trkpt lat="46.094162" lon="7.232202"><ele>1528.8</ele><time>2026-03-13T16:02:36Z</time></trkpt><trkpt lat="46.09418" lon="7.232187"><ele>1528.8</ele><time>2026-03-13T16:02:37Z</time></trkpt><trkpt lat="46.094197" lon="7.232167"><ele>1528.6</ele><time>2026-03-13T16:02:39Z</time></trkpt><trkpt lat="46.094187" lon="7.232132"><ele>1528.4</ele><time>2026-03-13T16:02:42Z</time></trkpt><trkpt lat="46.094187" lon="7.232097"><ele>1528.2</ele><time>2026-03-13T16:02:45Z</time></trkpt><trkpt lat="46.094197" lon="7.232065"><ele>1528.0</ele><time>2026-03-13T16:02:47Z</time></trkpt><trkpt lat="46.094207" lon="7.232037"><ele>1528.0</ele><time>2026-03-13T16:02:49Z</time></trkpt><trkpt lat="46.094217" lon="7.23201"><ele>1527.8</ele><time>2026-03-13T16:02:51Z</time></trkpt><trkpt lat="46.09423" lon="7.231982"><ele>1527.6</ele><time>2026-03-13T16:02:53Z</time></trkpt><trkpt lat="46.094242" lon="7.231957"><ele>1527.4</ele><time>2026-03-13T16:02:55Z</time></trkpt><trkpt lat="46.094257" lon="7.231932"><ele>1527.4</ele><time>2026-03-13T16:02:57Z</time></trkpt><trkpt lat="46.094267" lon="7.231907"><ele>1527.2</ele><time>2026-03-13T16:02:59Z</time></trkpt><trkpt lat="46.094277" lon="7.231877"><ele>1527.2</ele><time>2026-03-13T16:03:01Z</time></trkpt><trkpt lat="46.094292" lon="7.231847"><ele>1527.0</ele><time>2026-03-13T16:03:03Z</time></trkpt><trkpt lat="46.094305" lon="7.231822"><ele>1527.0</ele><time>2026-03-13T16:03:05Z</time></trkpt><trkpt lat="46.094322" lon="7.231795"><ele>1526.8</ele><time>2026-03-13T16:03:07Z</time></trkpt><trkpt lat="46.094335" lon="7.231767"><ele>1526.8</ele><time>2026-03-13T16:03:09Z</time></trkpt><trkpt lat="46.094352" lon="7.231745"><ele>1526.8</ele><time>2026-03-13T16:03:11Z</time></trkpt><trkpt lat="46.094375" lon="7.231732"><ele>1526.6</ele><time>2026-03-13T16:03:13Z</time></trkpt><trkpt lat="46.094387" lon="7.231715"><ele>1526.0</ele><time>2026-03-13T16:03:26Z</time></trkpt><trkpt lat="46.0944" lon="7.23169"><ele>1526.2</ele><time>2026-03-13T16:03:28Z</time></trkpt><trkpt lat="46.094417" lon="7.231657"><ele>1526.4</ele><time>2026-03-13T16:03:30Z</time></trkpt><trkpt lat="46.094437" lon="7.231622"><ele>1526.4</ele><time>2026-03-13T16:03:32Z</time></trkpt><trkpt lat="46.094457" lon="7.231592"><ele>1526.4</ele><time>2026-03-13T16:03:34Z</time></trkpt><trkpt lat="46.094472" lon="7.231567"><ele>1526.4</ele><time>2026-03-13T16:03:36Z</time></trkpt><trkpt lat="46.094487" lon="7.231547"><ele>1526.2</ele><time>2026-03-13T16:03:38Z</time></trkpt><trkpt lat="46.094505" lon="7.231522"><ele>1526.0</ele><time>2026-03-13T16:03:40Z</time></trkpt><trkpt lat="46.09452" lon="7.231502"><ele>1525.6</ele><time>2026-03-13T16:03:42Z</time></trkpt><trkpt lat="46.094537" lon="7.231482"><ele>1525.4</ele><time>2026-03-13T16:03:44Z</time></trkpt><trkpt lat="46.094552" lon="7.23146"><ele>1525.2</ele><time>2026-03-13T16:03:46Z</time></trkpt><trkpt lat="46.094572" lon="7.231442"><ele>1525.2</ele><time>2026-03-13T16:03:48Z</time></trkpt><trkpt lat="46.094592" lon="7.231423"><ele>1525.0</ele><time>2026-03-13T16:03:50Z</time></trkpt><trkpt lat="46.09461" lon="7.231407"><ele>1524.8</ele><time>2026-03-13T16:03:52Z</time></trkpt><trkpt lat="46.094627" lon="7.231385"><ele>1524.6</ele><time>2026-03-13T16:03:54Z</time></trkpt><trkpt lat="46.09465" lon="7.231362"><ele>1524.6</ele><time>2026-03-13T16:03:56Z</time></trkpt><trkpt lat="46.094662" lon="7.23134"><ele>1524.4</ele><time>2026-03-13T16:03:58Z</time></trkpt><trkpt lat="46.094675" lon="7.231317"><ele>1524.4</ele><time>2026-03-13T16:04:00Z</time></trkpt><trkpt lat="46.094687" lon="7.231295"><ele>1524.2</ele><time>2026-03-13T16:04:02Z</time></trkpt><trkpt lat="46.094707" lon="7.231272"><ele>1524.2</ele><time>2026-03-13T16:04:04Z</time></trkpt><trkpt lat="46.094722" lon="7.231257"><ele>1524.0</ele><time>2026-03-13T16:04:06Z</time></trkpt><trkpt lat="46.094742" lon="7.231237"><ele>1523.8</ele><time>2026-03-13T16:04:08Z</time></trkpt><trkpt lat="46.094757" lon="7.23122"><ele>1523.6</ele><time>2026-03-13T16:04:10Z</time></trkpt><trkpt lat="46.094772" lon="7.231197"><ele>1523.6</ele><time>2026-03-13T16:04:12Z</time></trkpt><trkpt lat="46.094785" lon="7.231177"><ele>1523.4</ele><time>2026-03-13T16:04:14Z</time></trkpt><trkpt lat="46.094785" lon="7.231147"><ele>1523.2</ele><time>2026-03-13T16:04:16Z</time></trkpt><trkpt lat="46.094777" lon="7.231112"><ele>1523.0</ele><time>2026-03-13T16:04:19Z</time></trkpt><trkpt lat="46.094767" lon="7.231107"><ele>1521.2</ele><time>2026-03-13T16:06:07Z</time></trkpt><trkpt lat="46.094742" lon="7.231092"><ele>1521.2</ele><time>2026-03-13T16:06:09Z</time></trkpt><trkpt lat="46.094717" lon="7.231072"><ele>1521.0</ele><time>2026-03-13T16:06:11Z</time></trkpt><trkpt lat="46.094697" lon="7.23105"><ele>1520.6</ele><time>2026-03-13T16:06:13Z</time></trkpt><trkpt lat="46.09468" lon="7.231027"><ele>1520.4</ele><time>2026-03-13T16:06:15Z</time></trkpt><trkpt lat="46.094667" lon="7.231007"><ele>1520.4</ele><time>2026-03-13T16:06:17Z</time></trkpt><trkpt lat="46.094652" lon="7.230992"><ele>1520.0</ele><time>2026-03-13T16:06:19Z</time></trkpt><trkpt lat="46.094635" lon="7.230972"><ele>1519.8</ele><time>2026-03-13T16:06:21Z</time></trkpt><trkpt lat="46.094617" lon="7.230957"><ele>1519.4</ele><time>2026-03-13T16:06:23Z</time></trkpt><trkpt lat="46.094602" lon="7.230947"><ele>1518.4</ele><time>2026-03-13T16:06:27Z</time></trkpt><trkpt lat="46.09458" lon="7.230942"><ele>1517.0</ele><time>2026-03-13T16:06:50Z</time></trkpt><trkpt lat="46.094557" lon="7.23093"><ele>1516.6</ele><time>2026-03-13T16:06:52Z</time></trkpt><trkpt lat="46.09454" lon="7.230912"><ele>1516.4</ele><time>2026-03-13T16:06:54Z</time></trkpt><trkpt lat="46.094522" lon="7.230895"><ele>1515.8</ele><time>2026-03-13T16:06:56Z</time></trkpt><trkpt lat="46.094512" lon="7.230872"><ele>1515.4</ele><time>2026-03-13T16:06:58Z</time></trkpt><trkpt lat="46.094497" lon="7.23085"><ele>1514.8</ele><time>2026-03-13T16:07:00Z</time></trkpt><trkpt lat="46.094477" lon="7.230837"><ele>1514.2</ele><time>2026-03-13T16:07:02Z</time></trkpt><trkpt lat="46.094458" lon="7.230818"><ele>1513.8</ele><time>2026-03-13T16:07:04Z</time></trkpt><trkpt lat="46.094447" lon="7.230797"><ele>1513.6</ele><time>2026-03-13T16:07:06Z</time></trkpt><trkpt lat="46.094432" lon="7.230777"><ele>1513.2</ele><time>2026-03-13T16:07:08Z</time></trkpt><trkpt lat="46.094417" lon="7.230757"><ele>1513.0</ele><time>2026-03-13T16:07:10Z</time></trkpt><trkpt lat="46.0944" lon="7.230737"><ele>1512.6</ele><time>2026-03-13T16:07:12Z</time></trkpt><trkpt lat="46.094382" lon="7.230707"><ele>1512.0</ele><time>2026-03-13T16:07:17Z</time></trkpt><trkpt lat="46.094372" lon="7.23068"><ele>1511.8</ele><time>2026-03-13T16:07:19Z</time></trkpt><trkpt lat="46.09436" lon="7.230652"><ele>1511.6</ele><time>2026-03-13T16:07:21Z</time></trkpt><trkpt lat="46.094342" lon="7.230628"><ele>1511.6</ele><time>2026-03-13T16:07:23Z</time></trkpt><trkpt lat="46.094325" lon="7.230602"><ele>1511.4</ele><time>2026-03-13T16:07:25Z</time></trkpt><trkpt lat="46.09431" lon="7.230577"><ele>1511.2</ele><time>2026-03-13T16:07:27Z</time></trkpt><trkpt lat="46.0943" lon="7.230545"><ele>1510.8</ele><time>2026-03-13T16:07:29Z</time></trkpt><trkpt lat="46.09429" lon="7.230515"><ele>1510.6</ele><time>2026-03-13T16:07:31Z</time></trkpt><trkpt lat="46.094275" lon="7.230485"><ele>1510.2</ele><time>2026-03-13T16:07:33Z</time></trkpt><trkpt lat="46.094262" lon="7.230455"><ele>1510.0</ele><time>2026-03-13T16:07:35Z</time></trkpt><trkpt lat="46.094252" lon="7.230425"><ele>1509.8</ele><time>2026-03-13T16:07:37Z</time></trkpt><trkpt lat="46.094242" lon="7.230392"><ele>1509.4</ele><time>2026-03-13T16:07:39Z</time></trkpt><trkpt lat="46.094232" lon="7.230362"><ele>1509.2</ele><time>2026-03-13T16:07:41Z</time></trkpt><trkpt lat="46.094217" lon="7.230332"><ele>1508.8</ele><time>2026-03-13T16:07:43Z</time></trkpt><trkpt lat="46.094212" lon="7.2303"><ele>1508.4</ele><time>2026-03-13T16:07:45Z</time></trkpt><trkpt lat="46.094212" lon="7.23026"><ele>1508.2</ele><time>2026-03-13T16:07:47Z</time></trkpt><trkpt lat="46.094207" lon="7.23023"><ele>1507.8</ele><time>2026-03-13T16:07:49Z</time></trkpt><trkpt lat="46.094212" lon="7.230197"><ele>1507.4</ele><time>2026-03-13T16:07:51Z</time></trkpt><trkpt lat="46.094215" lon="7.23016"><ele>1507.4</ele><time>2026-03-13T16:07:53Z</time></trkpt><trkpt lat="46.094215" lon="7.230125"><ele>1507.4</ele><time>2026-03-13T16:07:55Z</time></trkpt><trkpt lat="46.09422" lon="7.230092"><ele>1507.2</ele><time>2026-03-13T16:07:57Z</time></trkpt><trkpt lat="46.094225" lon="7.23006"><ele>1506.8</ele><time>2026-03-13T16:07:59Z</time></trkpt><trkpt lat="46.094232" lon="7.230027"><ele>1506.6</ele><time>2026-03-13T16:08:01Z</time></trkpt><trkpt lat="46.094242" lon="7.23"><ele>1506.4</ele><time>2026-03-13T16:08:03Z</time></trkpt><trkpt lat="46.094247" lon="7.229967"><ele>1506.2</ele><time>2026-03-13T16:08:05Z</time></trkpt><trkpt lat="46.094255" lon="7.229937"><ele>1505.8</ele><time>2026-03-13T16:08:07Z</time></trkpt><trkpt lat="46.094262" lon="7.229907"><ele>1505.6</ele><time>2026-03-13T16:08:09Z</time></trkpt><trkpt lat="46.094272" lon="7.229877"><ele>1505.2</ele><time>2026-03-13T16:08:11Z</time></trkpt><trkpt lat="46.094287" lon="7.22985"><ele>1505.0</ele><time>2026-03-13T16:08:13Z</time></trkpt><trkpt lat="46.094297" lon="7.229822"><ele>1504.8</ele><time>2026-03-13T16:08:15Z</time></trkpt><trkpt lat="46.094302" lon="7.22979"><ele>1504.2</ele><time>2026-03-13T16:08:17Z</time></trkpt><trkpt lat="46.094312" lon="7.229757"><ele>1504.0</ele><time>2026-03-13T16:08:19Z</time></trkpt><trkpt lat="46.09432" lon="7.229727"><ele>1503.4</ele><time>2026-03-13T16:08:21Z</time></trkpt><trkpt lat="46.094327" lon="7.229697"><ele>1503.0</ele><time>2026-03-13T16:08:23Z</time></trkpt><trkpt lat="46.094332" lon="7.229667"><ele>1502.6</ele><time>2026-03-13T16:08:25Z</time></trkpt><trkpt lat="46.094335" lon="7.229637"><ele>1502.2</ele><time>2026-03-13T16:08:27Z</time></trkpt><trkpt lat="46.094342" lon="7.229607"><ele>1501.8</ele><time>2026-03-13T16:08:29Z</time></trkpt><trkpt lat="46.094345" lon="7.22958"><ele>1501.2</ele><time>2026-03-13T16:08:31Z</time></trkpt><trkpt lat="46.094342" lon="7.229552"><ele>1500.8</ele><time>2026-03-13T16:08:33Z</time></trkpt><trkpt lat="46.094327" lon="7.229525"><ele>1500.4</ele><time>2026-03-13T16:08:35Z</time></trkpt><trkpt lat="46.094307" lon="7.229512"><ele>1500.0</ele><time>2026-03-13T16:08:37Z</time></trkpt><trkpt lat="46.094287" lon="7.229517"><ele>1499.4</ele><time>2026-03-13T16:08:39Z</time></trkpt><trkpt lat="46.094272" lon="7.229537"><ele>1499.2</ele><time>2026-03-13T16:08:41Z</time></trkpt><trkpt lat="46.094252" lon="7.229555"><ele>1499.2</ele><time>2026-03-13T16:08:43Z</time></trkpt><trkpt lat="46.094237" lon="7.229577"><ele>1499.0</ele><time>2026-03-13T16:08:45Z</time></trkpt><trkpt lat="46.09422" lon="7.229597"><ele>1498.8</ele><time>2026-03-13T16:08:47Z</time></trkpt><trkpt lat="46.094202" lon="7.229612"><ele>1498.8</ele><time>2026-03-13T16:08:49Z</time></trkpt><trkpt lat="46.094182" lon="7.229627"><ele>1498.6</ele><time>2026-03-13T16:08:51Z</time></trkpt><trkpt lat="46.094162" lon="7.229642"><ele>1498.6</ele><time>2026-03-13T16:08:53Z</time></trkpt><trkpt lat="46.09414" lon="7.229657"><ele>1498.6</ele><time>2026-03-13T16:08:55Z</time></trkpt><trkpt lat="46.09412" lon="7.229672"><ele>1498.6</ele><time>2026-03-13T16:08:57Z</time></trkpt><trkpt lat="46.094102" lon="7.229687"><ele>1498.8</ele><time>2026-03-13T16:08:59Z</time></trkpt><trkpt lat="46.094085" lon="7.229707"><ele>1498.8</ele><time>2026-03-13T16:09:01Z</time></trkpt><trkpt lat="46.094065" lon="7.229722"><ele>1498.8</ele><time>2026-03-13T16:09:03Z</time></trkpt><trkpt lat="46.094047" lon="7.229737"><ele>1499.0</ele><time>2026-03-13T16:09:05Z</time></trkpt><trkpt lat="46.094027" lon="7.229752"><ele>1499.0</ele><time>2026-03-13T16:09:07Z</time></trkpt><trkpt lat="46.094007" lon="7.229765"><ele>1499.0</ele><time>2026-03-13T16:09:09Z</time></trkpt><trkpt lat="46.093987" lon="7.229782"><ele>1499.0</ele><time>2026-03-13T16:09:11Z</time></trkpt><trkpt lat="46.093967" lon="7.229792"><ele>1499.2</ele><time>2026-03-13T16:09:13Z</time></trkpt><trkpt lat="46.093947" lon="7.229807"><ele>1499.2</ele><time>2026-03-13T16:09:15Z</time></trkpt><trkpt lat="46.093922" lon="7.229812"><ele>1499.4</ele><time>2026-03-13T16:09:17Z</time></trkpt><trkpt lat="46.093897" lon="7.229815"><ele>1499.4</ele><time>2026-03-13T16:09:19Z</time></trkpt><trkpt lat="46.093872" lon="7.229817"><ele>1499.4</ele><time>2026-03-13T16:09:21Z</time></trkpt><trkpt lat="46.093852" lon="7.229825"><ele>1499.4</ele><time>2026-03-13T16:09:23Z</time></trkpt><trkpt lat="46.093832" lon="7.229832"><ele>1499.6</ele><time>2026-03-13T16:09:25Z</time></trkpt><trkpt lat="46.093812" lon="7.22984"><ele>1500.0</ele><time>2026-03-13T16:09:27Z</time></trkpt><trkpt lat="46.093792" lon="7.229852"><ele>1500.2</ele><time>2026-03-13T16:09:29Z</time></trkpt><trkpt lat="46.093772" lon="7.229862"><ele>1500.2</ele><time>2026-03-13T16:09:31Z</time></trkpt><trkpt lat="46.093747" lon="7.229865"><ele>1500.4</ele><time>2026-03-13T16:09:33Z</time></trkpt><trkpt lat="46.093727" lon="7.22987"><ele>1500.4</ele><time>2026-03-13T16:09:35Z</time></trkpt><trkpt lat="46.093707" lon="7.22988"><ele>1500.6</ele><time>2026-03-13T16:09:37Z</time></trkpt><trkpt lat="46.093687" lon="7.229892"><ele>1500.8</ele><time>2026-03-13T16:09:39Z</time></trkpt><trkpt lat="46.093667" lon="7.229907"><ele>1500.8</ele><time>2026-03-13T16:09:41Z</time></trkpt><trkpt lat="46.093647" lon="7.229917"><ele>1500.8</ele><time>2026-03-13T16:09:43Z</time></trkpt><trkpt lat="46.093628" lon="7.229927"><ele>1501.0</ele><time>2026-03-13T16:09:45Z</time></trkpt><trkpt lat="46.093612" lon="7.22994"><ele>1501.0</ele><time>2026-03-13T16:09:47Z</time></trkpt><trkpt lat="46.093595" lon="7.229952"><ele>1501.2</ele><time>2026-03-13T16:09:49Z</time></trkpt><trkpt lat="46.093572" lon="7.229967"><ele>1501.4</ele><time>2026-03-13T16:09:51Z</time></trkpt><trkpt lat="46.093557" lon="7.22999"><ele>1501.4</ele><time>2026-03-13T16:09:53Z</time></trkpt><trkpt lat="46.093537" lon="7.230012"><ele>1501.4</ele><time>2026-03-13T16:09:55Z</time></trkpt><trkpt lat="46.09352" lon="7.23003"><ele>1501.6</ele><time>2026-03-13T16:09:57Z</time></trkpt><trkpt lat="46.093502" lon="7.23005"><ele>1501.8</ele><time>2026-03-13T16:09:59Z</time></trkpt><trkpt lat="46.093482" lon="7.230067"><ele>1501.8</ele><time>2026-03-13T16:10:01Z</time></trkpt><trkpt lat="46.093462" lon="7.230082"><ele>1501.6</ele><time>2026-03-13T16:10:03Z</time></trkpt><trkpt lat="46.093447" lon="7.230107"><ele>1501.4</ele><time>2026-03-13T16:10:05Z</time></trkpt><trkpt lat="46.093432" lon="7.230132"><ele>1501.2</ele><time>2026-03-13T16:10:07Z</time></trkpt><trkpt lat="46.093417" lon="7.230152"><ele>1501.2</ele><time>2026-03-13T16:10:09Z</time></trkpt><trkpt lat="46.093402" lon="7.230177"><ele>1501.4</ele><time>2026-03-13T16:10:11Z</time></trkpt><trkpt lat="46.093385" lon="7.230202"><ele>1501.2</ele><time>2026-03-13T16:10:13Z</time></trkpt><trkpt lat="46.093372" lon="7.230222"><ele>1501.2</ele><time>2026-03-13T16:10:15Z</time></trkpt><trkpt lat="46.093362" lon="7.23025"><ele>1501.2</ele><time>2026-03-13T16:10:17Z</time></trkpt><trkpt lat="46.093347" lon="7.230278"><ele>1501.2</ele><time>2026-03-13T16:10:19Z</time></trkpt><trkpt lat="46.093332" lon="7.230307"><ele>1501.0</ele><time>2026-03-13T16:10:21Z</time></trkpt><trkpt lat="46.093317" lon="7.230332"><ele>1500.8</ele><time>2026-03-13T16:10:23Z</time></trkpt><trkpt lat="46.093302" lon="7.230352"><ele>1500.8</ele><time>2026-03-13T16:10:25Z</time></trkpt><trkpt lat="46.093285" lon="7.230372"><ele>1500.6</ele><time>2026-03-13T16:10:27Z</time></trkpt><trkpt lat="46.093262" lon="7.23039"><ele>1500.6</ele><time>2026-03-13T16:10:29Z</time></trkpt><trkpt lat="46.093242" lon="7.230407"><ele>1500.4</ele><time>2026-03-13T16:10:31Z</time></trkpt><trkpt lat="46.09322" lon="7.230417"><ele>1500.2</ele><time>2026-03-13T16:10:33Z</time></trkpt><trkpt lat="46.0932" lon="7.230422"><ele>1500.0</ele><time>2026-03-13T16:10:35Z</time></trkpt><trkpt lat="46.093172" lon="7.230437"><ele>1499.8</ele><time>2026-03-13T16:10:38Z</time></trkpt><trkpt lat="46.093147" lon="7.230445"><ele>1499.6</ele><time>2026-03-13T16:10:40Z</time></trkpt><trkpt lat="46.093127" lon="7.230457"><ele>1499.2</ele><time>2026-03-13T16:10:42Z</time></trkpt><trkpt lat="46.09311" lon="7.23047"><ele>1499.0</ele><time>2026-03-13T16:10:44Z</time></trkpt><trkpt lat="46.093092" lon="7.230477"><ele>1498.8</ele><time>2026-03-13T16:10:46Z</time></trkpt><trkpt lat="46.09307" lon="7.23049"><ele>1498.6</ele><time>2026-03-13T16:10:48Z</time></trkpt><trkpt lat="46.093047" lon="7.230497"><ele>1498.4</ele><time>2026-03-13T16:10:50Z</time></trkpt><trkpt lat="46.093027" lon="7.230492"><ele>1498.0</ele><time>2026-03-13T16:10:52Z</time></trkpt><trkpt lat="46.09301" lon="7.230482"><ele>1497.4</ele><time>2026-03-13T16:10:55Z</time></trkpt><trkpt lat="46.093062" lon="7.230672"><ele>1500.0</ele><time>2026-03-13T16:13:50Z</time></trkpt><trkpt lat="46.093082" lon="7.230682"><ele>1500.2</ele><time>2026-03-13T16:13:52Z</time></trkpt><trkpt lat="46.093067" lon="7.230723"><ele>1500.2</ele><time>2026-03-13T16:13:54Z</time></trkpt><trkpt lat="46.09308" lon="7.230752"><ele>1500.2</ele><time>2026-03-13T16:13:56Z</time></trkpt><trkpt lat="46.09306" lon="7.230757"><ele>1500.2</ele><time>2026-03-13T16:13:59Z</time></trkpt><trkpt lat="46.093067" lon="7.23079"><ele>1500.4</ele><time>2026-03-13T16:14:01Z</time></trkpt><trkpt lat="46.09306" lon="7.230852"><ele>1500.6</ele><time>2026-03-13T16:14:06Z</time></trkpt><trkpt lat="46.093047" lon="7.230872"><ele>1500.6</ele><time>2026-03-13T16:14:08Z</time></trkpt><trkpt lat="46.093067" lon="7.230837"><ele>1500.4</ele><time>2026-03-13T16:14:17Z</time></trkpt><trkpt lat="46.093087" lon="7.230827"><ele>1500.6</ele><time>2026-03-13T16:14:19Z</time></trkpt><trkpt lat="46.093072" lon="7.230862"><ele>1500.4</ele><time>2026-03-13T16:14:21Z</time></trkpt><trkpt lat="46.093062" lon="7.23089"><ele>1500.4</ele><time>2026-03-13T16:14:22Z</time></trkpt><trkpt lat="46.093062" lon="7.230862"><ele>1500.4</ele><time>2026-03-13T16:14:27Z</time></trkpt><trkpt lat="46.093055" lon="7.230837"><ele>1500.4</ele><time>2026-03-13T16:14:28Z</time></trkpt><trkpt lat="46.093047" lon="7.230807"><ele>1500.4</ele><time>2026-03-13T16:14:29Z</time></trkpt><trkpt lat="46.093027" lon="7.230767"><ele>1500.4</ele><time>2026-03-13T16:14:31Z</time></trkpt><trkpt lat="46.093045" lon="7.23078"><ele>1500.4</ele><time>2026-03-13T16:14:37Z</time></trkpt><trkpt lat="46.093055" lon="7.230745"><ele>1501.2</ele><time>2026-03-13T16:14:49Z</time></trkpt><trkpt lat="46.093102" lon="7.230692"><ele>1501.2</ele><time>2026-03-13T16:14:51Z</time></trkpt><trkpt lat="46.093127" lon="7.230667"><ele>1501.0</ele><time>2026-03-13T16:14:53Z</time></trkpt><trkpt lat="46.09315" lon="7.230642"><ele>1500.8</ele><time>2026-03-13T16:14:55Z</time></trkpt><trkpt lat="46.093172" lon="7.23062"><ele>1501.0</ele><time>2026-03-13T16:14:57Z</time></trkpt><trkpt lat="46.09317" lon="7.230582"><ele>1501.2</ele><time>2026-03-13T16:15:00Z</time></trkpt><trkpt lat="46.093165" lon="7.230552"><ele>1501.2</ele><time>2026-03-13T16:15:01Z</time></trkpt><trkpt lat="46.09316" lon="7.230497"><ele>1501.2</ele><time>2026-03-13T16:15:02Z</time></trkpt><trkpt lat="46.093157" lon="7.230442"><ele>1501.4</ele><time>2026-03-13T16:15:03Z</time></trkpt><trkpt lat="46.093147" lon="7.230402"><ele>1501.4</ele><time>2026-03-13T16:15:04Z</time></trkpt><trkpt lat="46.093155" lon="7.230375"><ele>1501.4</ele><time>2026-03-13T16:15:07Z</time></trkpt><trkpt lat="46.09313" lon="7.230407"><ele>1501.4</ele><time>2026-03-13T16:15:08Z</time></trkpt><trkpt lat="46.093092" lon="7.230457"><ele>1501.6</ele><time>2026-03-13T16:15:09Z</time></trkpt><trkpt lat="46.093045" lon="7.230472"><ele>1501.4</ele><time>2026-03-13T16:15:11Z</time></trkpt><trkpt lat="46.093022" lon="7.230492"><ele>1501.2</ele><time>2026-03-13T16:15:12Z</time></trkpt><trkpt lat="46.092982" lon="7.230557"><ele>1501.2</ele><time>2026-03-13T16:15:13Z</time></trkpt><trkpt lat="46.092977" lon="7.230587"><ele>1501.0</ele><time>2026-03-13T16:15:15Z</time></trkpt><trkpt lat="46.092962" lon="7.230567"><ele>1501.0</ele><time>2026-03-13T16:15:19Z</time></trkpt><trkpt lat="46.092945" lon="7.230537"><ele>1501.0</ele><time>2026-03-13T16:15:21Z</time></trkpt><trkpt lat="46.092937" lon="7.230515"><ele>1501.0</ele><time>2026-03-13T16:15:22Z</time></trkpt><trkpt lat="46.092932" lon="7.23049"><ele>1501.0</ele><time>2026-03-13T16:15:24Z</time></trkpt><trkpt lat="46.092937" lon="7.230515"><ele>1502.0</ele><time>2026-03-13T16:15:46Z</time></trkpt><trkpt lat="46.092955" lon="7.230537"><ele>1502.2</ele><time>2026-03-13T16:15:49Z</time></trkpt><trkpt lat="46.092975" lon="7.230555"><ele>1502.4</ele><time>2026-03-13T16:15:54Z</time></trkpt><trkpt lat="46.093" lon="7.230552"><ele>1502.2</ele><time>2026-03-13T16:15:56Z</time></trkpt><trkpt lat="46.092982" lon="7.230545"><ele>1502.4</ele><time>2026-03-13T16:16:06Z</time></trkpt><trkpt lat="46.092965" lon="7.23053"><ele>1502.4</ele><time>2026-03-13T16:16:08Z</time></trkpt><trkpt lat="46.092957" lon="7.230507"><ele>1501.6</ele><time>2026-03-13T16:16:15Z</time></trkpt><trkpt lat="46.092937" lon="7.230522"><ele>1501.6</ele><time>2026-03-13T16:16:20Z</time></trkpt><trkpt lat="46.092952" lon="7.230547"><ele>1501.4</ele><time>2026-03-13T16:16:25Z</time></trkpt><trkpt lat="46.092952" lon="7.230585"><ele>1501.4</ele><time>2026-03-13T16:16:27Z</time></trkpt><trkpt lat="46.092947" lon="7.230615"><ele>1501.6</ele><time>2026-03-13T16:16:28Z</time></trkpt><trkpt lat="46.092942" lon="7.23064"><ele>1501.6</ele><time>2026-03-13T16:16:30Z</time></trkpt><trkpt lat="46.092922" lon="7.230625"><ele>1501.6</ele><time>2026-03-13T16:16:35Z</time></trkpt><trkpt lat="46.092905" lon="7.230625"><ele>1501.6</ele><time>2026-03-13T16:16:39Z</time></trkpt><trkpt lat="46.092905" lon="7.230597"><ele>1501.6</ele><time>2026-03-13T16:16:44Z</time></trkpt><trkpt lat="46.092922" lon="7.2306"><ele>1501.6</ele><time>2026-03-13T16:16:46Z</time></trkpt><trkpt lat="46.092947" lon="7.230597"><ele>1501.6</ele><time>2026-03-13T16:16:48Z</time></trkpt><trkpt lat="46.092895" lon="7.230587"><ele>1501.6</ele><time>2026-03-13T16:17:06Z</time></trkpt><trkpt lat="46.092915" lon="7.230572"><ele>1501.8</ele><time>2026-03-13T16:17:09Z</time></trkpt><trkpt lat="46.092902" lon="7.230597"><ele>1501.8</ele><time>2026-03-13T16:17:13Z</time></trkpt><trkpt lat="46.092922" lon="7.230612"><ele>1501.8</ele><time>2026-03-13T16:17:18Z</time></trkpt><trkpt lat="46.09294" lon="7.230615"><ele>1501.6</ele><time>2026-03-13T16:17:20Z</time></trkpt><trkpt lat="46.092957" lon="7.230612"><ele>1501.6</ele><time>2026-03-13T16:17:23Z</time></trkpt><trkpt lat="46.092977" lon="7.23062"><ele>1501.6</ele><time>2026-03-13T16:17:27Z</time></trkpt><trkpt lat="46.09296" lon="7.230632"><ele>1501.8</ele><time>2026-03-13T16:17:40Z</time></trkpt><trkpt lat="46.092952" lon="7.23066"><ele>1501.8</ele><time>2026-03-13T16:17:42Z</time></trkpt><trkpt lat="46.092957" lon="7.23069"><ele>1501.6</ele><time>2026-03-13T16:17:47Z</time></trkpt><trkpt lat="46.092947" lon="7.230712"><ele>1501.4</ele><time>2026-03-13T16:17:53Z</time></trkpt><trkpt lat="46.092932" lon="7.230732"><ele>1501.4</ele><time>2026-03-13T16:17:57Z</time></trkpt><trkpt lat="46.092942" lon="7.230707"><ele>1501.4</ele><time>2026-03-13T16:18:14Z</time></trkpt><trkpt lat="46.092955" lon="7.230685"><ele>1501.4</ele><time>2026-03-13T16:18:16Z</time></trkpt><trkpt lat="46.092962" lon="7.230662"><ele>1501.4</ele><time>2026-03-13T16:18:22Z</time></trkpt><trkpt lat="46.092975" lon="7.230687"><ele>1501.4</ele><time>2026-03-13T16:18:33Z</time></trkpt><trkpt lat="46.09297" lon="7.230712"><ele>1501.2</ele><time>2026-03-13T16:18:38Z</time></trkpt><trkpt lat="46.092977" lon="7.230687"><ele>1501.4</ele><time>2026-03-13T16:18:41Z</time></trkpt><trkpt lat="46.09299" lon="7.230667"><ele>1501.4</ele><time>2026-03-13T16:18:51Z</time></trkpt><trkpt lat="46.093002" lon="7.230695"><ele>1501.4</ele><time>2026-03-13T16:18:56Z</time></trkpt><trkpt lat="46.093007" lon="7.230727"><ele>1501.4</ele><time>2026-03-13T16:19:04Z</time></trkpt><trkpt lat="46.093023" lon="7.230712"><ele>1501.4</ele><time>2026-03-13T16:19:24Z</time></trkpt><trkpt lat="46.093007" lon="7.230697"><ele>1501.0</ele><time>2026-03-13T16:19:39Z</time></trkpt><trkpt lat="46.09299" lon="7.230672"><ele>1501.0</ele><time>2026-03-13T16:19:42Z</time></trkpt><trkpt lat="46.093" lon="7.230647"><ele>1501.0</ele><time>2026-03-13T16:19:45Z</time></trkpt><trkpt lat="46.092985" lon="7.230672"><ele>1501.4</ele><time>2026-03-13T16:20:21Z</time></trkpt><trkpt lat="46.093005" lon="7.230715"><ele>1501.4</ele><time>2026-03-13T16:20:23Z</time></trkpt><trkpt lat="46.093015" lon="7.23074"><ele>1501.6</ele><time>2026-03-13T16:20:24Z</time></trkpt><trkpt lat="46.093023" lon="7.230762"><ele>1501.6</ele><time>2026-03-13T16:20:26Z</time></trkpt><trkpt lat="46.093007" lon="7.230777"><ele>1501.4</ele><time>2026-03-13T16:20:50Z</time></trkpt><trkpt lat="46.09299" lon="7.230787"><ele>1501.4</ele><time>2026-03-13T16:20:52Z</time></trkpt><trkpt lat="46.092992" lon="7.230762"><ele>1501.4</ele><time>2026-03-13T16:21:04Z</time></trkpt><trkpt lat="46.092995" lon="7.23073"><ele>1501.4</ele><time>2026-03-13T16:21:35Z</time></trkpt><trkpt lat="46.09299" lon="7.230705"><ele>1501.6</ele><time>2026-03-13T16:21:38Z</time></trkpt><trkpt lat="46.093007" lon="7.23069"><ele>1501.4</ele><time>2026-03-13T16:21:41Z</time></trkpt><trkpt lat="46.09303" lon="7.230672"><ele>1501.4</ele><time>2026-03-13T16:21:44Z</time></trkpt><trkpt lat="46.093047" lon="7.230662"><ele>1501.6</ele><time>2026-03-13T16:21:46Z</time></trkpt><trkpt lat="46.093062" lon="7.230652"><ele>1501.6</ele><time>2026-03-13T16:21:48Z</time></trkpt><trkpt lat="46.093077" lon="7.230667"><ele>1501.6</ele><time>2026-03-13T16:21:52Z</time></trkpt><trkpt lat="46.093067" lon="7.230697"><ele>1501.6</ele><time>2026-03-13T16:22:11Z</time></trkpt><trkpt lat="46.09305" lon="7.230727"><ele>1501.6</ele><time>2026-03-13T16:22:13Z</time></trkpt><trkpt lat="46.093032" lon="7.230752"><ele>1501.6</ele><time>2026-03-13T16:22:15Z</time></trkpt><trkpt lat="46.093012" lon="7.230767"><ele>1501.8</ele><time>2026-03-13T16:22:19Z</time></trkpt><trkpt lat="46.092995" lon="7.230772"><ele>1501.8</ele><time>2026-03-13T16:22:24Z</time></trkpt><trkpt lat="46.092972" lon="7.230777"><ele>1501.8</ele><time>2026-03-13T16:22:28Z</time></trkpt><trkpt lat="46.092985" lon="7.230755"><ele>1501.8</ele><time>2026-03-13T16:22:36Z</time></trkpt><trkpt lat="46.092995" lon="7.230732"><ele>1502.0</ele><time>2026-03-13T16:23:00Z</time></trkpt><trkpt lat="46.093012" lon="7.230697"><ele>1501.8</ele><time>2026-03-13T16:23:02Z</time></trkpt><trkpt lat="46.093027" lon="7.230672"><ele>1502.0</ele><time>2026-03-13T16:23:05Z</time></trkpt><trkpt lat="46.093032" lon="7.230647"><ele>1502.0</ele><time>2026-03-13T16:23:19Z</time></trkpt><trkpt lat="46.093005" lon="7.230647"><ele>1501.8</ele><time>2026-03-13T16:23:41Z</time></trkpt><trkpt lat="46.09298" lon="7.230625"><ele>1501.8</ele><time>2026-03-13T16:23:43Z</time></trkpt><trkpt lat="46.092962" lon="7.230607"><ele>1502.0</ele><time>2026-03-13T16:23:45Z</time></trkpt><trkpt lat="46.092952" lon="7.230582"><ele>1502.0</ele><time>2026-03-13T16:23:50Z</time></trkpt><trkpt lat="46.092947" lon="7.23061"><ele>1502.2</ele><time>2026-03-13T16:24:45Z</time></trkpt><trkpt lat="46.092965" lon="7.230612"><ele>1502.0</ele><time>2026-03-13T16:25:08Z</time></trkpt><trkpt lat="46.092977" lon="7.230592"><ele>1501.2</ele><time>2026-03-13T16:25:48Z</time></trkpt><trkpt lat="46.092977" lon="7.230562"><ele>1501.2</ele><time>2026-03-13T16:25:51Z</time></trkpt><trkpt lat="46.092972" lon="7.230532"><ele>1501.2</ele><time>2026-03-13T16:25:55Z</time></trkpt><trkpt lat="46.092962" lon="7.230502"><ele>1501.0</ele><time>2026-03-13T16:26:34Z</time></trkpt><trkpt lat="46.09294" lon="7.23049"><ele>1501.0</ele><time>2026-03-13T16:26:37Z</time></trkpt><trkpt lat="46.092955" lon="7.230507"><ele>1500.8</ele><time>2026-03-13T16:27:15Z</time></trkpt><trkpt lat="46.092957" lon="7.230482"><ele>1500.0</ele><time>2026-03-13T16:28:38Z</time></trkpt><trkpt lat="46.092952" lon="7.230447"><ele>1500.0</ele><time>2026-03-13T16:28:40Z</time></trkpt><trkpt lat="46.09294" lon="7.230427"><ele>1499.0</ele><time>2026-03-13T16:29:46Z</time></trkpt><trkpt lat="46.092937" lon="7.230402"><ele>1499.0</ele><time>2026-03-13T16:29:51Z</time></trkpt><trkpt lat="46.092932" lon="7.230372"><ele>1499.0</ele><time>2026-03-13T16:30:41Z</time></trkpt><trkpt lat="46.092945" lon="7.230343"><ele>1498.6</ele><time>2026-03-13T16:31:32Z</time></trkpt><trkpt lat="46.092937" lon="7.23029"><ele>1498.4</ele><time>2026-03-13T16:31:34Z</time></trkpt><trkpt lat="46.092935" lon="7.230262"><ele>1498.4</ele><time>2026-03-13T16:31:35Z</time></trkpt><trkpt lat="46.092927" lon="7.230232"><ele>1498.2</ele><time>2026-03-13T16:31:37Z</time></trkpt><trkpt lat="46.092912" lon="7.230255"><ele>1498.2</ele><time>2026-03-13T16:31:42Z</time></trkpt><trkpt lat="46.09291" lon="7.230287"><ele>1498.4</ele><time>2026-03-13T16:32:06Z</time></trkpt><trkpt lat="46.092927" lon="7.23027"><ele>1498.2</ele><time>2026-03-13T16:32:28Z</time></trkpt><trkpt lat="46.09294" lon="7.230287"><ele>1498.0</ele><time>2026-03-13T16:32:33Z</time></trkpt><trkpt lat="46.09295" lon="7.23031"><ele>1497.6</ele><time>2026-03-13T16:32:54Z</time></trkpt><trkpt lat="46.092932" lon="7.230305"><ele>1497.6</ele><time>2026-03-13T16:33:07Z</time></trkpt><trkpt lat="46.09292" lon="7.230282"><ele>1497.6</ele><time>2026-03-13T16:33:11Z</time></trkpt><trkpt lat="46.092912" lon="7.230312"><ele>1496.4</ele><time>2026-03-13T16:35:03Z</time></trkpt><trkpt lat="46.092907" lon="7.230343"><ele>1496.4</ele><time>2026-03-13T16:35:04Z</time></trkpt><trkpt lat="46.0929" lon="7.230372"><ele>1496.4</ele><time>2026-03-13T16:35:05Z</time></trkpt><trkpt lat="46.09289" lon="7.230395"><ele>1496.2</ele><time>2026-03-13T16:35:07Z</time></trkpt><trkpt lat="46.092887" lon="7.230367"><ele>1496.2</ele><time>2026-03-13T16:35:10Z</time></trkpt><trkpt lat="46.092902" lon="7.230347"><ele>1496.2</ele><time>2026-03-13T16:35:19Z</time></trkpt><trkpt lat="46.09292" lon="7.230335"><ele>1496.2</ele><time>2026-03-13T16:35:21Z</time></trkpt><trkpt lat="46.092927" lon="7.230307"><ele>1496.2</ele><time>2026-03-13T16:35:25Z</time></trkpt><trkpt lat="46.092935" lon="7.230278"><ele>1496.2</ele><time>2026-03-13T16:35:27Z</time></trkpt><trkpt lat="46.092935" lon="7.230247"><ele>1496.0</ele><time>2026-03-13T16:35:31Z</time></trkpt><trkpt lat="46.092927" lon="7.23022"><ele>1496.0</ele><time>2026-03-13T16:35:35Z</time></trkpt><trkpt lat="46.092917" lon="7.230197"><ele>1496.0</ele><time>2026-03-13T16:35:53Z</time></trkpt><trkpt lat="46.092925" lon="7.23023"><ele>1496.0</ele><time>2026-03-13T16:36:06Z</time></trkpt><trkpt lat="46.092935" lon="7.230262"><ele>1495.8</ele><time>2026-03-13T16:36:12Z</time></trkpt><trkpt lat="46.092932" lon="7.23029"><ele>1495.8</ele><time>2026-03-13T16:36:18Z</time></trkpt><trkpt lat="46.092937" lon="7.230335"><ele>1495.8</ele><time>2026-03-13T16:36:20Z</time></trkpt><trkpt lat="46.092945" lon="7.230367"><ele>1495.6</ele><time>2026-03-13T16:36:21Z</time></trkpt><trkpt lat="46.092952" lon="7.230397"><ele>1495.6</ele><time>2026-03-13T16:36:22Z</time></trkpt><trkpt lat="46.092957" lon="7.230422"><ele>1495.6</ele><time>2026-03-13T16:36:24Z</time></trkpt><trkpt lat="46.092947" lon="7.230392"><ele>1495.8</ele><time>2026-03-13T16:36:36Z</time></trkpt><trkpt lat="46.092947" lon="7.230365"><ele>1495.8</ele><time>2026-03-13T16:36:39Z</time></trkpt><trkpt lat="46.092942" lon="7.230332"><ele>1495.8</ele><time>2026-03-13T16:36:41Z</time></trkpt><trkpt lat="46.092937" lon="7.230297"><ele>1496.0</ele><time>2026-03-13T16:36:43Z</time></trkpt><trkpt lat="46.092932" lon="7.230257"><ele>1496.0</ele><time>2026-03-13T16:36:45Z</time></trkpt><trkpt lat="46.092917" lon="7.230227"><ele>1496.0</ele><time>2026-03-13T16:36:47Z</time></trkpt><trkpt lat="46.092902" lon="7.230187"><ele>1496.0</ele><time>2026-03-13T16:36:49Z</time></trkpt><trkpt lat="46.092885" lon="7.230197"><ele>1495.8</ele><time>2026-03-13T16:36:57Z</time></trkpt><trkpt lat="46.092887" lon="7.230167"><ele>1495.8</ele><time>2026-03-13T16:37:02Z</time></trkpt><trkpt lat="46.092882" lon="7.230205"><ele>1495.6</ele><time>2026-03-13T16:37:19Z</time></trkpt><trkpt lat="46.092862" lon="7.230202"><ele>1495.6</ele><time>2026-03-13T16:37:24Z</time></trkpt><trkpt lat="46.092847" lon="7.230175"><ele>1495.8</ele><time>2026-03-13T16:37:25Z</time></trkpt><trkpt lat="46.092827" lon="7.230132"><ele>1495.8</ele><time>2026-03-13T16:37:26Z</time></trkpt><trkpt lat="46.092812" lon="7.230092"><ele>1495.8</ele><time>2026-03-13T16:37:27Z</time></trkpt><trkpt lat="46.092797" lon="7.230067"><ele>1495.8</ele><time>2026-03-13T16:37:28Z</time></trkpt><trkpt lat="46.092787" lon="7.230007"><ele>1495.8</ele><time>2026-03-13T16:37:31Z</time></trkpt><trkpt lat="46.092782" lon="7.229962"><ele>1495.8</ele><time>2026-03-13T16:37:33Z</time></trkpt><trkpt lat="46.092797" lon="7.229985"><ele>1495.8</ele><time>2026-03-13T16:37:35Z</time></trkpt><trkpt lat="46.092817" lon="7.229982"><ele>1495.6</ele><time>2026-03-13T16:37:42Z</time></trkpt><trkpt lat="46.092807" lon="7.229937"><ele>1495.6</ele><time>2026-03-13T16:37:45Z</time></trkpt><trkpt lat="46.092802" lon="7.229905"><ele>1495.6</ele><time>2026-03-13T16:37:46Z</time></trkpt><trkpt lat="46.092817" lon="7.22992"><ele>1496.2</ele><time>2026-03-13T16:37:52Z</time></trkpt><trkpt lat="46.092812" lon="7.229892"><ele>1496.0</ele><time>2026-03-13T16:38:02Z</time></trkpt><trkpt lat="46.092802" lon="7.229917"><ele>1495.6</ele><time>2026-03-13T16:38:08Z</time></trkpt><trkpt lat="46.092802" lon="7.229947"><ele>1495.4</ele><time>2026-03-13T16:38:10Z</time></trkpt><trkpt lat="46.092782" lon="7.229915"><ele>1495.4</ele><time>2026-03-13T16:38:13Z</time></trkpt><trkpt lat="46.09278" lon="7.229872"><ele>1495.4</ele><time>2026-03-13T16:38:30Z</time></trkpt><trkpt lat="46.092777" lon="7.229825"><ele>1495.4</ele><time>2026-03-13T16:38:32Z</time></trkpt><trkpt lat="46.09278" lon="7.229797"><ele>1495.4</ele><time>2026-03-13T16:38:33Z</time></trkpt><trkpt lat="46.092787" lon="7.229755"><ele>1495.4</ele><time>2026-03-13T16:38:35Z</time></trkpt><trkpt lat="46.092792" lon="7.229722"><ele>1495.2</ele><time>2026-03-13T16:38:37Z</time></trkpt><trkpt lat="46.09278" lon="7.229692"><ele>1495.2</ele><time>2026-03-13T16:38:40Z</time></trkpt><trkpt lat="46.092782" lon="7.229725"><ele>1495.2</ele><time>2026-03-13T16:38:48Z</time></trkpt><trkpt lat="46.092782" lon="7.229757"><ele>1494.8</ele><time>2026-03-13T16:38:53Z</time></trkpt><trkpt lat="46.092775" lon="7.229782"><ele>1494.6</ele><time>2026-03-13T16:39:01Z</time></trkpt><trkpt lat="46.092798" lon="7.229827"><ele>1494.8</ele><time>2026-03-13T16:39:07Z</time></trkpt><trkpt lat="46.092812" lon="7.229852"><ele>1494.6</ele><time>2026-03-13T16:39:13Z</time></trkpt><trkpt lat="46.092825" lon="7.229877"><ele>1494.8</ele><time>2026-03-13T16:39:15Z</time></trkpt><trkpt lat="46.092847" lon="7.229885"><ele>1494.6</ele><time>2026-03-13T16:39:18Z</time></trkpt><trkpt lat="46.092867" lon="7.229875"><ele>1494.6</ele><time>2026-03-13T16:39:22Z</time></trkpt><trkpt lat="46.092857" lon="7.229915"><ele>1494.4</ele><time>2026-03-13T16:40:17Z</time></trkpt><trkpt lat="46.092847" lon="7.229942"><ele>1494.4</ele><time>2026-03-13T16:40:18Z</time></trkpt><trkpt lat="46.09284" lon="7.229972"><ele>1494.2</ele><time>2026-03-13T16:40:19Z</time></trkpt><trkpt lat="46.09283" lon="7.230005"><ele>1494.0</ele><time>2026-03-13T16:40:21Z</time></trkpt><trkpt lat="46.092837" lon="7.229972"><ele>1494.0</ele><time>2026-03-13T16:40:31Z</time></trkpt><trkpt lat="46.092835" lon="7.229942"><ele>1494.0</ele><time>2026-03-13T16:40:32Z</time></trkpt><trkpt lat="46.092832" lon="7.229907"><ele>1494.0</ele><time>2026-03-13T16:40:33Z</time></trkpt><trkpt lat="46.092825" lon="7.22988"><ele>1494.2</ele><time>2026-03-13T16:40:34Z</time></trkpt><trkpt lat="46.092817" lon="7.22985"><ele>1494.2</ele><time>2026-03-13T16:40:35Z</time></trkpt><trkpt lat="46.092812" lon="7.229815"><ele>1494.0</ele><time>2026-03-13T16:40:37Z</time></trkpt><trkpt lat="46.092798" lon="7.229787"><ele>1494.0</ele><time>2026-03-13T16:40:44Z</time></trkpt><trkpt lat="46.092807" lon="7.229815"><ele>1494.2</ele><time>2026-03-13T16:40:48Z</time></trkpt><trkpt lat="46.092817" lon="7.22984"><ele>1494.0</ele><time>2026-03-13T16:40:51Z</time></trkpt><trkpt lat="46.092827" lon="7.229812"><ele>1494.0</ele><time>2026-03-13T16:40:56Z</time></trkpt><trkpt lat="46.092822" lon="7.229837"><ele>1494.0</ele><time>2026-03-13T16:41:08Z</time></trkpt><trkpt lat="46.092802" lon="7.229812"><ele>1494.0</ele><time>2026-03-13T16:41:11Z</time></trkpt><trkpt lat="46.092782" lon="7.229777"><ele>1494.0</ele><time>2026-03-13T16:41:13Z</time></trkpt><trkpt lat="46.092777" lon="7.229745"><ele>1494.2</ele><time>2026-03-13T16:41:18Z</time></trkpt><trkpt lat="46.092772" lon="7.22971"><ele>1494.0</ele><time>2026-03-13T16:41:20Z</time></trkpt><trkpt lat="46.09277" lon="7.229682"><ele>1494.0</ele><time>2026-03-13T16:41:23Z</time></trkpt><trkpt lat="46.09278" lon="7.229702"><ele>1494.0</ele><time>2026-03-13T16:41:26Z</time></trkpt><trkpt lat="46.09279" lon="7.229685"><ele>1492.6</ele><time>2026-03-13T16:41:47Z</time></trkpt><trkpt lat="46.092797" lon="7.22966"><ele>1492.6</ele><time>2026-03-13T16:41:51Z</time></trkpt><trkpt lat="46.092802" lon="7.229632"><ele>1492.4</ele><time>2026-03-13T16:41:54Z</time></trkpt><trkpt lat="46.092795" lon="7.229597"><ele>1492.4</ele><time>2026-03-13T16:42:01Z</time></trkpt><trkpt lat="46.092792" lon="7.229565"><ele>1492.4</ele><time>2026-03-13T16:42:03Z</time></trkpt><trkpt lat="46.09279" lon="7.229535"><ele>1492.4</ele><time>2026-03-13T16:42:05Z</time></trkpt><trkpt lat="46.092792" lon="7.229505"><ele>1492.4</ele><time>2026-03-13T16:42:09Z</time></trkpt><trkpt lat="46.092785" lon="7.22948"><ele>1492.4</ele><time>2026-03-13T16:42:18Z</time></trkpt><trkpt lat="46.092797" lon="7.229497"><ele>1491.6</ele><time>2026-03-13T16:43:07Z</time></trkpt><trkpt lat="46.092787" lon="7.229522"><ele>1491.2</ele><time>2026-03-13T16:43:12Z</time></trkpt><trkpt lat="46.092777" lon="7.229542"><ele>1491.0</ele><time>2026-03-13T16:43:29Z</time></trkpt><trkpt lat="46.092795" lon="7.229535"><ele>1490.6</ele><time>2026-03-13T16:43:39Z</time></trkpt><trkpt lat="46.092797" lon="7.229567"><ele>1490.6</ele><time>2026-03-13T16:44:07Z</time></trkpt><trkpt lat="46.092797" lon="7.229617"><ele>1490.6</ele><time>2026-03-13T16:44:09Z</time></trkpt><trkpt lat="46.092787" lon="7.22964"><ele>1490.4</ele><time>2026-03-13T16:44:14Z</time></trkpt><trkpt lat="46.092777" lon="7.229602"><ele>1490.0</ele><time>2026-03-13T16:44:42Z</time></trkpt><trkpt lat="46.092777" lon="7.229567"><ele>1490.0</ele><time>2026-03-13T16:44:44Z</time></trkpt><trkpt lat="46.092772" lon="7.229542"><ele>1490.0</ele><time>2026-03-13T16:44:46Z</time></trkpt><trkpt lat="46.092765" lon="7.229515"><ele>1490.0</ele><time>2026-03-13T16:44:53Z</time></trkpt><trkpt lat="46.092752" lon="7.22949"><ele>1489.8</ele><time>2026-03-13T16:45:06Z</time></trkpt><trkpt lat="46.092732" lon="7.229472"><ele>1489.8</ele><time>2026-03-13T16:45:10Z</time></trkpt><trkpt lat="46.092742" lon="7.229445"><ele>1490.0</ele><time>2026-03-13T16:45:23Z</time></trkpt><trkpt lat="46.092742" lon="7.229407"><ele>1490.0</ele><time>2026-03-13T16:45:27Z</time></trkpt><trkpt lat="46.092735" lon="7.229377"><ele>1490.0</ele><time>2026-03-13T16:45:30Z</time></trkpt><trkpt lat="46.09272" lon="7.229355"><ele>1489.8</ele><time>2026-03-13T16:45:36Z</time></trkpt><trkpt lat="46.092707" lon="7.229377"><ele>1489.8</ele><time>2026-03-13T16:45:44Z</time></trkpt><trkpt lat="46.09271" lon="7.22941"><ele>1489.8</ele><time>2026-03-13T16:45:46Z</time></trkpt><trkpt lat="46.092712" lon="7.22945"><ele>1489.8</ele><time>2026-03-13T16:45:48Z</time></trkpt><trkpt lat="46.092727" lon="7.229467"><ele>1489.6</ele><time>2026-03-13T16:46:01Z</time></trkpt><trkpt lat="46.092737" lon="7.22944"><ele>1489.4</ele><time>2026-03-13T16:46:07Z</time></trkpt><trkpt lat="46.092722" lon="7.229457"><ele>1489.4</ele><time>2026-03-13T16:46:20Z</time></trkpt><trkpt lat="46.092722" lon="7.229487"><ele>1489.4</ele><time>2026-03-13T16:46:21Z</time></trkpt><trkpt lat="46.092727" lon="7.229517"><ele>1489.4</ele><time>2026-03-13T16:46:22Z</time></trkpt><trkpt lat="46.092735" lon="7.229547"><ele>1489.4</ele><time>2026-03-13T16:46:23Z</time></trkpt><trkpt lat="46.092742" lon="7.229572"><ele>1489.4</ele><time>2026-03-13T16:46:24Z</time></trkpt><trkpt lat="46.09275" lon="7.229597"><ele>1489.4</ele><time>2026-03-13T16:46:25Z</time></trkpt><trkpt lat="46.09276" lon="7.229627"><ele>1489.4</ele><time>2026-03-13T16:46:26Z</time></trkpt><trkpt lat="46.092772" lon="7.229672"><ele>1489.4</ele><time>2026-03-13T16:46:28Z</time></trkpt><trkpt lat="46.092782" lon="7.229695"><ele>1489.4</ele><time>2026-03-13T16:46:29Z</time></trkpt><trkpt lat="46.092787" lon="7.229722"><ele>1489.4</ele><time>2026-03-13T16:46:30Z</time></trkpt><trkpt lat="46.092792" lon="7.229752"><ele>1489.4</ele><time>2026-03-13T16:46:32Z</time></trkpt><trkpt lat="46.09277" lon="7.229727"><ele>1489.2</ele><time>2026-03-13T16:46:44Z</time></trkpt><trkpt lat="46.092747" lon="7.229707"><ele>1489.2</ele><time>2026-03-13T16:46:47Z</time></trkpt><trkpt lat="46.092732" lon="7.229685"><ele>1489.0</ele><time>2026-03-13T16:46:49Z</time></trkpt><trkpt lat="46.09272" lon="7.22966"><ele>1489.0</ele><time>2026-03-13T16:46:52Z</time></trkpt><trkpt lat="46.092702" lon="7.22964"><ele>1489.0</ele><time>2026-03-13T16:46:56Z</time></trkpt><trkpt lat="46.092692" lon="7.229612"><ele>1489.2</ele><time>2026-03-13T16:46:58Z</time></trkpt><trkpt lat="46.092682" lon="7.229567"><ele>1489.2</ele><time>2026-03-13T16:47:00Z</time></trkpt><trkpt lat="46.092677" lon="7.229537"><ele>1489.2</ele><time>2026-03-13T16:47:02Z</time></trkpt><trkpt lat="46.092675" lon="7.229512"><ele>1489.2</ele><time>2026-03-13T16:47:04Z</time></trkpt><trkpt lat="46.092643" lon="7.22945"><ele>1489.2</ele><time>2026-03-13T16:47:13Z</time></trkpt><trkpt lat="46.092622" lon="7.229425"><ele>1489.0</ele><time>2026-03-13T16:47:16Z</time></trkpt><trkpt lat="46.092615" lon="7.229397"><ele>1489.0</ele><time>2026-03-13T16:47:18Z</time></trkpt><trkpt lat="46.092602" lon="7.229372"><ele>1489.0</ele><time>2026-03-13T16:47:21Z</time></trkpt><trkpt lat="46.092612" lon="7.229337"><ele>1489.2</ele><time>2026-03-13T16:47:30Z</time></trkpt><trkpt lat="46.092617" lon="7.229307"><ele>1489.2</ele><time>2026-03-13T16:47:36Z</time></trkpt><trkpt lat="46.092617" lon="7.229267"><ele>1489.2</ele><time>2026-03-13T16:47:38Z</time></trkpt><trkpt lat="46.09261" lon="7.229242"><ele>1489.0</ele><time>2026-03-13T16:47:40Z</time></trkpt><trkpt lat="46.092635" lon="7.22925"><ele>1489.0</ele><time>2026-03-13T16:47:45Z</time></trkpt><trkpt lat="46.092655" lon="7.229257"><ele>1488.8</ele><time>2026-03-13T16:48:10Z</time></trkpt><trkpt lat="46.092677" lon="7.229242"><ele>1489.0</ele><time>2026-03-13T16:48:12Z</time></trkpt><trkpt lat="46.09266" lon="7.229252"><ele>1488.2</ele><time>2026-03-13T16:48:30Z</time></trkpt><trkpt lat="46.092652" lon="7.22928"><ele>1487.8</ele><time>2026-03-13T16:48:34Z</time></trkpt><trkpt lat="46.092643" lon="7.229277"><ele>1486.0</ele><time>2026-03-13T16:49:09Z</time></trkpt><trkpt lat="46.092637" lon="7.229257"><ele>1485.0</ele><time>2026-03-13T16:49:34Z</time></trkpt><trkpt lat="46.09264" lon="7.22923"><ele>1484.8</ele><time>2026-03-13T16:49:38Z</time></trkpt><trkpt lat="46.092627" lon="7.22922"><ele>1483.0</ele><time>2026-03-13T16:50:16Z</time></trkpt><trkpt lat="46.09262" lon="7.229187"><ele>1483.0</ele><time>2026-03-13T16:50:18Z</time></trkpt><trkpt lat="46.092617" lon="7.229152"><ele>1483.0</ele><time>2026-03-13T16:50:21Z</time></trkpt><trkpt lat="46.092625" lon="7.229112"><ele>1483.0</ele><time>2026-03-13T16:50:30Z</time></trkpt><trkpt lat="46.09262" lon="7.229082"><ele>1483.0</ele><time>2026-03-13T16:50:32Z</time></trkpt><trkpt lat="46.092615" lon="7.229055"><ele>1483.0</ele><time>2026-03-13T16:50:34Z</time></trkpt><trkpt lat="46.092605" lon="7.229012"><ele>1482.8</ele><time>2026-03-13T16:50:36Z</time></trkpt><trkpt lat="46.092602" lon="7.228967"><ele>1482.8</ele><time>2026-03-13T16:50:38Z</time></trkpt><trkpt lat="46.092617" lon="7.229022"><ele>1482.8</ele><time>2026-03-13T16:50:40Z</time></trkpt><trkpt lat="46.092607" lon="7.228987"><ele>1482.8</ele><time>2026-03-13T16:50:42Z</time></trkpt><trkpt lat="46.092597" lon="7.228952"><ele>1483.0</ele><time>2026-03-13T16:50:44Z</time></trkpt><trkpt lat="46.092585" lon="7.228917"><ele>1483.0</ele><time>2026-03-13T16:50:47Z</time></trkpt><trkpt lat="46.092577" lon="7.228872"><ele>1483.0</ele><time>2026-03-13T16:50:49Z</time></trkpt><trkpt lat="46.092572" lon="7.228847"><ele>1483.0</ele><time>2026-03-13T16:50:50Z</time></trkpt><trkpt lat="46.092562" lon="7.228802"><ele>1483.0</ele><time>2026-03-13T16:50:52Z</time></trkpt><trkpt lat="46.092557" lon="7.22876"><ele>1483.0</ele><time>2026-03-13T16:50:54Z</time></trkpt><trkpt lat="46.092547" lon="7.228715"><ele>1483.2</ele><time>2026-03-13T16:50:56Z</time></trkpt><trkpt lat="46.09254" lon="7.228685"><ele>1483.0</ele><time>2026-03-13T16:50:58Z</time></trkpt><trkpt lat="46.092535" lon="7.228652"><ele>1483.0</ele><time>2026-03-13T16:51:01Z</time></trkpt><trkpt lat="46.092527" lon="7.228627"><ele>1482.8</ele><time>2026-03-13T16:51:04Z</time></trkpt><trkpt lat="46.092527" lon="7.2286"><ele>1482.8</ele><time>2026-03-13T16:51:07Z</time></trkpt><trkpt lat="46.092532" lon="7.228572"><ele>1482.8</ele><time>2026-03-13T16:51:11Z</time></trkpt><trkpt lat="46.092527" lon="7.22855"><ele>1479.8</ele><time>2026-03-13T16:51:59Z</time></trkpt><trkpt lat="46.092542" lon="7.228567"><ele>1479.4</ele><time>2026-03-13T16:52:16Z</time></trkpt><trkpt lat="46.09255" lon="7.228597"><ele>1479.4</ele><time>2026-03-13T16:52:31Z</time></trkpt><trkpt lat="46.092562" lon="7.228637"><ele>1479.4</ele><time>2026-03-13T16:52:33Z</time></trkpt><trkpt lat="46.092572" lon="7.228675"><ele>1479.4</ele><time>2026-03-13T16:52:34Z</time></trkpt><trkpt lat="46.092582" lon="7.228707"><ele>1479.4</ele><time>2026-03-13T16:52:35Z</time></trkpt><trkpt lat="46.092595" lon="7.228745"><ele>1479.2</ele><time>2026-03-13T16:52:37Z</time></trkpt><trkpt lat="46.092592" lon="7.228775"><ele>1479.2</ele><time>2026-03-13T16:52:40Z</time></trkpt><trkpt lat="46.092615" lon="7.22879"><ele>1479.2</ele><time>2026-03-13T16:52:59Z</time></trkpt><trkpt lat="46.092625" lon="7.228815"><ele>1479.0</ele><time>2026-03-13T16:53:02Z</time></trkpt><trkpt lat="46.092622" lon="7.228847"><ele>1479.2</ele><time>2026-03-13T16:53:04Z</time></trkpt><trkpt lat="46.092602" lon="7.228862"><ele>1479.0</ele><time>2026-03-13T16:53:24Z</time></trkpt><trkpt lat="46.092585" lon="7.228875"><ele>1479.0</ele><time>2026-03-13T16:53:26Z</time></trkpt><trkpt lat="46.092572" lon="7.228895"><ele>1479.0</ele><time>2026-03-13T16:53:28Z</time></trkpt><trkpt lat="46.092557" lon="7.228917"><ele>1478.8</ele><time>2026-03-13T16:53:32Z</time></trkpt><trkpt lat="46.09257" lon="7.228937"><ele>1478.6</ele><time>2026-03-13T16:53:48Z</time></trkpt><trkpt lat="46.09255" lon="7.228962"><ele>1478.8</ele><time>2026-03-13T16:53:51Z</time></trkpt><trkpt lat="46.092522" lon="7.228992"><ele>1478.6</ele><time>2026-03-13T16:53:53Z</time></trkpt><trkpt lat="46.092502" lon="7.229002"><ele>1478.6</ele><time>2026-03-13T16:53:54Z</time></trkpt><trkpt lat="46.092482" lon="7.229008"><ele>1478.6</ele><time>2026-03-13T16:53:55Z</time></trkpt><trkpt lat="46.09245" lon="7.22902"><ele>1478.6</ele><time>2026-03-13T16:53:57Z</time></trkpt><trkpt lat="46.092427" lon="7.229027"><ele>1478.8</ele><time>2026-03-13T16:54:02Z</time></trkpt><trkpt lat="46.092407" lon="7.229035"><ele>1478.6</ele><time>2026-03-13T16:54:08Z</time></trkpt><trkpt lat="46.092437" lon="7.229035"><ele>1478.2</ele><time>2026-03-13T16:55:28Z</time></trkpt><trkpt lat="46.09247" lon="7.22904"><ele>1478.2</ele><time>2026-03-13T16:55:29Z</time></trkpt><trkpt lat="46.0925" lon="7.229042"><ele>1478.2</ele><time>2026-03-13T16:55:30Z</time></trkpt><trkpt lat="46.092522" lon="7.229047"><ele>1478.2</ele><time>2026-03-13T16:55:31Z</time></trkpt><trkpt lat="46.092542" lon="7.229057"><ele>1478.0</ele><time>2026-03-13T16:55:33Z</time></trkpt><trkpt lat="46.092555" lon="7.22908"><ele>1478.2</ele><time>2026-03-13T16:55:36Z</time></trkpt><trkpt lat="46.092572" lon="7.229107"><ele>1477.8</ele><time>2026-03-13T16:55:51Z</time></trkpt><trkpt lat="46.092582" lon="7.22913"><ele>1477.8</ele><time>2026-03-13T16:55:53Z</time></trkpt><trkpt lat="46.092592" lon="7.229157"><ele>1477.8</ele><time>2026-03-13T16:55:58Z</time></trkpt><trkpt lat="46.092597" lon="7.229185"><ele>1477.8</ele><time>2026-03-13T16:56:07Z</time></trkpt><trkpt lat="46.092597" lon="7.229217"><ele>1477.8</ele><time>2026-03-13T16:56:10Z</time></trkpt><trkpt lat="46.092612" lon="7.229237"><ele>1478.0</ele><time>2026-03-13T16:56:14Z</time></trkpt><trkpt lat="46.092637" lon="7.229252"><ele>1477.8</ele><time>2026-03-13T16:56:30Z</time></trkpt><trkpt lat="46.092667" lon="7.22926"><ele>1477.8</ele><time>2026-03-13T16:56:32Z</time></trkpt><trkpt lat="46.092695" lon="7.229265"><ele>1477.8</ele><time>2026-03-13T16:56:34Z</time></trkpt><trkpt lat="46.09271" lon="7.229287"><ele>1477.8</ele><time>2026-03-13T16:56:38Z</time></trkpt><trkpt lat="46.092705" lon="7.229315"><ele>1477.4</ele><time>2026-03-13T16:56:51Z</time></trkpt><trkpt lat="46.0927" lon="7.229345"><ele>1477.4</ele><time>2026-03-13T16:56:54Z</time></trkpt><trkpt lat="46.092712" lon="7.22938"><ele>1477.2</ele><time>2026-03-13T16:57:00Z</time></trkpt><trkpt lat="46.092725" lon="7.22942"><ele>1476.6</ele><time>2026-03-13T16:57:14Z</time></trkpt><trkpt lat="46.092732" lon="7.229457"><ele>1476.6</ele><time>2026-03-13T16:57:16Z</time></trkpt><trkpt lat="46.09275" lon="7.229465"><ele>1476.6</ele><time>2026-03-13T16:57:20Z</time></trkpt><trkpt lat="46.092772" lon="7.229467"><ele>1476.6</ele><time>2026-03-13T16:57:22Z</time></trkpt><trkpt lat="46.092792" lon="7.229472"><ele>1476.6</ele><time>2026-03-13T16:57:24Z</time></trkpt><trkpt lat="46.092787" lon="7.229502"><ele>1476.4</ele><time>2026-03-13T16:57:34Z</time></trkpt><trkpt lat="46.092785" lon="7.229537"><ele>1476.2</ele><time>2026-03-13T16:57:47Z</time></trkpt><trkpt lat="46.092777" lon="7.229585"><ele>1476.2</ele><time>2026-03-13T16:57:49Z</time></trkpt><trkpt lat="46.092777" lon="7.22962"><ele>1476.2</ele><time>2026-03-13T16:57:51Z</time></trkpt><trkpt lat="46.092785" lon="7.229643"><ele>1476.0</ele><time>2026-03-13T16:58:02Z</time></trkpt><trkpt lat="46.092802" lon="7.229643"><ele>1476.2</ele><time>2026-03-13T16:58:05Z</time></trkpt><trkpt lat="46.09283" lon="7.22964"><ele>1476.0</ele><time>2026-03-13T16:58:07Z</time></trkpt><trkpt lat="46.092847" lon="7.22965"><ele>1476.2</ele><time>2026-03-13T16:58:17Z</time></trkpt><trkpt lat="46.092835" lon="7.229687"><ele>1476.4</ele><time>2026-03-13T16:58:24Z</time></trkpt><trkpt lat="46.092815" lon="7.229707"><ele>1476.4</ele><time>2026-03-13T16:58:26Z</time></trkpt><trkpt lat="46.092805" lon="7.229735"><ele>1476.4</ele><time>2026-03-13T16:58:29Z</time></trkpt><trkpt lat="46.092822" lon="7.229752"><ele>1476.4</ele><time>2026-03-13T16:58:34Z</time></trkpt><trkpt lat="46.092837" lon="7.22977"><ele>1476.4</ele><time>2026-03-13T16:58:36Z</time></trkpt><trkpt lat="46.09286" lon="7.229755"><ele>1476.4</ele><time>2026-03-13T16:58:39Z</time></trkpt><trkpt lat="46.09285" lon="7.229792"><ele>1476.4</ele><time>2026-03-13T16:58:54Z</time></trkpt><trkpt lat="46.092845" lon="7.229817"><ele>1476.4</ele><time>2026-03-13T16:58:56Z</time></trkpt><trkpt lat="46.09285" lon="7.229847"><ele>1476.4</ele><time>2026-03-13T16:58:59Z</time></trkpt><trkpt lat="46.092862" lon="7.229897"><ele>1476.4</ele><time>2026-03-13T16:59:12Z</time></trkpt><trkpt lat="46.092867" lon="7.22995"><ele>1476.4</ele><time>2026-03-13T16:59:14Z</time></trkpt><trkpt lat="46.092868" lon="7.229997"><ele>1476.4</ele><time>2026-03-13T16:59:16Z</time></trkpt><trkpt lat="46.092868" lon="7.230037"><ele>1476.4</ele><time>2026-03-13T16:59:18Z</time></trkpt><trkpt lat="46.09288" lon="7.230065"><ele>1476.4</ele><time>2026-03-13T16:59:20Z</time></trkpt><trkpt lat="46.092887" lon="7.230092"><ele>1476.4</ele><time>2026-03-13T16:59:23Z</time></trkpt><trkpt lat="46.092895" lon="7.230117"><ele>1476.4</ele><time>2026-03-13T16:59:29Z</time></trkpt><trkpt lat="46.092907" lon="7.23014"><ele>1476.6</ele><time>2026-03-13T16:59:47Z</time></trkpt><trkpt lat="46.09291" lon="7.23021"><ele>1476.8</ele><time>2026-03-13T17:00:31Z</time></trkpt><trkpt lat="46.092917" lon="7.230242"><ele>1476.8</ele><time>2026-03-13T17:00:33Z</time></trkpt><trkpt lat="46.09293" lon="7.230267"><ele>1477.0</ele><time>2026-03-13T17:00:38Z</time></trkpt><trkpt lat="46.092917" lon="7.230292"><ele>1476.8</ele><time>2026-03-13T17:00:43Z</time></trkpt></trkseg></trk></gpx>